0,ハイキュー!!,Production I.G,2014,"「週刊少年ジャンプ」で絶賛連載中・次世代王道スポーツ漫画、『ハイキュー!!』が早くもTVアニメ化！制作は、あのProduction I.G！想いをのせて仲間とボールを""繋ぐ”、それがバレーボール。少年たちの躍動感あふれる激闘を見逃すな！",https://res.cloudinary.com/hggksoylm/image/upload/v1598157881/Animation/haikyu_mcvgbn.png,は,はいきゅー
0,ハイスクール・フリート,プロダクションアイムズ,2016,今からおよそ100年前、プレートのずれにより、多くの国土を水没によって失った日本。国土保全のため、次々と築かれた水上都市はいつしか海上都市となり、それらを結ぶ航路の増大に伴い、海の安全を守る多くの人員が必要となっていった。それに伴い、女性職業の海上進出化も進み、海の安全を守る職業｢ブルーマーメイド｣が女生徒たちの憧れとなっていった。そんな時代、幼馴染の岬 明乃(みさき あけの)と知名もえか(ちな もえか)は、｢ブルーマーメイドになる｣という同じ目標を持つ仲間たちとともに、横須賀の海洋高校に入学する。,https://res.cloudinary.com/hggksoylm/image/upload/v1598157887/Animation/highschoolfleet_lli6sn.png,は,はいすくーるふりーと
0,灰と幻想のグリムガル,A-1 Pictures,2016,目が覚めると、ハルヒロは暗闇の中にいた。ここがどこなのか、なぜここにいるのか、そしてどこから来たのかもわからないまま。周りには自分と同じ境遇らしき数名の男女。彼らとともに暗闇から踏み出した先には見たことのない世界、｢グリムガル｣が広がっていた……。記憶も、お金も、特別な力も何もない――僕たちが手に入れた現実。,https://res.cloudinary.com/hggksoylm/image/upload/v1598157883/Animation/haitogensounogurimgaru_pac61z.png,は,はいとげんそうのぐりむがる
0,這いよれ！ニャル子さん,XEBEC,2012,銀髪の美少女が意味不明なキャッチフレーズとともに現れた！ クトゥルー神話の邪神｢這いよる混沌｣ニャルラトホテプ、略してニャル子。八坂真尋やニャル子を狙って、次々と地球にやってくる邪神たち。迎え撃つニャル子の宇宙CQC。宇宙規模で繰り広げられる事件の真相とは？ 真尋は平和に暮らすことができるのか！？,https://res.cloudinary.com/hggksoylm/image/upload/v1598157884/Animation/haiyorenyarukosan_dngraq.png,は,はいよれにゃるこさん
0,博多豚骨ラーメンズ,サテライト,2018,福岡は一見平和な町だが、裏では犯罪が蔓延っている。今や殺し屋業の激戦区で、殺し屋専門の殺し屋がいるという都市伝説まであった。殺し屋、探偵、復讐屋、情報屋、拷問師etc――、裏稼業の男たちの物語が紡がれる時、『殺し屋殺し』は現れる――。第20回電撃小説大賞《大賞》受賞作！,https://res.cloudinary.com/hggksoylm/image/upload/v1598157885/Animation/hakatatonkoturamens_fk3qbd.png,は,はかたとんこつらーめんず
0,鋼の錬金術師,ボンズ,2003,エドワードとその弟アルフォンスは、幼き日に亡くした母親を思うあまり、死んだ人間を蘇らせるという錬金術最大の禁忌、人体錬成を行ってしまう。しかし錬成は失敗し、エドワードは左足を、アルフォンスは体全てを失う。己の右腕と引き換えに、かろうじて弟の魂を錬成し、鎧に定着させることに成功したが、その代償はあまりにも大きすぎるものであった。エドワードはアルフォンスと共に、失った全てを取り戻すため、絶大な力をもつ｢賢者の石｣を探す旅に出る。右腕と左足を鋼の義肢｢機械鎧(オートメイル)｣に変えた彼を、人は｢鋼の錬金術師｣と呼ぶ・・・。,https://res.cloudinary.com/hggksoylm/image/upload/v1598157882/Animation/haganenorenkinjutusi_s9uiax.png,は,はがねのれんきんじゅつし
0,鋼の錬金術師 FULLMETAL ALCHEMIST,ボンズ,2011,錬金術、それは｢等価交換｣の原則のもと、物質を理解、分解、そして再構築する、この世界で最先端の科学である。この錬金術において、最大の“禁忌”とされるもの｢人体錬成｣。亡き母親を想うがゆえ、禁忌を侵し、全てを失った幼き兄弟。機械鎧(オートメイル)をまとい、｢鋼の錬金術師｣の名を背負った兄、エドワード・エルリック。巨大な鎧に魂を定着された弟、アルフォンス・エルリック。二人は失ったものを取り戻すため、｢賢者の石｣を探す旅に出る。兄弟は｢賢者の石｣の真実に近づくにつれ、大きな陰謀の渦中へと突き進んでいく。暗躍する人ならざる者たちの存在。徐々にその本性をむき出しにする軍事国家アメストリス。虐げられた民の果て無き憎しみと復讐の念。錬金術がもたらす幾多の悲劇。点在する悲劇は、やがて線になり、人を、民を、そして国すらをも巻き込んでいく。兄弟は絶望と希望の狭間の中、それでも前に進む--。,https://res.cloudinary.com/hggksoylm/image/upload/v1598157882/Animation/haganenorenkinjtusi2_rt8ujr.png,は,はがねのれんきんじゅつしふるめたるあるけみすと
0,はじめの一歩, マッドハウス,2000,主人公・幕之内一歩は、母親と二人暮らしの高校生。小さい頃から実家の経営する釣り舟屋を手伝う、健気な孝行息子である。やさしい性格だがいじめられやすく、帰宅途中はいつもいじめに合う。しかし、ある日偶然通りがかったプロボクサー・鷹村 守に助けられ、ボクシングの魅力にとりつかれてしまう。日ごろ、｢もっと強くなりたい｣と願っていた一歩は、ひたすらに努力を重ね、プロボクサーになってゆく。,https://res.cloudinary.com/hggksoylm/image/upload/v1598157887/Animation/hazimenoippo_jtef5g.png,は,はじめのいっぽ
0,はじめの一歩 New Challenger,マッドハウス,2009,いじめられっ子だった幕之内一歩は、プロボクサー鷹村と出合いボクシングを始める。鴨川ジムに入門した一歩は鴨川会長の厳しい指導の下、日本チャンピオンにまで登りつめる。防衛第1戦で天才ボクサー真田を破った一歩の次の相手は、かつて鴨川ジムで一緒に汗を流した弟分、山田直道だった。昔の面影も無く高らかにベルト奪取宣言をする直道。一歩の気持ちは揺れる・・・,https://res.cloudinary.com/hggksoylm/image/upload/v1598157887/Animation/hazimenoipponewchallenger_npvezp.png,は,はじめのいっぽにゅーちゃれんじゃー
0,はじめの一歩 Rising,マッドハウス MAPPA,2013,原作は『週刊少年マガジン』で大人気連載中の同名漫画、総発行部数累計9400万部(2013年7月現在)を超えるウルトラメガヒット作！！ これまで2シリーズに渡りアニメ化され大好評を博したシリーズの第3期！迫力あるボクシングシーンだけでなく、主人公・幕之内一歩を中心に、対戦相手や脇を固める個性溢れるキャラクター達が織り成す人間ドラマは今回も必見。いじめられっ子だった一歩は、ボクシングとの出会いをきっかけに本当の｢強さ｣について考え始める。優しくも厳しい鴨川会長の練習に耐え、次々と立ちはだかる強敵を打ち倒していく一歩。必殺のデンプシーロールを身につけ、ついに日本チャンピオンにまで上り詰める。だが、チャンピオンになった今も答えのでない｢強さ｣の意味…待望の新シリーズ｢Rising｣！！！,https://res.cloudinary.com/hggksoylm/image/upload/v1598157887/Animation/hazimenoipporising_cicft5.png,は,はじめのいっぽらいじんぐ
0,はたらく細胞,david production,2018,人の細胞の数、およそ37兆個（新説）。細胞たちは体という世界の中、今日も元気に、休むことなく働いている。酸素を運ぶ赤血球、細菌と戦う白血球……そこには、知られざる細胞たちのドラマがあった。擬人化モノの新定番、大人気コミック「はたらく細胞」が待望のテレビアニメ化！誰もが共感できる、体内細胞擬人化ストーリー！,https://res.cloudinary.com/hggksoylm/image/upload/v1598157886/Animation/hatarakusaibou_pubm53.png,は,はたらくさいぼう
0,はたらく魔王さま！,WHITE FOX,2013,｢はたらく魔王さま！｣は、勇者に敗れ、異世界エンテ・イスラから現代日本の東京にやってきた魔王サタンが、日本経済の荒波にもまれながらフリーターとして働く庶民派ファンタジー。魔王を追って日本にやってきた勇者エミリアもまた、テレアポとして生計を立てている。魔王と勇者でありながら、額に汗して働く二人が東京で再会することになり――？,https://res.cloudinary.com/hggksoylm/image/upload/v1598157886/Animation/hatarakumaousama_p47chf.png,は,はたらくまおうさま
0,ハッピーシュガーライフ,Ezo’la,2018,誰も愛したことがなかった少女・松坂さとう。そんなさとうが初めて愛した少女・神戸しお。寄り添う二人の少女、甘く幸せな生活。それを脅かすものを――松坂さとうは許さない。愛のためなら脅迫も監禁も殺人さえも。甘くて痛い、真実の純愛サイコホラー。,https://res.cloudinary.com/hggksoylm/image/upload/v1598157886/Animation/happysugerlife_ktdgym.png,は,はっぴーしゅがーらいふ
0,母をたずねて三千里,日本アニメーション,1976,マルコのお母さんは、貧しい人たちの病院を経営するお父さんを経済的に助けようと、イタリアからアルゼンチンへと出稼ぎに行きました。一年後、病気になったという手紙が来てから連絡が途絶えてしまったので、マルコはお父さんを説得して一人でアルゼンチンまで旅にでます。ペッピーノ一座や旅先で知り合った人に助けられながら、マルコは多くの苦難を乗り越えていきます…。,https://res.cloudinary.com/hggksoylm/image/upload/v1598157881/Animation/hahawotazunetesanzenri_gjxcgh.png,は,ははをたずねてさんぜんり
0,はねバド！, ライデンフィルム,2018,少女たちが飛んで、跳ねて、駆ける――インターハイを目指す、県立北小町高校バドミントン部の軌跡を描いた、マンガ「はねバド！」（濱田浩輔／講談社『good!アフタヌーン』連載）が待望のアニメ化！！運動神経抜群だが、なぜかバドミントンを避ける1年生[羽咲綾乃]。日本一を目指し日夜練習に明け暮れる3年生の[荒垣なぎさ]。部を支える仲間やコーチ、そして個性溢れるライバルたち。超高速で舞う羽根（シャトル）に想いを乗せて、青春バドミントンストーリー開幕！！,https://res.cloudinary.com/hggksoylm/image/upload/v1598157885/Animation/hanebado_i5wltp.png,は,はねばど
0,叛逆性ミリオンアーサー, J.C.STAFF,2018,聖剣『エクスカリバー』。ブリテンの統治を目指し、王を見定めるべく用意された選定の剣。それを抜いた者は『アーサー』と呼ばれ、強大な力を手にした。だが、エクスカリバーを引き抜いたのは一人ではなかった。力が大量に生み出されたことにより、伝説が氾濫、歴史の歪みへと繋がってしまう。歴史を正しく導くため、団長・鉄拳・山猫・閣下・錬金・流浪と呼ばれる六人のアーサーは、過去の地『ブリテン』へと降り立つ。彼らの使命は、歴史を歪めるエクスカリバーを全て叩き折ること。その数、およそ１００万。これは、過去への叛逆。そして、未来（いま）を守る戦いである――。,https://res.cloudinary.com/hggksoylm/image/upload/v1598157885/Animation/hangyakuseimilionasa_nyfkad.png,は,はんぎゃくせいみりおんあーさー
1,HELLO WORLD,伊藤智彦,2019,京都に暮らす内気な男子高校生・直実の前に、10年後の未来から来た自分を名乗る青年・ナオミが突然現れる。ナオミによれば、同級生の瑠璃は直実と結ばれるが、その後事故によって命を落としてしまうと言う。「頼む、力を貸してくれ。」彼女を救う為、大人になった自分自身を「先生」と呼ぶ、奇妙なバディが誕生する。しかしその中で直実は、瑠璃に迫る運命、ナオミの真の目的、そしてこの現実世界に隠された大いなる秘密を知ることになる。,https://res.cloudinary.com/hggksoylm/image/upload/v1598158466/Animation/helloworld_lw9kiq.png,は,はろーわーるど
0,はんだくん,ディオメディア,2016,書道の大家の息子にして、自らもその道で活躍する高校生書道家・半田 清。学校ではその近づきがたい佇まいから孤高のカリスマとして一目置かれているのだが、本人はそれを｢嫌われている｣と思い込んでいた・・・。,https://res.cloudinary.com/hggksoylm/image/upload/v1598157885/Animation/handakun_mx1njf.png,は,はんだくん
0,ばくおん!!,トムス・エンタテインメント,2016,女子高生の佐倉羽音は、登校途中の坂道にへこたれたことがきっかけで、バイクに興味を持ち始める。すでにバイクに乗っている同級生の天野恩紗とともにバイク部に入部することになった羽音は、個性的で楽しい仲間達に支えられながら、無事に二輪免許を取得。愛車のオートバイも購入し、ついに念願のオートバイ・ライフをスタート♪実際にオートバイに乗りはじめてみると毎日が驚きと発見の連続で…!?,https://res.cloudinary.com/hggksoylm/image/upload/v1598157881/Animation/bakuon_v1bt2k.png,ば,ばくおん
0,バクマン。,J.C.STAFF,2010,「俺と一緒にマンガを描かないか？」 尊敬していたマンガ家の叔父が不遇のうちに急死して以来、漫然と日々を過ごしていた中学生・真城最高。ある日、クラスメイトの高木秋人からそう声をかけられる。初めは断わった最高だが、あこがれの美少女・亜豆美保が声優を目指していると知り、突然「自分のマンガをアニメ化して、亜豆を主演させる」ことを人生の目標に定め、その夢の実現を条件に亜豆に結婚を申し込んでしまう…。2人の少年が、マンガの創作、編集部への持ち込み、そして雑誌連載と、熱い夢を熱い思いで一歩ずつ現実にしていく、青春完全燃焼ストーリー！,https://res.cloudinary.com/hggksoylm/image/upload/v1598157881/Animation/bakuman_s7avtj.png,ば,ばくまん
0,化物語,シャフト,2009,高校3年のある日、階段から落ちてきた少女・戦場ヶ原ひたぎを助けた、阿良々木暦。その接触をきっかけに、戦場ヶ原の抱える秘密を知った阿良々木は、問題解決の為に協力を申し出る。実は彼も、戦場ヶ原同様、人に言えない大きな秘密を隠していたのだった―――。,https://res.cloudinary.com/hggksoylm/image/upload/v1598157881/Animation/bakemonogatari_thandh.png,ば,ばけものがたり
1,バケモノの子,細田 守,2015,この世界には人間の世界とは別に、もうひとつ「バケモノ」たちが住む世界がある。渋谷の街と平行しているバケモノの世界【渋天街＜じゅうてんがい＞】だ。ある日、バケモノ・熊徹に出会った少年・蓮は強さを求め、バケモノの世界へ行くことを決意した。少年は熊徹の弟子となり、九太という新しい名前を授けられる。当初はことあるごとにぶつかり合う2人だったが、いつしか本当の親子のような絆が芽生え始める。少年が逞しい青年となったある日。偶然にも渋天街から渋谷へ戻った九太は、高校生の少女・楓と出会う。新しい世界や価値観を教えてくれる楓との出会いによって、九太は自身が本当に生きるべき世界を模索し始める。そんな時、渋谷と渋天街の2つの世界が危機に陥る。,https://res.cloudinary.com/hggksoylm/image/upload/v1598158465/Animation/bakemononoko_o1yprw.png,ば,ばけもののこ
0,バッカーノ！,ブレインズ・ベース,2007,1711年、大西洋上。故郷を離れ、新天地を目指す錬金術師たちが悪魔から得たもの・・・・・・それは“不死の酒”だった。その酒を飲み、不死者となった者たちには、お互いが右手で“喰い合う”ことができるという奇妙なオマケがついていた。1930年代のニューヨーク。その裏社会に生きる様々な人々、マルティージョファミリーの少年フィーロと幹部のマイザー、ちょっと間の抜けた泥棒カップルのアイザック&ミリア、マフィアのガンドール三兄弟、不良少年のダラスと妹のイブ、齢200歳を越える錬金術師のセラードと助手のエニスは、それぞれの思惑を持って、互いに関わりのない生活を続けていた。だがセラードが不死の酒を蘇らせた事により、彼らの運命は複雑に交錯していく―。そして、そのニューヨークを目指すのは、シカゴ発大陸横断鉄道フライング・プッシーフット号。偶然乗り合わせた、革命テロリスト｢レムレース｣のグース&シャーネ、ジャグジー&ニース率いる不良集団、殺人鬼のラッドと婚約者のルーア、ベリアム上院議員婦人と娘のメリー、不死の少年、謎の車掌に情報屋 etc ・・・・・・しかしこの汽車に乗っているのは、｢人間｣だけではなかった！？伝説の存在であったレイルトレーサー(線路の影をなぞる者:後方の車両から乗客を次々と消し去っていくという伝説の幽霊)まで出現する！？,https://res.cloudinary.com/hggksoylm/image/upload/v1598157881/Animation/baccano_hs4x39.png,ば,ばっかーの
0,バッテリー,ゼロジー,2016,「原田巧」はピッチャーとして抜群の野球センスをもつ少年。中学入学を期に移り住んだ山あいの街、新田市で、巧は自分の全力投球を受け止められるキャッチャー、「永倉豪」と出会う。新田東中学校の野球部に入部した二人は、部員同士の軋轢や、教師たち大人の事情に翻弄され、時には互いに衝突しながら、ピッチャーとキャッチャー、二人一組の｢バッテリー｣として成長していく。,https://res.cloudinary.com/hggksoylm/image/upload/v1598157882/Animation/battery_ipjc3t.png,ば,ばってりー
0,ばらかもん,キネマシトラス,2014,書道界の重鎮を殴った罰として、日本西端の島で一人暮らしを始めることになった若きイケメン書道家・半田清舟。都会育ちで神経質な｢半田先生｣の前に現れるのは、自由奔放で個性豊かな島民ばかりで……!?慣れない田舎暮らしの洗礼を受けながら、書道家として人として少しずつ成長していく青年のハートフル日常島コメディ!!,https://res.cloudinary.com/hggksoylm/image/upload/v1598157882/Animation/barakamon_hm6lrp.png,ば,ばらかもん
0,BanG Dream!,ISSEN × XEBEC,2017,桜舞う出会いの季節。明るさ元気さ前向きさだけは空回るほどあるごく｢普通｣の少女・戸山香澄は、花咲川女子学園に入学する。キラキラしたい。ドキドキしたい。そういう｢何か｣を見つけたい！形にならない想いにつき動かされながら、いろいろな部活を体験したり、新しい友達たちとの生活を楽しむ香澄。そんなある日、学校からの帰路で香澄が目にしたのは、低い位置にひっそりと貼られた不思議な星のシールだった。よく見るとあちこちに貼られた星たちに導かれるままに香澄が進んでいくと、やがて古びた質屋｢流星堂｣に辿り着く。そこで待っていたのは、素直じゃない、ちょっと尊大で毒舌家の少女と……一本の星型の、不思議な形をしたギターとの出会いだった。学年一の成績を誇る秀才でありながら、学校もサボりがちなインドア派。でも誰かとつながりたい気持ちをどこかに隠している蔵の少女、市ヶ谷有咲。ステージで輝く姉・ゆりに憧れながら、引っ込み思案で積極的になれない自分を変えたいと願う少女、牛込りみ。ライブハウスでアルバイトをしながらギターに打ち込む姿はストイックにも映るが、実は天然で自分のテンポを持っているだけの少女、花園たえ。そして香澄と一番に友達になった、優しく友達思いで親孝行で……でも心に消えない何かを抱えている少女、山吹沙綾。｢ガールズバンドがやりたい！｣｢いつか、あのステージに立ちたい！｣そんな無邪気な夢にまっすぐ全力で突き進む香澄の熱は、一緒にいる少女たちのことも少しずつ変えていき・・・。彼女たちと、それを取り巻く人々との出会いは、少しずつ香澄自身の夢に形を与えていくのだった。,https://res.cloudinary.com/hggksoylm/image/upload/v1598157882/Animation/bangdream_caf1or.png,ば,ばんぐどりーむ
0,BanG Dream! 2nd Season,サンジゲン,2019,高校2年生になった香澄たちPoppin'Partyは、生徒会や家の手伝い、塾やバイトで大忙し。5人で一緒に居られる時間が少なくなり、拠点である蔵にもなかなか集まれない。そんな彼女たちのもとへ、1人の少女が現れて――。新たな出会い。変わらぬキズナ。Afterglow、Pastel＊Palettes、Roselia、ハロー、ハッピーワールド！も登場し、個性豊かなバンドメンバー達がキラキラドキドキなステージを魅せる！「また、みんなでライブしたい」音楽(ユメ)が今、走りだす！,https://res.cloudinary.com/hggksoylm/image/upload/v1598157882/Animation/bangdream2_blbvjr.png,ば,ばんぐどりーむせかんどしーずん
0,ぱすてるメモリーズ,project Ｎo.9,2018,私たちの使命は、作品世界を壊そうとするウイルス退治すること！この世界を守るために、私たちが頑張る！オタク文化の聖地と言われたアキハバラも今ではオフィス街となり、アニメや漫画の記憶も忘れていって、専門ショップも閉店していき数少なくなってしまった。作品世界を支えているのは、人々の心にある作品の『思い出』。でもウイルスに作品世界を破壊されると、みんなの記憶や思い出からその作品が消えてしまう。私たちが戦うのは、みんなが好きな作品との『大切な思い出』を守るため！アキハバラの片隅にある、小さなお店「うさぎ小屋本舗」で働く12人の女の子の物語。ウイルスを倒してアキハバラを元の楽しい街に戻すため、私たちは頑張っています！,https://res.cloudinary.com/hggksoylm/image/upload/v1598157888/Animation/pastelmemories_zltmea.png,ぱ,ぱすてるめもりーず
0,花咲くいろは,P.A.WORKS,2011,突然の夜逃げ、突然の告白、そして突然の別れ――。今までとは違う自分になりたかったという夢は、急に現実となりました。私、松前緒花の平凡な日常は1日にしてドラマチックな展開を迎えたのです。通い慣れた、それでいてあまり愛着のない街を出て、話したことや会ったこともない祖母の元で暮らすのです。大正浪漫あふれる温泉旅館・喜翆荘(きっすいそう)。そこで出会う人たち。花の芽が地上に出て新たな世界を知るように、私も、今までとはまったく違う、新しい生活を始めます。それは辛いことかもしれません。でも、めげても、くじけても、泣きじゃくっても明日は来るんです。だからこそ私は頑張りたいんです、そして輝きたいんです。太陽に導かれるよう咲く花のようにいつか大輪の花を咲かせられるように……。,https://res.cloudinary.com/hggksoylm/image/upload/v1598158466/Animation/hanasakuiroha_umf00z.png,は,はなさくいろは
0,ヒカルの碁, ぴえろ,2001,小学生のヒカルはある日、古い碁盤に宿る平安時代の天才棋士・藤原佐為の霊と出会う。それまで囲碁に全く興味のなかったヒカルだが、しだいにその魅力に惹かれてゆく。,https://res.cloudinary.com/hggksoylm/image/upload/v1598175739/Animation/hikarunogo_wji1gb.png,ひ,ひかるのご
0,東のエデン,プロダクションIG,2009,2010年11月22日（月）。日本各地に10発のミサイルが落ちた。ひとりの犠牲者も出さなかった奇妙なテロ事件を、人々は「迂闊な月曜日」と呼び、すぐに忘れてしまった。それから３ヶ月。卒業旅行でアメリカに出かけた森美 咲（もりみ・さき）は、ホワイトハウスの前でトラブルに巻き込まれ、ひとりの日本人に窮地を救われる。滝沢 朗（たきざわ・あきら）。彼は記憶を失っており、一糸まとわぬ全裸の姿で、拳銃と、82億円もの電子マネーがチャージされた携帯電話を握りしめていた……。滝沢 朗とは何者なのか？謎の携帯電話の正体は？失われた、滝沢の記憶とは何だったのか？,https://res.cloudinary.com/hggksoylm/image/upload/v1598175739/Animation/higasinoeden_mbq5wd.png,ひ,ひがしのえでん
0,ひぐらしのなく頃に,スタジオディーン,2006,昭和58年夏。昼にはセミの、夕暮れにはひぐらしの合唱が暑さの訪れの早い今年の6月を歓迎するかのように、雛見沢に木霊していた。都会から遠く離れた山奥にある寒村、雛見沢。人口2千に満たないこの村に、最近都会から引っ越してきた前原圭一。明るくて話上手な圭一は、学校でもすぐに周りのクラスメートと仲良くなった。一番の仲良しで世話好きなレナ、リーダー格で委員長の魅音、トラップの達人で下級生の沙都子、古手神社の娘であり、不思議な雰囲気の持ち主の梨花・・・仲間との他愛のない日常を過ごしていた。それは、永遠に続くかに思えた。毎年6月に行われる祭、｢綿流し｣。そう、その日も楽しい一日になるはずだった。雛見沢にまつわる、ひとつの謎を知るまでは・・・。祭りの日に、繰り返される惨劇。毎年、一人が死に、一人が行方不明になるという、数年前から始まる連続怪死事件。事件の真相は？犯人は?圭一は、好奇心から村の闇へと足を踏み入れてしまう。その日を境に、圭一の周りが少しづつ、だが、確実に変わりはじめる。そう、すべてが・・・ひぐらしのなく声だけが変わらず、雛見沢に、少し、早めの夏を告げていた。,https://res.cloudinary.com/hggksoylm/image/upload/v1598175739/Animation/higurasinonakukoroni_iqifou.png,ひ,ひぐらしのなくころに
0,ひぐらしのなく頃に解,スタジオディーン,2007,昭和58年初夏。都会から遠く離れた山奥の寒村、雛見沢。昼にはセミの、夕暮れにはひぐらしの合唱が木霊していた。圭一、レナ、魅音、沙都子、梨花、詩音 今日も｢部活メンバー｣の明るく、賑やかな声が雛見沢に響いていた。そんな中、梨花は時折悲しげな表情を見せていた。それは毎年6月に行われる祭｢綿流し｣が近づいていたからであった。過去4年続く、祭りの日に、繰り返される惨劇。毎年、一人が死に、一人が行方不明になるという｢雛見沢連続怪死事件｣。今年も惨劇は起こる。梨花は全てを知っていた。ハジマリも、オワリも・・・。繰り返される惨劇の連鎖は断ち切れるのか？,https://res.cloudinary.com/hggksoylm/image/upload/v1598175740/Animation/higurasinonakukoroni2_iocwvf.png,ひ,ひぐらしのなくころにかい
0,緋弾のアリア,J.C.STAFF,2011,凶悪化する犯罪に対抗するため、武力で問題の解決にあたる探偵、通称「武偵」。遠山キンジは、武偵の育成施設である武偵高校の生徒だったが、とある事件が元で、武偵高をやめて一般の学校に移るつもりでいた。そんなある日、なぜかキンジは登校中に爆弾魔に命をねらわれてしまう。だが追い詰められたキンジの前に、突然空から美少女が舞い降りてきた。彼女の名は神崎・Ｈ・アリア。小柄で可憐な外見からは想像のつかないような優秀な凄腕武偵で……狂暴で攻撃的な女の子だった。この出会いが、キンジとアリア、２人の今後を大きく変えていく。,https://res.cloudinary.com/hggksoylm/image/upload/v1598175740/Animation/hidannoaria_boqyqf.png,ひ,ひだんのありあ
0,ひとりぼっちの○○生活,C2C,2019,極度の人見知り少女、一里ぼっち。小学校時代の友人は、ひとりだけ。そのたったひとりの幼なじみと、卒業を機に離ればなれになってしまったぼっちは、彼女と約束します。「中学卒業までにクラス全員と友達になる」できなければ……絶交!?でも、自分から人に話しかけられない、ぼっち。緊張すると足がつっちゃう、ぼっち。人の目を見られない、ぼっち。そもそも、友達になる方法がわからない……!!ぼっちが思いつく友達づくりは、ちょっと的外れで、いつも空回り。果たして、ぼっちの友達づくり作戦は成功するのか……？ぼっち少女、“脱ぼっち”がんばります！,https://res.cloudinary.com/hggksoylm/image/upload/v1598175739/Animation/hitoribottinomarumaruseikatu_yvsjqt.png,ひ,ひとりぼっちのまるまるせいかつ
0,ひなこのーと,パッショーネ,2017,桜木ひな子は口下手で人と話すことが苦手な女の子｡人前に出るとかかしのようにかたまってしまう自分を変えるため、憧れの演劇部がある高校への進学をきっかけに田舎から出てきたひな子は、下宿先のひととせ荘へとやってくる｡そこには本と食べることが大好きなくいな、年上だけど小さくて料理上手な真雪、無口でスタイル抜群の大家さんの千秋たちが住んでいて……！？少し変わっているけど、とっても魅力的なひととせ荘の住人たちと元かかし少女が繰り広げる可愛くて楽しい演劇コメディが今、幕を開ける！,https://res.cloudinary.com/hggksoylm/image/upload/v1598175739/Animation/hinakonote_tu63cg.png,ひ,ひなこのーと
0,ヒナまつり,feel.,2018,ヤクザ×サイキック少女のアーバンライフ・コメディー！芦川組を支える若きインテリヤクザ、新田義史は大好きな壺に囲まれ、悠々自適な独身生活を送っていた。ところがある日、謎の物体に入った少女ヒナがやってきたことで生活が一変。念動力が使えるヒナに脅され、同居を余儀なくされてしまったのだ！暴走しがちなヒナは組関係でも学校でもやりたい放題。頭を抱える新田だが、気のいい性格が災いしていつも面倒を見る羽目に。一体、この生活はどうなってしまうのか？お人好しなアウトローと気ままなサイキック少女の危険で賑やかな日常が始まる！,https://res.cloudinary.com/hggksoylm/image/upload/v1598175739/Animation/hinamaturi_cwsxbx.png,ひ,ひなまつり
0,火ノ丸相撲,GONZO,2018,"発気揚々(はっきよい)！夢(よこづな)をかけた漢(おとこ)たちの激闘が始まる――弱小の大太刀高校相撲部に現れた新入生、""小さき""少年・潮 火ノ丸！「デカく」「重く」が絶対の競技に似合わぬ体格の火ノ丸だが、彼には途方もない夢があった。火ノ丸と弱小相撲部が殴り込む頂への道―――ド白熱高校相撲、開幕！！",https://res.cloudinary.com/hggksoylm/image/upload/v1598175739/Animation/hinomaruzumou_ykqngw.png,ひ,ひのまるずもう
0,響け！ユーフォニアム,京都アニメーション,2015,高校１年生の春。中学時代に吹奏楽部だった黄前久美子は、クラスメイトの加藤葉月、川島緑輝とともに吹奏楽部の見学に行く。そこで久美子は、かつての同級生・高坂麗奈の姿を見かける。葉月と緑輝は吹奏楽部への入部を決めたようだったが、まだ踏み切れない久美子。思い出すのは、中学の吹奏楽コンクールでの麗奈との出来事だった。,https://res.cloudinary.com/hggksoylm/image/upload/v1598175740/Animation/hibikeyufonium_r5i01x.png,ひ,ひびけゆーふぉにあむ
0,響け！ユーフォニアム2,京都アニメーション,2016,吹奏楽コンクール京都府大会。そこで見事に金賞を受賞した北宇治高校吹奏楽部は、次なる舞台・強豪ひしめく関西大会に挑む……！,https://res.cloudinary.com/hggksoylm/image/upload/v1598175740/Animation/hibikeufonium2_ajh0e1.png,ひ,ひびけゆーふぉにあむつー
0,干物妹！うまるちゃん,動画工房,2015,容姿端麗、成績優秀、スポーツ万能、誰もが憧れる完璧女子高生の土間うまる。ところが家に帰ると干物な妹“干物妹”(ひもうと)に！？漫画、アニメ、ゲーム、ネット、コーラ、ポテチ……好きなものに囲まれて、過ごす至高のグータラ時間。そんな姿を知っているのは、一緒に暮らすお兄ちゃん・タイヘイだけ。タイヘイに加え、クラスメイトの海老名、きりえ、シルフィンたちと織りなす、うまるの最強で最高な日常(パラダイス)がはじまる…！,https://res.cloudinary.com/hggksoylm/image/upload/v1598175742/Animation/himoutoumarucha_ar9xjn.png,ひ,ひもうとうまるちゃん
0,秘密結社 鷹の爪, 蛙男商会/ディー・エル・イー,2006,心優しい総統率いる、間抜けな悪の秘密結社｢鷹の爪団｣が世界征服を目指して様々な作戦を考えるものの、最後には、非常識で正義の味方とは名ばかりのヒーロー、デラックスファイターに倒されてしまう。そんな日常を愉快に描いた脱力ギャグコメディ。,https://res.cloudinary.com/hggksoylm/image/upload/v1598175743/Animation/himitukessyatakanotume_jxmq8j.png,ひ,ひみつけっしゃたかのつめ
0,BEATLESS,ディオメディア,2018,それは、人間と人智を越えた存在との決別と共存の物語。社会のほとんどをhIEと呼ばれる人型ロボットに任せた世界。17歳の少年・遠藤アラトはある日一体のアンドロイド・レイシアに出会い、オーナー契約を交わす。一見人間とそっくりなそれは、世界を驚かすほどの性能を備えた超高性能AIが生み出した、人智を越えるアンドロイド＜人類未到産物＞５体のひとつだったーー。５つの機体はそれぞれ意味を持ち、互いの性能を求め戦いはじめる。その戦いを傍観することしかできない大人たちと、その存在に近づき新しい関係を試みる少年たち。未来への選択と、人間とモノとの関係の答えを求められる――。進化しすぎた機械と、人間世界を繋ぐのは何か？便利になりすぎた時代で何が大事で何が必要なのか、アラトは人間よりはるかに優れたアンドロイド・レイシアと出会ったことで未来への選択と、人間とモノとの関係の答えを求められる――。,https://res.cloudinary.com/hggksoylm/image/upload/v1598175743/Animation/beatless_gigole.png,び,びーとれす
0,秒速5センチメートル,新海誠,2007,小学校の卒業と同時に離ればなれになった遠野貴樹と篠原明里。二人だけの間に存在していた特別な想いをよそに、時だけが過ぎていった。そんなある日、大雪の降るなかついに貴樹は明里に会いに行く……。貴樹と明里の再会の日を描いた｢桜花抄｣、～彼がいる場所にくると、胸の奥が、すこし、苦しくなる～その後の貴樹を別の人物の視点から描いた｢コスモナウト｣、そして彼らの魂の彷徨を切り取った表題作,https://res.cloudinary.com/hggksoylm/image/upload/v1598175743/Animation/byosokugosentimertoru_pfefqj.png,び,びょうそくごせんちめーとる
0,ピーターパンの冒険,フジテレビ・日本アニメーション,1989,ダーリング家の３人の子供たちがロンドンの自宅で眠っていると、決して大人にならない永遠の子供、ピーターパンが訪ねてきます。目を覚ました子供たちはピーターパンに誘われて、ピーターパンの住むネバーランドへ飛んで行きます。ネバーランドは何でもありの夢と冒険の国。海賊もいれば妖精、人魚もいます。そして、宿敵フック船長や魔女ダークネスとネバーランドの平和をかけた戦いが始まります…。,https://res.cloudinary.com/hggksoylm/image/upload/v1598175743/Animation/peaterpannobouken_jxtimq.png,ぴ,ぴーたーぱんのぼうけん
0,風夏,ディオメディア,2017,両親がアメリカへ行くことになり、姉妹と一緒に暮らすため東京の高校へ転校してきた榛名優。内気で人付き合いが苦手な彼のコミュニケーションは、もっぱらツイッターでのやりとりがメインフィールド。引っ越してきた街を散策していた優は、ツイッターのチェック中に目の前に現れた少女、秋月風夏とぶつかってしまい……。内気で人付き合いが苦手な榛名優と、不思議な魅力を持つ少女、秋月風夏。2人の前に現れる優の幼馴染、氷無小雪。音楽が紡ぎだす新たなラブストーリーが今、始まる―――。,https://res.cloudinary.com/hggksoylm/image/upload/v1598182249/Animation/huuka_rwm4f2.png,ふ,ふうか
0,FAIRY TAIL,A-1 Pictures / サテライト,2009,世界中にたくさんある魔導士ギルド。それは魔導士たちに、いろんな仕事を仲介してくれる所！！なかでも｢妖精の尻尾(フェアリーテイル)｣は何でもやりすぎちゃうお騒がせなギルド。炎を自在に操る滅竜魔導士(ドラゴンスレイヤー)のナツ、ナツの相棒でしゃべって、飛べる猫のハッピー、星霊魔導士のルーシィ、氷の造形魔導士のグレイ、鎧の美人魔導士エルザなど、個性たっぷり、気持ちのいい連中がいっぱい！！楽しいこと、ヤバイ(？)こと、今日もきっと、何かが起こるハズ・・！？,https://res.cloudinary.com/hggksoylm/image/upload/v1598182248/Animation/fairytail_wqvl2a.png,ふ,ふぇありーている
0,Fairy gone フェアリーゴーン,P.A.WORKS,2019,かつて妖精は、“兵器”だった―。この世界には、動物に憑依することで不思議な力を宿す妖精が存在していた。妖精が憑依した動物の臓器を摘出し、人間に移植することで、妖精を分身として出現させ、兵器として扱えるようになる。妖精を戦争の道具として自在に操る兵士たち、彼らは『妖精兵』と呼ばれた。だが、長きにわたる戦争が終結すると、彼らはその役目を果たし、行き場を失ってしまう。あるものは政府に、あるものはマフィアに、あるものはテロリストに、それぞれの生きる道を選択していった。戦争から9年の歳月が経つ。未だ不安定な政治情勢の中、戦争によって受けた傷や過去を持つ犯罪者が現れ、復讐のためテロを起こすようになっていた。主人公の少女マーリヤは、ある事件に関わった事から妖精に関連する事件を捜査・鎮圧する違法妖精取締機関『ドロテア』に入隊することとなる。これは、無秩序な戦後に抗い、それぞれの正義を求め戦う『妖精兵』たちの物語―。,https://res.cloudinary.com/hggksoylm/image/upload/v1598182248/Animation/fairygone_cwxfsr.png,ふ,ふぇありーごーん
0,FAIRY TAIL ファイナルシリーズ,A-1 Pictures,2018,闇ギルド「冥府の門」との激闘、そして育ての親である＜火竜イグニール＞との哀しい別れを経たナツは、更に強くなるべく、相棒のハッピーを連れて修行の旅へ出た。一方、「妖精の尻尾（フェアリーテイル）」のマスター・マカロフは、何の前触れもなく一方的にギルド解散命令を出し、自身も行方をくらましてしまう。それから約１年･･･、ルーシィは記者見習いの仕事をしながら、大陸中に散らばったかつての仲間たちの情報を集めていた。そして年に一度の「大魔闘演武」の取材をしていたある日、ルーシィの前に修行を終えたナツが現れる！魔導士ギルド「妖精の尻尾」の復活を掲げ、想いを一つに、ナツ・ルーシィ・ハッピーによる仲間探しの旅が始まるのだった!!,https://res.cloudinary.com/hggksoylm/image/upload/v1598182248/Animation/fairytailfinal_dgr6xp.png,ふ,ふぇありーているふぁいなるしりーず
0,Fate/stay night,スタジオディーン,2006,街を焼き尽くす大災害で孤児となった士郎は、魔術師・衛宮切嗣に助けられ養子となる。そして十年後、平穏に暮らす士郎はふとしたきっかけから、あらゆる願いを叶えると言われる聖杯を巡る戦い｢聖杯戦争｣に巻き込まれ、魔術師として最強の使い魔(サーヴァント)セイバーと共に戦いに身を投じることとなった。,https://res.cloudinary.com/hggksoylm/image/upload/v1598182259/Animation/fatestaynight_bpkfgf.png,ふ,ふぇいとすていないと
0,Fate/Zero,ufotable,2011,これは始まり(ゼロ)に至る物語―――奇跡を叶える『聖杯』の力を追い求め、七人の 魔術師(マスター)が七人の英霊(サーヴァント)を召喚し、最後の一人になるまで戦いを繰り広げる究極の決闘劇……聖杯戦争。三度(みたび)、決着を先送りにされたその闘争に、今また4度目の火蓋が切って落とされる。それぞれに勝利への悲願を託し、冬木と呼ばれる戦場へと馳せ参じる魔術師たち。だがその中でただ独り、己の戦いに意味を見出せない男がいた。彼の名は――言峰綺礼。運命の導きを解せぬまま、綺礼は迷い、問い続ける。なぜ令呪がこの自分に授けられたのか、と。だが戦いの運命は、やがて綺礼を一人の宿敵と巡り合わせることになる。それが――衛宮切嗣。誰よりも苛烈に、誰よりも容赦なく、奇跡の聖杯を求め欲する男だった。大人気ゲーム『Fate/stay night』では断片的に語られるのみだった、10年前に起こった「第四次聖杯戦争」の真実。士郎の養父が、凛の父が、そして若き日の言峰綺礼が繰り広げた戦いの真相が、いま明らかになる！,https://res.cloudinary.com/hggksoylm/image/upload/v1598182259/Animation/fatezero_cyzmam.png,ふ,ふぇいとぜろ
0,Fate/stay night [Unlimited Blade Works],ufotable,2014,舞台は海と山に囲まれた都市・冬木市。そこで行われる、ある一つの儀式。手にした者の願いを叶えるという聖杯を実現させる為、聖杯に選ばれた七人の魔術師に、聖杯が選んだ七騎の使い魔を与える。　　騎士“セイバー”　　槍兵“ランサー”　　弓兵“アーチャー”　　騎兵“ライダー”　　魔術師 “キャスター”　　暗殺者 “アサシン”　　狂戦士 “バーサーカー”　　マスターは七つの役割を被った使い魔一人と契約し、七組は、聖杯を求め、最後の一組となるまで殺し合いを繰り広げる。その名は「聖杯戦争」。2014年 秋、開戦 ――。,https://res.cloudinary.com/hggksoylm/image/upload/v1598182247/Animation/fatestaynightunlimited_deogk6.png,ふ,ふぇいとすていないとあんりみてっどぶれいどわーくす
0,不機嫌なモノノケ庵,ぴえろプラス,2016,｢妖怪祓い｣とは、本来すむべき｢隠世(かくりよ)｣から、何らかの事情で｢現世(うつしよ)｣に留まる妖怪たちを｢隠世｣へと送り届ける仕事である。ある日、妖怪にとり憑かれた高校生・芦屋花繪(あしや はなえ)は、偶然見かけた連絡先を頼りに、妖怪祓いを行う｢物怪庵(もののけあん)｣を訪れる。そこにいたのは不機嫌そうな主・安倍晴齋(あべの はるいつき)だった。わけあって、そのまま芦屋は物怪庵の奉公人(アルバイト)として働くことに・・・・・・。芦屋と安倍の妖怪祓いコンビと妖怪たちの物語が幕を開ける。,https://res.cloudinary.com/hggksoylm/image/upload/v1598182247/Animation/hukigennamononokean_ux6d2u.png,ふ,ふきげんなもののけあん
0,覆面系ノイズ,ブレインズ・ベース,2017,歌が大好きな少女　ニノは、幼馴染で初恋の相手　モモと、作曲が得意な少年　ユズ、それぞれと幼いころに離れ離れになってしまう。「いつの日か、歌声を目印にニノを見つけ出す……」二人と交わした約束を胸に、信じて歌い続けてきたニノ。高校入学の日、彼女たちの運命は音となり、唐突に鳴りはじめた……！「ぼくたちは　ほんとのこころを　かくしてる」「音楽×片恋」ストーリー！,https://res.cloudinary.com/hggksoylm/image/upload/v1598182005/Animation/hukumennoice_wbuphx.png,ふ,ふくめんけいのいず
0,普通の女子校生が【ろこどる】やってみた。,feel.,2014,宇佐美奈々子は地方の田舎都市・流川市に住む高校1年生。高校生活にも慣れはじめた頃、市営プールがリニューアルオープンするので、仲良しの友達たちと遊びにいく約束をする。せっかくなので、新しい水着で遊びに行きたいっ!と、母親におねだりするも、けんもほろろに断られてしまう。そんなある日、市役所に勤める叔父の太田がアルバイト話を持ち掛けてくる。簡単なイベントの手伝いという太田の言葉を信じて、これで水着を買える!と嬉々としてアルバイトを引き受ける奈々子だったのだが、その裏では奈々子が想像もつかない計画が進行していた。,https://res.cloudinary.com/hggksoylm/image/upload/v1598182005/Animation/hutunojosikoseigalocodleyattemita_m029qs.png,ふ,ふつうのじょしこうせいがろこどるやってみた
0,フランダースの犬,日本アニメーション,1975,1870年頃のベルギー・フランダース地方でのこと。ネロはおじいさんと貧しいながらも幸せに暮らしていました。ある日、ネロは道端に捨てられていた犬のパトラッシュを見つけ、家に連れて帰り看病します。元気になったパトラッシュは牛乳運びの仕事を手伝ったり、いつもネロと一緒に過ごすようになりました。ところが、おじいさんが無理をして働いたために体を壊し、やがて亡くなってしまいます。それから次々と不幸な出来事が訪れます。ネロはパトラッシュと共に健気に立ち向かいますが…。,https://res.cloudinary.com/hggksoylm/image/upload/v1598182005/Animation/hurandarcenoinu_pc8uhg.png,ふ,ふらんだーすのいぬ
0,「Free!」,京都アニメーション・アニメーションDo,2013,「俺とお前の差を教えてやるよ！」「七瀬遙」は、「水」にふれること――「泳ぐこと」が好きだった。小学生のころ、同じスイミングクラブに通っていた「七瀬遙」「橘真琴」「松岡凛」「葉月渚」彼らは、小学校卒業前の大会での優勝を最後に、違う道へと進んでいく。やがて時が経ち、高校生活を無為に過ごしていた遙の前に、突然、凛が現れる。遙に勝負を挑み、圧倒的な強さを見せる凛。このままでは終われない。そして、真琴と渚が再び集い、新たに「竜ヶ崎怜」を引き込んで、岩鳶高校水泳部を設立。遙、真琴、渚、怜、そして、凛。これは、躍動感あふれる男子高校生たちの、水泳と青春と絆の物語――,https://res.cloudinary.com/hggksoylm/image/upload/v1598182004/Animation/free_gfbeqg.png,ふ,ふりー
0,Free! - Eternal Summer -,京都アニメーション/アニメーションDo,2014,前回の大会を経て、更に絆を深めた遙、真琴、渚、怜。いつもと変わらない日常の中、それぞれの成長した姿を見せていた。一方、凛は過去の自分を乗り越えて自分の夢へと走り出し、そして新たな仲間と共に最高のチームを作ることを目指す。岩鳶と鮫柄、仲間と水泳……そして彼らの未来。彼らは自分自身と向き合い、それぞれの思いを胸に秘めながら、新たな夏を迎える――。,https://res.cloudinary.com/hggksoylm/image/upload/v1598182004/Animation/freeeternalsummer_rgxoyj.png,ふ,ふりーえたーなるさまー
0,ブギーポップは笑わない,マッドハウス,2018,エンタテインメントノベルでNo.1のシェアを誇る電撃文庫の不朽の名作「ブギーポップ」シリーズが、刊行から20年目の節目に待望のTVアニメ化！監督にはTVアニメ「ワンパンマン」で全世界の度肝を抜いた夏目真悟、同作にてシリーズ構成・脚本を務めた鈴木智尋、そして圧倒的なクオリティを見事に描き切ったマッドハウスと最強のスタッフが再び集結！世界に危機が迫るとき、自動的に浮かび上がる存在であるブギーポップと、ソレに関わる様々なキャラクターたちが織り成すアクションファンタジーが今、幕を開ける！,https://res.cloudinary.com/hggksoylm/image/upload/v1598182004/Animation/bugipoppuhawarawanai_uoaubm.png,ぶ,ぶぎーぽっぷはわらわない
0,BUZZER BEATER,トムス・エンタテインメント,2005,2XXX年、地球が生み出したスポーツ「バスケットボール」が全宇宙的なスポーツとなり、その頂点に君臨する「宇宙リーグ」があった。身体能力の高い異星人が活躍するこの宇宙リーグに、地球人最強チームで乗り込む計画がスタートするが……、果たして!?,https://res.cloudinary.com/hggksoylm/image/upload/v1598182003/Animation/buzzerbeater_xbx645.png,ぶ,ぶざーびーたー
0,BTOOOM！,マッドハウス,2012,22歳、ニート。坂本竜太は、世界的に流行しているネットゲーム[BTOOOM!]に没頭し、世界ランカーとしてゲーム世界を謳歌していた。しかしある日目覚めると、そこは絶海の孤島。左手には緑色のチップが埋め込まれ、カバンの中にはBIMと呼ばれる爆弾。直前の記憶を失い戸惑う坂本に襲いかかる、見知らぬ他人。｢この爆弾で殺し合いをしろっていうのか?リアルで[BTOOOM!]をやれってことか!?｣爆殺遊戯の幕が上がる――。,https://res.cloudinary.com/hggksoylm/image/upload/v1598182001/Animation/btoom_o9jijq.png,ぶ,ぶとぅーむ
0,ブブキ・ブランキ,サンジゲン,2016,10年ぶりに日本に帰国した少年、一希東は訳も分からぬままに、武装した男たちに追われることになってしまう。捕らわれの身となった東を助け出したのは、幼馴染の少女、朝吹黄金と彼女の操る、意思を持つ武器｢ブブキ｣だった。ブブキの存在を初めて知った東は、ブブキ使いの野々柊、扇木乃亜、種臣静流たちと出会う。自分も心臓のブブキ使いだと知った東は、柊たちと共に新宿の地下に眠る巨人、ブランキ“王舞”を復活させるために動き出すのだった。,https://res.cloudinary.com/hggksoylm/image/upload/v1598182001/Animation/bubukiburanki_l4fezf.png,ぶ,ぶぶきぶらんき
0,ブラッククローバー,studioぴえろ,2017,魔法がすべての、とある世界――。最果ての村の教会に同じ日に捨てられていたアスタとユノは、互いに魔道士の頂点・魔法帝になることを夢見て努力を重ねる日々を送っていた。15歳になる年に、持ち主の魔力を高める〝魔導書（グリモワール）“を与えられた二人は、魔法帝直属の魔道士軍団である、魔法騎士団の入団試験を受ける。その結果、九つの軍団の中から魔力が一切ないアスタは、ならず者集団『黒の暴牛』に、魔力の強いユノは、エリート集団『金色の夜明け』に所属することになる。ついに二人は魔法帝への第一歩を踏み出したのであった――。,https://res.cloudinary.com/hggksoylm/image/upload/v1598182001/Animation/blackcrover_rmjfvs.png,ぶ,ぶらっくくろーばー
0,ブラック・ジャック,手塚プロダクション,2004,裕福な家で育ち、美しい母と有能な父を持った少年、間黒男。少年の未来への道は、明るく希望に満ちていたはずだった。しかし、一発の不発弾が、一瞬にして少年の未来を打ち砕いた。爆発事故が原因で母は死亡し、家庭は崩壊、少年は身体がバラバラになるほどの重傷を負い、誰もが少年の死を確信した。それを救ったのが本間という外科医だった。本間は諦めなかった。少年を救うために何十時間にも及ぶ大手術を行い、ついに少年を死の淵から蘇らせたのだった。ツギハギだらけの身体、恐怖のために半分白髪となった髪。蘇った少年の容姿はすっかり様変わりしていた。そして、その後に、身体を回復させるための、地獄のようなリハビリが待っていたのだ。少年はリハビリに耐えた。いつしか少年の胸には、ある目標が芽生えていたのだ。それは、本間のような優れた外科医になることだったのだ。そして、数年後。一人の天才外科医が生まれた。ブラック・ジャックの誕生である。不可能を可能とする医者。法外な手術代を取る医者。そして……医師免許を持たないもぐりの医者。彼がなぜ無免許医なのか、その理由は定かではない。形式に捕らわれるのが嫌で、もともと取らなかったとか、持っていたがなんらかの理由で剥奪されたとか、人々は噂する。,https://res.cloudinary.com/hggksoylm/image/upload/v1598182001/Animation/blackjack_ji1hqy.png,ぶ,ぶらっくじゃっく
0,ブラック・ブレット,キネマシトラス×オレンジ,2014,突如、現れた異形の寄生生物「ガストレア」。赤く輝く目と圧倒的な力、そして桁外れの再生能力を持つ彼らの進行に、人類はなす術もなく大敗を喫する。国土の大半を失った現在、人類は彼らが唯一弱点とする金属「バラニウム」で作ったモノリスで囲われた、狭い「エリア」の中で、ガストレアの脅威に怯え、隠れながら生きることを余儀なくされていた。そんな中、生き残りをかけた人類のささやかな抵抗として組織されたのが、ガストレアへの対抗手段を持ったスペシャリスト集団「民間警備会社」――通称、民警。そのひとつ、天童民間警備会社に所属する高校生・里見蓮太郎は、相棒の少女・藍原 延珠と共に、東京を壊滅に追い込まんとする、危険なたくらみに巻き込まれていく――,https://res.cloudinary.com/hggksoylm/image/upload/v1598182001/Animation/blackbullet_pq3qtg.png,ぶ,ぶらっくぶれっと
0,ブラッドラッド,ブレインズ・ベース,2013,魔界のとある地区で“ナワバリボス”をしている吸血鬼スタズ。吸血鬼然としている事が嫌いで、ジャパニーズカルチャーを愛する彼のナワバリにある日、日本人の少女柳冬実が迷い込んでくる。ナマの人間、しかも日本人に会えたスタズのロマンチックは止まらない！だが、ちょっとナワバリを狙った侵入者を退治している間に、冬実がモンスターに食べられて死んでしまった！！幽霊となってしまった冬実を前に、必ず生き返らせると血意したスタズだが！？クールなのに熱過ぎるキャラクターたちが巻き起こす、魔界的吸血鬼アクション、開幕！！,https://res.cloudinary.com/hggksoylm/image/upload/v1598182488/Animation/bloodlad_scseow.png,ぶ,ぶらっどらっど
0,BLEACH,dentsu・ぴえろ,2004,幽霊が見える以外は普通の高校生、黒崎一護が死神・朽木ルキアと出会い、死神の力を譲渡されたことで死神代行として空座町にいる虚（ホロウ）退治を請け負うことに……死神の力を手にした一護は死神の世界・尸魂界（ソウル・ソサエティ）の動乱に巻き込まれ、熾烈な戦いの中劇的な成長を遂げていくのであった。,https://res.cloudinary.com/hggksoylm/image/upload/v1598182001/Animation/bleach_grksms.png,ぶ,ぶりーち
0,ブレンド・S,A-1 Pictures,2017,ツンデレ・妹などなど、店員さんのいろんな「属性」が楽しめる喫茶店で、新人アルバイトの苺香が店長にリクエストされたのはなんと「ドS」キャラ!？一生懸命働くうちに、意外と「ドS」の才能が開花してしまい…。踏まれたって全部がご褒美、倒錯的ワーキングコメディ！,https://res.cloudinary.com/hggksoylm/image/upload/v1598182001/Animation/blends_ub6hyl.png,ぶ,ぶれんどえす
0,文豪ストレイドッグス,ボンズ,2016,孤児院を追い出され、餓死寸前の青年・中島敦が出会った風変わりな男たち――。白昼堂々、入水自殺にいそしむ自殺嗜好の男・太宰治。神経質そうに手帳を繰る、眼鏡の男・国木田独歩。彼らは、軍や警察も踏み込めない荒事を解決すると噂される「武装探偵社」の社員であった。何の因果か、巷を騒がせる「人喰い虎」退治への同行を求められる敦だが……。架空の都市　ヨコハマ。登場するは、文豪の名を懐く者たち。その名になぞらえた異形の力が火花を散らす。奇怪千万の文豪異能力バトル、ここに開幕！／【第13話～第24話】常人ならざる｢異能｣の力を持ちヨコハマの裏社会に巣食う悪虐の徒、その名は｢ポートマフィア｣。最年少幹部・太宰治、最下級構成員・織田作之助、秘密情報員・坂口安吾。階級を重んじる組織にありながら立場を越えて交わる3人は、仄暗いバーのカウンターに肩を並べ今夜もグラスを傾ける。あの日、ひとりが消息を絶つまでは……。男は何を求めてマフィアとなり、何を失い訣別したのか？胸襟を開かぬ彼らに代わり一葉の写真が物語る。黒の時代、闇の中に光る“何か”を。これは、まだ太宰治が｢武装探偵社｣に入社する前の話である――。／【第26話～】白虎と黒獣――中島敦と芥川龍之介の共闘がフランシス・Ｆとの決戦を制し、大国より襲来した「組合（ギルド）」との巨大異能戦争は終結を迎えた。その戦いの中で結ばれた「武装探偵社」と「ポート・マフィア」の休戦協定も継続する中、彼らによって壊滅の危機から守られたヨコハマの街は、今日も路辺に日常という物語を紡ぐ。だが、そこには、流入する海外犯罪組織の噂や、「組合（ギルド）」残党の影も見え隠れし……。一方で、太宰治は案じていた。〝魔人〟の目覚め、新たなる災厄の始まりを。暗渠にうごめくは、盗賊団「死の家の鼠」の頭目、フョードル・D。その恐るべき謀略が、ついに牙をむく！,https://res.cloudinary.com/hggksoylm/image/upload/v1598182001/Animation/bungoustoreidox_jlgtqw.png,ぶ,ぶんごうすとれいどっぐす
0,監獄学園(プリズンスクール),J.C.STAFF,2015,元女子校であり女子生徒1016人を抱える私立八光(はちみつ)学園に入学した、たった5人の男子生徒、キヨシ、ガクト、シンゴ、ジョー、アンドレ。入学早々、男子なら誰しも芽生えるであろう出来心で女子風呂を覗こうとしてしまい、その罰として、学園の規律を取り締まる｢裏生徒会｣の美女3人によって懲罰棟(=通称：プリズン)へ投獄されてしまう。彼らに明日という名の希望はあるのか！？,https://res.cloudinary.com/hggksoylm/image/upload/v1598182001/Animation/prisonschool_srtay5.png,ぷ,ぷりずんすくーる
0,プリンセスコネクト！Re:Dive,CygamesPictures,2020,穏やかな風が吹き抜ける美しき大地・アストライア大陸。その一角で記憶を失った少年・ユウキは目を覚ます。彼を世話する小さなガイド役・コッコロ。いつも腹ペコな美少女剣士・ペコリーヌ。ちょっとクールなネコ耳魔法少女のキャル。運命に導かれるまま、彼らが立ち上げたギルドの名は「美食殿」。今、ユウキと彼女たちの冒険の幕が開けるーー,https://res.cloudinary.com/hggksoylm/image/upload/v1598182400/Animation/princessconect_il43g2.png,ぷ,ぷりんせすこねくとりだいぶ
0,変態王子と笑わない猫。,J.C.STAFF,2013,｢－先輩は、どうしようもない変態さんです｣横寺陽人は頭の中身が煩悩まみれな高校二年生。ひょんなことで“笑わない猫像”に祈ったら、心に思ったことがいつでもどこでも垂れ流しになってしまった！そんな人生の大ピンチを救ってくれたのは、クールでキュートな無表情娘、筒隠月子　｢頭の先から尻尾の終わりまで撫でまわしたくなる感じの子だなあ｣｢変態さんですね｣｢ち、違っ、褒め言葉の一種だよ！？｣｢裁判沙汰の多そうな変態さんですね｣｢！！？？｣とにもかくにも猫像のせいで失われた本音と建前を取り戻す、爽やか変態×冷ややか少女の青春迷走ストーリーがいまはじまる！,https://res.cloudinary.com/hggksoylm/image/upload/v1598184209/Animation/hentaiouzitowarawanaineko_n2cy4z.png,へ,へんたいおうじとわらわないねこ
0,HELLSING, GONZO/Digimation,2006,英国を異教徒から守る王立国教騎士団、通称HELLSING機関。そこには人間の主に飼われた吸血鬼がいた。巨大な2丁拳銃を操る正真正銘の化け物の名はアーカード。そして究極の化け物に挑む究極のウォーモンガー、ナチスの亡霊、少佐。戦場と化した英国を舞台に究極至極の戦いが幕を開ける!,https://res.cloudinary.com/hggksoylm/image/upload/v1598184209/Animation/hellsing_z7jasw.png,へ,へるしんぐ
0,ベイビーステップ,ぴえろ,2014,勉強にしか興味のなかった高校生・栄一郎(15歳)は、運動不足解消のため参加したテニススクールで、テニスの奥深さに目覚める。全くの素人だった栄一郎は、身体面での不利を、持ち前の観察・分析力と徹底して身に付けたボールコントロールで補っていくことに…。初めは栄一郎のことを相手にしていなかったジュニアテニス界の強豪選手たちも、彼のひたむきな姿勢に触発され、少しずつ意識を変化させていく。頭脳明晰な主人公がデータに基づいた戦略でプロを目指す、リアルなスポーツアニメ。,https://res.cloudinary.com/hggksoylm/image/upload/v1598184209/Animation/babystep_ijwsnz.png,べ,べいびーすてっぷ
0,べるぜバブ, studioぴえろ+,2011,全国最凶ヤンキー率120％の「石矢魔高校」。そんな超不良高校の中でも、『アバレオーガ』と呼ばれ、凶悪無比の強さを誇る最強の不良―男鹿辰巳（おがたつみ）。そのケンカの強さは同級生だけでなく、上級生、そして他校の生徒からも一目置かれていた。ある日、男鹿がケンカをしていると、大きなおっさんが川を流れてくる。そこでおっさんを助けると、おっさんはふたつに割れて、中から元気な赤ん坊が！この赤ん坊こそ、人類を滅ぼすために魔界から送られてきた大魔王の息子―カイゼル・デ・エンペラーナ・ベルゼバブ4世（ベル坊）であった。凶悪な強さを持つ男鹿をすっかり気に入ったベル坊。ケンカ最強の不良は、魔王の育ての親に選ばれてしまったのだった…。泣いて癇癪を起こす度に強力な電撃を男鹿に浴びせるベル坊。「ベル坊は強くて凶悪な奴に懐く」と聞いた男鹿は、電撃三昧の過酷な生活から抜け出すため、自分より強い人間にベル坊を押し付けようと奔走する。しかし、なんだかんだ言いながらベル坊の弱点克服に付き合ったり、一緒に不良を退治(？)したりと面倒を見る男鹿。そして、２人はいつしか本当の親子のように―。これは、ひょんなことから魔王の赤ん坊を拾い、その育ての親となった「子連れ番長―男鹿辰巳」と「大魔王の息子―ベル坊」が笑い、泣き、ケンカしながら、共に親として、子供として成長していく姿を追った、とある子育ての物語である。,https://res.cloudinary.com/hggksoylm/image/upload/v1598184210/Animation/belzebub_zkneyb.png,べ,べるぜばぶ
0,ベルゼブブ嬢のお気に召すまま。,ライデンフィルム,2018,2015年より月刊「少年ガンガン」にて連載中のゆるふわ魔界の日常コメディ『ベルゼブブ嬢のお気に召すまま。』が2018年10月、アニメ化決定！天界から堕とされ、悪魔となった元天使たちが働く魔界・万魔殿（パンデモニウム）の主・ベルゼブブ閣下。ベルゼブブに近侍として仕えることになった新人職員・ミュリン。ベルゼブブは知的でクール……と思いきや、実はモフモフ大好きゆるふわ少女だった！憧れと現実のギャップに戸惑いつつも、日々ベルゼブブとの距離を縮めていくミュリン。そんな二人を取り巻く、これまた不器用でユニークな悪魔たち。このお話は、悪魔たちがある気持ちに名前を付けるまでのお話。……かもしれない。,https://res.cloudinary.com/hggksoylm/image/upload/v1598184208/Animation/belzebubujonookinimesumama_wzjxkp.png,べ,べるぜぶぶじょうのおきにめすまま
0,ペルソナ４,AIC ASTA,2011,家庭の事情で都会から叔父の住む稲羽市へと越してきた鳴上悠。閑散とした町並み、寂れた商店街、若者たちの集まる大型ショッピングモール……。穏やかな時間の流れる田舎町で八十神高校の新しいクラスメイト達と過ごす生活が始まる。しかし転校初日の朝、市内でとある女子アナウンサーの遺体がテレビアンテナに吊るされた状態で発見される。町を覆う原因不明の霧と、若者達の間で囁かれている｢マヨナカテレビ｣の噂。雨の夜の午前0時、消えているテレビをひとりで見ていると画面に映るという自分ではない別の誰かの正体とは……。個性豊かな友人たちと過ごす日々の中、徐々に迫りくる異変は、果たして何をもたらすのか――？,https://res.cloudinary.com/hggksoylm/image/upload/v1598184210/Animation/persona4_r2c319.png,ぺ,ぺるそな4
0,ペルソナ５,A-1 Pictures,2018,高校2年生の春、雨宮蓮は東京の「秀尽学園」に転入する。ある出来事をきっかけに“ペルソナ”使いとして覚醒した蓮は、新たに出会った仲間達とともに「心の怪盗団」を結成。悪しき欲望に塗れた大人達の“歪んだ欲望”を盗んで改心させていく。一方、街では不可解な精神暴走事件が次々と起こっていた……。大都会“東京”を舞台に高校生として日常生活を送りながらも、放課後は「心の怪盗団」として暗躍する―。壮大なピカレスクロマンの幕が切って落とされる！,https://res.cloudinary.com/hggksoylm/image/upload/v1598184210/Animation/persona5_z7o4fn.png,ぺ,ぺるそな5
0,放課後ていぼう日誌,動画工房,2020,都会から田舎に引っ越してきた鶴木陽渚は、生き物が苦手なインドア派。手芸部に入って楽しい高校生活を過ごす予定が、散歩中に黒岩悠希と出会ったことがきっかけで謎の「ていぼう部」に入部させられてしまい、釣りをはじめることに・・・。個性的な部員たちに囲まれて、陽渚の高校生活どうなるの！？,https://res.cloudinary.com/hggksoylm/image/upload/v1598184210/Animation/hokagoteibonissi_nwcbiu.png,ほ,ほうかごていぼうにっし
0,鬼灯の冷徹,スタジオディーン,2017,これは地獄のお話。あいもかわらず亡者であふれ返っている地獄では、閻魔大王の第一補佐官・鬼灯が、大王の補佐はもとより、亡者への呵責や獄卒たちの指導に、現世への視察と大忙しの日々を送っていた。そんな鬼灯といつもの仲間たちに、鬼灯の幼なじみや双子の妖怪、自由気ままな雪鬼などなど新たな面々も加わり、騒々しくも楽しい地獄の毎日が今再び幕を開ける！,https://res.cloudinary.com/hggksoylm/image/upload/v1598184206/Animation/hodukinoreitetu_ruh3w4.png,ほ,ほおずきのれいてつ
0,北斗の拳,東映アニメーション,1984,｢おまえはもう死んでいる!!｣1984年10月11日から1987年3月5日まで全152話が放送されたシリーズ。原作は少年ジャンプに連載されて人気を集めていた武論尊、原哲夫の同名漫画｢北斗の拳｣。過激な描写と熱いストーリーで人気を博したTVアニメ『北斗の拳』は、ふたつのシリーズに別れて放送された。シンに奪われた恋人ユリアを取り戻すために荒野に立ったケンシロウの登場から北斗兄弟の長兄・ラオウとの決着を描いた前期シリーズ『北斗の拳』。そして、激戦から数年が経過し、動乱の世で再び現れたケンシロウと帝都の軍の戦い、さらにはケンシロウの生い立ちと北斗2000年の歴史が明かされる修羅の国での死闘を描くのが後期シリーズ、『北斗の拳2』。北斗、南斗、元斗の男たちが入り乱れ、覇を争う世紀末…。宿命によって繰り広げられるその戦いの果てに時代は誰を最強の男として選ぶのか・・・!?,https://res.cloudinary.com/hggksoylm/image/upload/v1598184205/Animation/hokutonoken_o5skzf.png,ほ,ほくとのけん
0,星合の空,エイトビット,2019,舞台は、廃部寸前の男子中学ソフトテニス部。様々な想いを抱く少年たちはソフトテニスを通してどこへ向かうのか。少年たちの等身大の青春ストーリー,https://res.cloudinary.com/hggksoylm/image/upload/v1598184206/Animation/hosiainosora_bvhtt1.png,ほ,ほしあいのそら
0,ぼくたちは勉強ができない,stシルバー×アルボアニメーション,2019,苦学の高校３年生・唯我成幸は、大学の学費が免除される「特別ＶＩＰ推薦」を得るために、受験勉強に苦戦する同級生たちの教育係となることに。指導する相手は「文学の森の眠り姫」古橋文乃、「機械仕掛けの親指姫」緒方理珠といった学園きっての天才美少女たち！完全無欠の学力と思われた彼女たちだが、苦手教科に関してはとことんポンコツだった…!?個性的な「できない娘」たちに振り回されつつ、成幸は彼女たちの入試合格のために奔走！勉強も恋も「できない」天才たちのラブコメディ、ここに開幕!!,https://res.cloudinary.com/hggksoylm/image/upload/v1598184206/Animation/bokutatihabenkyogadekinai_tq0ph0.png,ぼ,ぼくたちはべんきょうができない
0,僕だけがいない街,A-1 Pictures,2016,自分だけ時間が巻き戻る現象“リバイバル(再上映)”に悩まされる青年・藤沼悟が、自らの過去と対峙し、もがく姿を描く“時間逆行”サスペンス！各界から熱い注目を浴びる『僕だけがいない街』がついにアニメ化！！,https://res.cloudinary.com/hggksoylm/image/upload/v1598184206/Animation/bokudakegainaimati_gexsfs.png,ぼ,ぼくだけがいないまち
0,僕のヒーローアカデミア,ボンズ,2016,｢架空(ゆめ)｣は、現実に！これは、僕が最高のヒーローになるまでの物語だ。ことの始まりは中国・軽慶市から発信された、｢発光する赤児｣が生まれたというニュース。以後各地で｢超常｣が発見され、原因も判然としないまま時は流れる――。世界総人口の八割が何らかの特異体質である超人社会となった現在。生まれ持った超常的な力“個性”を悪用する犯罪者・敵(ヴィラン)が増加の一途をたどる中、同じく“個性”を持つ者たちが“ヒーロー”として敵や災害に立ち向かい、人々を救(たす)ける社会が確立されていた。かつて誰もが空想し憧れた“ヒーロー”。それが現実となった世界で、ひとりの少年・緑谷 出久(みどりや・いずく/通称 デク)もヒーローになることを目標に、名だたるヒーローを多く輩出する雄英高校への入学を目指していた。しかし、デクは総人口の二割にあたる、何の特異体質も持たない“無個性”な落ちこぼれだった…。ある日、デクは自身が憧れてやまないヒーローと出会い、それを機に運命を大きく変えていくことになる。友、師匠、ライバル、そして敵…。さまざまな人物、多くの試練と向き合いながら、デクは最高のヒーローになるべく成長していく。,https://res.cloudinary.com/hggksoylm/image/upload/v1598184206/Animation/myheroacademia_gwzxsl.png,ぼ,ぼくのひーろーあかでみあ
0,僕のヒーローアカデミア（第2期）,ボンズ,2017,ある事件をきっかけにNo.1ヒーローのオールマイトと出会った“無個性”の少年・緑谷出久は、その内に秘めるヒーローの資質を見出され、オールマイトから“個性”ワン・フォー・オールを受け継いだ。出久はオールマイトの厳しい訓練を経て雄英高校に見事入学し、爆豪勝己や麗日お茶子らヒーロー科1年A組のクラスメイトたちと互いを高め合う切磋琢磨の毎日を過ごしていた。そんな中、日本全国から注目されるビッグイベント「雄英高校体育祭」の開催が迫る！ただトップだけを見据える爆豪、家族を想って強い意志で挑むお茶子と飯田天哉、そして、ある男を“否定する”ために優勝を狙う轟焦凍。さらにヒーロー科1-Bをはじめとする新たな顔ぶれも…。雄英生徒の全員が闘志を燃やす中、出久も決意を新たにする。「僕も本気で獲りに行く！」最高のヒーローを目指す彼らの“個性”と力、そしてプライドがぶつかり合う戦いが始まる！！,https://res.cloudinary.com/hggksoylm/image/upload/v1598184206/Animation/myheroacademia2_s7si7y.png,ぼ,ぼくのひーろーあかでみあ2
0,僕のヒーローアカデミア（第3期）,ボンズ,2018,超常能力“個性”を持つ人間が当たり前の世界。憧れのNo.1ヒーロー・オールマイトと出会った“無個性”の少年・緑谷出久、通称「デク」は、その内に秘めるヒーローの資質を見出され、オールマイトから“個性”ワン・フォー・オールを受け継いだ。デクはヒーロー輩出の名門・雄英高校に入学し、笑顔で人々を救ける最高のヒーローになることを目指して、クラスメイトたちと試練の毎日を過ごしていた。夏休みの林間合宿に臨んだデクたちだったが、死柄木弔率いる敵＜ヴィラン＞連合の襲撃により爆豪勝己を連れ去られてしまう。爆豪奪還に向かうオールマイトたちプロヒーロー、そしてデクたち。そこに現れたのは、敵＜ヴィラン＞連合のブレーンとして暗躍する、オールマイトの宿敵オール・フォー・ワンだった。オールマイトは死闘の末にオール・フォー・ワンを倒すが、力を使い果たしプロヒーロー引退を余儀なくされる。デクはオールマイトの意志を継ぎ、最高のヒーローになることを改めて決意する。新たなスタートラインに立ち、必殺技の取得など更なるレベルアップを目指すデクたちの次なる試練は「プロヒーロー仮免取得試験」。雄英生だけでなく、全国の有力校のライバルたちも続々と集結し、繰り広げられるのは激しいサバイバル。果たしてデクは、爆豪は、ヒーロー科1-Aのメンバーは、プロヒーローへの切符をつかむことができるのか！？「次は僕たちだ。」更に向こうへ！Plus Ultra＜プルスウルトラ＞！！,https://res.cloudinary.com/hggksoylm/image/upload/v1598184205/Animation/myheroacademia3_yyuszj.png,ぼ,ぼくのひーろーあかでみあ3
0,僕のヒーローアカデミア（第4期）,ボンズ,2019,宿敵オール・フォー・ワンを倒したものの力を使い果たしたオールマイトはプロヒーローを引退。彼の意志を継いだデクは「プロヒーロー仮免許」を取得し、“最高のヒーロー”にまた一歩近づいた。そんな中、デクは雄英ビッグ3のひとりであり、プロヒーローのサー・ナイトアイの下で「インターン活動」をしている3年生・通形ミリオと出会う。その圧倒的な実力から、デクはプロヒーローの事務所で実際にヒーロー活動を行うインターン活動への意欲を高まらせる。一方、不穏な動きを見せる指定敵＜ヴィラン＞団体・死穢八斎會の若頭オーバーホールが、オール・フォー・ワンの意志を継ぐ敵＜ヴィラン＞連合のリーダー死柄木弔と接触。そして、オーバーホールの傍らには、ひとりの少女の姿があった―。デクの、ヒーロー候補生たちの、新たな“脅威”との戦い、そして“使命”への挑戦が始まる！！,https://res.cloudinary.com/hggksoylm/image/upload/v1598184205/Animation/myheroacademia4_sh5jgg.png,ぼ,ぼくのひーろーあかでみあ4
0,僕らはみんな河合荘,ブレインズ・ベース,2014,親の転勤により河合荘という下宿で暮らすことになった高校一年生の宇佐和成は、ルームメイトがまさかの変態ドＭ男であることを知ってあわてて部屋を飛び出し、そこで同じ高校の先輩である河合律と出会う。律は河合荘の管理人である河合住子の姪孫だったのだ。律との薔薇色の高校生活を夢見る和成だったが、下宿には他にも男運のない酒乱女の錦野麻弓と小悪魔女子大生の渡辺彩花が暮らしており、和成は個性的な住民に振り回されてばかり。果たして彼は理想の高校生活を送ることができるのか!?,https://res.cloudinary.com/hggksoylm/image/upload/v1598184205/Animation/bokurahaminnakawaisou_ajydq2.png,ぼ,ぼくらはみんなかわいそう
0,BORUTO-ボルト- NARUTO NEXT GENERATIONS,studioぴえろ,2017,平和と共に近代化が進んだ木ノ葉隠れの里｡高いビルが立ち並び、巨大モニターには映像が流れ、区画と区画を結ぶ雷車が里の中を走り抜ける｡忍の里とはいえ一般の人が増え、忍の生き方も変わりつつあるそんな時代――里のリーダー、七代目火影・うずまきナルトの息子であるボルトは、忍者を育てる学校“忍者学校(アカデミー)”に入学する｡周りの生徒達はボルトの事を“火影の息子”と偏見の目で見るのだが、ボルトは持ち前の破天荒な性格でそんなものは跳ね飛ばす！ボルトは新しい仲間と出会い、そして勃発する謎の事件にどう挑むのか？皆の心の中を疾風の如く駆け抜けて行く“うずまきボルト”の物語が今、始まる！！,https://res.cloudinary.com/hggksoylm/image/upload/v1598184205/Animation/boruto_fkghhs.png,ぼ,ぼると
0,ボールルームへようこそ,Production I.G,2017,「青春を、熱く踊れ。」何をすればよいか分からない平凡な中学生・富士田多々良はある出来事をきっかけに社交ダンスの魅力に引き込まれていく。「何か一つでいい、好きだと言えるものがあれば」今の自分から変わるため、多々良は社交ダンスの世界へ飛び込む。多々良の成長を圧倒的な「熱量」で描く、唯一無二の青春ダンスアニメ、ここに開演！！,https://res.cloudinary.com/hggksoylm/image/upload/v1598184205/Animation/ballroomheyoukoso_bnq0pl.png,ぼ,ぼーるるーむへようこそ
0,ポプテピピック,神風動画,2018,どうあがいても。,https://res.cloudinary.com/hggksoylm/image/upload/v1598184211/Animation/popteamepic_wwhpy3.png,ぽ,ぽぷてぴぴっく
