0,寄宿学校のジュリエット,ライデンフィルム,2018,この恋は、秘密―。寄宿学校、ダリア学園。孤島に佇むこの名門校には、敵対する２つの国の生徒が通い、日々、争いを繰り返していた……。そんな状況の中、東和国寮の１年生リーダー、犬塚露壬雄と、ウェスト公国寮の１年生リーダー、ジュリエット・ペルシアは、実は秘密の恋人同士！犬塚の告白ではじまったこの恋は、学園中の誰にも！絶対！！何があっても！！！バレちゃダメ！「別冊少年マガジン」での連載開始時から話題沸騰の学園ラブコメ。その爆発的な人気は、「週刊少年マガジン」への異例の電撃移籍を経て、さらに加速！全16巻の累計発行部数は350万部を突破！TVアニメは、『恋と嘘』や『アルスラーン戦記』を手掛けたライデンフィルムが制作。監督に『山田くんと7人の魔女』『恋と嘘』の宅野誠起、 シリーズ構成に『四月は君の嘘』『七つの大罪 戒めの復活』の吉岡たかをを迎え、他にも注目のスタッフが大集結！絶対内緒の学園ラブコメ、開幕!!!,https://res.cloudinary.com/hggksoylm/image/upload/v1597917655/Animation/kijukugakkounojurietto_zqqjcs.png,き,きしゅくがっこうのじゅりえっと
0,キズナイーバー,TRIGGER,2016,舞台は、埋立地に作られた街・洲籠市。かつては未来型都市として栄えたこの街に住む高校生・阿形勝平は、なぜか痛みを感じない不思議な身体を持っていた。夏休み目前となったある日、勝平は謎の少女・園崎法子の手引きにより、痛みを共有する仲間｢キズナイーバー｣の一人に選ばれてしまう。そして、同様に｢キズナイーバー｣として繋がれたクラスメイトたち。しかし、彼らは本来なら仲良くなることのない別々のグループに属していた。園崎は言う。｢これは、争いに満ちた世界を平和に導くための実験なのです。｣その言葉とともに数々の試練が彼らに降りかかる。互いの傷を背負うことになった、少年少女たちのひと夏の物語がここから始まる！,https://res.cloudinary.com/hggksoylm/image/upload/v1597977294/Animation/kizunaebar_buwjuv.png,き,きずないーばー
0,傷物語〈I鉄血篇〉,シャフト,2016,それは3月25日―― 春休みのある日のこと。私立直江津高校に通う高校二年生・阿良々木暦は、偶然に学校一の優等生・羽川翼と知り合う。彼女の口から飛び出したのは、最近出没するという「金髪の吸血鬼」の噂だった。普段人との関わりを避けているものの、気さくな翼のことを好ましく思う暦。その夜、暦は噂の吸血鬼と遭遇する。“怪異の王”キスショット・アセロラオリオン・ハートアンダーブレード。金髪金眼の彼女は、四肢を切断され、周囲に血を撒き散らしながら、暦に助けを請う。 求められるままに、キスショットに自分の血を与える暦。次に目覚めたとき、彼は彼女の眷属に生まれ変わっていた。戸惑う暦に、キスショットは告げる。「ようこそ、夜の世界へ――」と……。,https://res.cloudinary.com/hggksoylm/image/upload/v1597977289/Animation/kizumonogatari1_aljjoi.png,き,きずものがたり
0,帰宅部活動記録,ノーマット,2013,高校生になったばかりの安藤夏希、友人に部活動をどうするのか尋ねられ迷っていた。迷った挙げ句、上下関係が面倒な事もあり「帰宅部でいいかな～」と言って帰ろうとした時、そこには、帰宅部が存在したのである。ちょっと変わった部員達とごく一般人の部長・道明寺桜が在籍する帰宅部。その主な活動は、なんと“楽しいことをする！”。放課後も帰り道も最大限に楽しむために集まった帰宅部の少女達。帰宅部に出会い、始まる夏希の部活動とは？,https://res.cloudinary.com/hggksoylm/image/upload/v1597977277/Animation/kitakubukatudoukiroku_rgtbdp.png,き,きたくぶかつどうきろく
0,啄木鳥探偵處,ライデンフィルム,2020,時は、明治の末――金欠に苦しむ天才歌人・石川啄木は、とある殺人事件をきっかけに下宿で探偵稼業を始めることに。その名も、「啄木鳥探偵處」。「浅草十二階の幽霊騒動」「雪降る夜に街を徘徊する人食い人形」……奇怪な事件に次々と首を突っ込む啄木の助手を務めるのは、同郷の先輩・金田一京助。文士仲間の野村胡堂、吉井勇、萩原朔太郎、若山牧水らを巻き込んで、人たらしの天才歌人・石川啄木が文明開化の東京を駆け抜ける！,https://res.cloudinary.com/hggksoylm/image/upload/v1597977285/Animation/kitutukitanteidokoro_wi5i2u.png,き,きつつきたんていどころ
0,キテレツ大百科,スタジオぎゃろっぷ,1998,キテレツは、発明大好きな小学5年生、ある日父親から「奇天烈大百科」全4巻を譲り受ける。「奇天烈大百科」とは、キテレツの先祖であるキテレツ斎さまが書き残した書物、そこには江戸時代には早すぎて理解されなかったキテレツ斎さまの発明品がいっぱい詰まっていた。そして今、キテレツによって不思議な発明品が次々とよみがえる！,https://res.cloudinary.com/hggksoylm/image/upload/v1597977281/Animation/kiteretudaihyakka_qnbuy0.png,き,きてれつだいひゃっか
0,機動戦士ガンダム,日本サンライズ,1979,「ガンダム」シリーズの原点になったTVシリーズ第1弾。宇宙世紀0079。ジオン公国と地球連邦政府が戦争を繰り広げる中、サイド7に住むアムロ・レイは、ジオン軍の奇襲をきっかけに、連邦軍のモビルスーツ“ガンダム”のパイロットになってしまう。様々な戦いを経て、アムロは“ニュータイプ”へと覚醒していく…。,https://res.cloudinary.com/hggksoylm/image/upload/v1597977191/Animation/kidousensigandam_zv160u.png,き,きどうせんしがんだむ
0,機動戦士ガンダム 鉄血のオルフェンズ,サンライズ,2015,かつて「厄祭戦」と呼ばれた戦争が終結してから約300年。三日月・オーガスが所属する民間警備会社クリュセ・ガード・セキュリティ（CGS）は、火星都市クリュセを独立させようとする少女、クーデリア・藍那・バーンスタインの護衛任務を受ける。しかし、武力組織ギャラルホルンの襲撃を受けたCGSは、三日月ら子供たちを囮にして撤退を始めてしまう。CGSへのクーデターを決意した少年達のリーダー、オルガにギャラルホルンの撃退を託された三日月は、「厄祭戦」時代のモビルスーツ、ガンダム・バルバトスを用いて戦いに挑む。,https://res.cloudinary.com/hggksoylm/image/upload/v1597977196/Animation/kidousensigandamtekketunoorufence_z2tqty.png,き,きどうせんしがんだむてっけつのおるふぇんず
0,君と僕。,J.C.STAFF,2011,幼稚園からの幼なじみ、双子の兄弟、悠太＆祐希に要、春。転校生の千鶴を加え、にぎやか5人組になった彼らのスクールライフ。巡る季節のなか、笑って、驚いて、恋をして、新たな出会いもきっと待っているはず。,https://res.cloudinary.com/hggksoylm/image/upload/v1597977222/Animation/kimitoboku_qlmntj.png,き,きみとぼく
0,君に届け,プロダクション I.G,2009,陰気な容姿のせいで霊感があると恐れられ、｢貞子｣というあだながついてしまっていた爽子は、わけへだてなく接してくれる風早翔太に憧れている。自分を変えたいという爽子の背中を押してくれる風早や、矢野あやね、吉田千鶴、真田龍といったクラスメイトたちとの関わりの中で、爽子は少しずつだが自分の殻を破っていく。ピュアな爽子が友情や恋、ライバルや友達の失恋などいろんな｢初めて｣を知っていく過程を、丁寧に描いていく学園青春ストーリー。,https://res.cloudinary.com/hggksoylm/image/upload/v1597977205/Animation/kiminitodoke_t7uops.png,き,きみにとどけ
0,君のいる町,GONZO,2013,「すべて忘れたい」―謎めいた言葉を残し、彼女はいなくなった。 僕は真実を知るために君のいる町へ向かう。桐島青大(きりしまはると)は、突然別れを告げて消えた枝葉柚希(えばゆずき)を追って、故郷・広島を後に東京へ向かう。そこで出会った、気の強い隣人・御島明日香(みしまあすか)、長髪で女好きの風間恭輔(かざまきょうすけ)、そして、柚希の奔放な妹・懍(りん)。それぞれが、出会い、惹かれ合い、別れ、傷つき、傷つける。やがて明らかになる真実。そして、見つけた本当の気持ちとは―。東京と広島を舞台に、残酷な運命に翻弄され、友情と恋愛の狭間でもがきながらも、本当の恋を見つめ続ける男女を描いた、甘く、苦い青春ラブストーリー。,https://res.cloudinary.com/hggksoylm/image/upload/v1597977213/Animation/kiminoirumati_u8xebk.png,き,きみのいるまち
0,キャプテン,エイケン,1983,野球の名門青葉学院中等部。そこから墨谷二中に転校して来た谷口タカオは、同校・弱小野球部に入部する。チームメート達は否が応でも谷口に期待を寄せるが、谷口は青葉では2軍の補欠だった事を言い出せない。しかし、谷口は陰の努力で次第に実力をつけていく。そして次期キャプテンに指名された。当惑する谷口だが、持ち前の責任感とファイトでチームの実力を懸命に底上げしていく。やがて墨谷二中の野球部は、青葉と互角に戦えるチームへと成長。谷口の卒業後も、彼が燃やした情熱は、情に弱い丸井、天才肌のイガラシら後輩たちに受け継がれていく。,https://res.cloudinary.com/hggksoylm/image/upload/v1597977124/Animation/capten_w3cdxt.png,き,きゃぷてん
0,キャプテン翼,david production,2018,サッカーを何よりも愛する大空翼は南葛小に転校し、石崎了や岬太郎といった仲間と出会う。修哲小・若林源三との対決を皮切りに、日向小次郎をはじめ、全国のライバルたちが翼の前に立ちはだかる……！,https://res.cloudinary.com/hggksoylm/image/upload/v1597977114/Animation/captaintubasa_mu0h1h.png,き,きゃぷてんつばさ
0,境界線上のホライゾン,サンライズ,2011,遠い未来。前地球時代の歴史書「聖譜」の記述に従いながら、人々は歴史再現を行っていた。だが、1648年の記述を最後に更新を止めてしまう。各国は歴史再現を続けながら、その先の未来を切り拓く術を模索することとなった。そして現在、1648年。運命の終わる時「末世」を迎え、世界は大きく変わろうとしていた…。,https://res.cloudinary.com/hggksoylm/image/upload/v1597977317/Animation/kyoukaisenjounohorizon_gttcbc.png,き,きょうかいせんじょうのほらいぞん
0,境界の彼方,京都アニメーション,2013,｢ある一族｣たった一人生き残った少女 と、存在しないはずの｢半妖｣の少年。二人の物語。半妖の少年、神原秋人はある日の放課後、屋上から今にも飛び降りそうな少女と出会う。彼女の名前は栗山未来。異界士の中でも特異な呪われた血を持つ一族の最後の生き残りだった。変わらない部室。変わらない日常。変わらない世界。そんな毎日を過ごすはずだった。だが、一人生き残った少女と半妖の少年が出会ったとき―――世界が一変する。京都アニメーションが贈る青春アクションファンタジー作品。,https://res.cloudinary.com/hggksoylm/image/upload/v1597977299/Animation/kyokainokanata_hry19a.png,き,きょうかいのかなた
0,京都寺町三条のホームズ,アニメーションスタジオ・セブン,2018,京都の寺町三条商店街にポツリとたたずむ、骨董品店『蔵』。女子高生の真城葵はひょんなことから『蔵』の店主の息子、家頭清貴と知り合い、アルバイトを始める。清貴は、物腰は柔らかいが恐ろしく勘が鋭く『ホームズ』と呼ばれていた。葵は清貴とともに、客から持ち込まれる骨董品にまつわる様々な依頼を受けていく。,https://res.cloudinary.com/hggksoylm/image/upload/v1597977309/Animation/kyototeramatisanjounohoms_tnhx6m.png,き,きょうとてらまちさんじょうのほーむず
0,巨人の星,東京ムービー,1968,星飛雄馬は、幼い頃から父・一徹により野球の英才教育を受けて育った。父が果たせなかった夢、巨人軍の明星となるために……。青雲高校に入学した飛雄馬は、親友・伴宙太とバッテリーを組豪速球投手として甲子園大会に出場する。ライバル花形満、左門豊作との死闘。そして夢かなって巨人軍に入団した後も、彼らとの戦いはプロ野球界に舞台を移して続いてゆく。飛雄馬は、魔球・大リーグボールを開発・駆使して、数々の試合にのぞむ。,https://res.cloudinary.com/hggksoylm/image/upload/v1597977321/Animation/kyozinnohosi_whcuws.png,き,きょじんのほし
0,キョロちゃん,グループ・タック,1999,ここはエンゼルアイランド。 澄み渡る青い海と、緑にかこまれた南の島。 幻の秘宝を探し求めて、マツゲール博士は島の洞窟を探索中にひとつの卵を発見する。 突然、卵が割れて中から可愛い鳴き声と共に飛び出した一羽の鳥、それが”キョロちゃん”だった。 今、始まるエンゼルアイランドのキョロちゃん物語。,https://res.cloudinary.com/hggksoylm/image/upload/v1597977303/Animation/kyorochan_wmdbh9.png,き,きょろちゃん
0,キルラキル,TRIGGER,2013,父の死の謎を追い転校してきた少女・纏流子。転校した本能字学園は、着た者に特殊な能力を授ける『極制服』により絶対的な力と恐怖で生徒会会長・鬼龍院皐月が支配していた。その出会いは、偶然か、必然か。学園に巻き起こる波乱は、やがて全てを巻きこんでいく！,https://res.cloudinary.com/hggksoylm/image/upload/v1597977253/Animation/kirurakiru_uvqf8m.png,き,きるらきる
0,きんいろモザイク,Studio五組,2013,大宮忍、15歳。黒髪たれ目の純和風女子高生ですが、中学生の頃はイギリスに(少しだけ)ホームステイしてました。帰国後も外国への想いをつのらせていた忍に、ある日一通のエアメールが届きます。｢シノブ、今度は私が日本にいくよ!｣差出人はアリス・カータレット。ホストファミリーの一人娘で、金髪碧眼の英国少女!クラスメイトの小路綾&猪熊陽子に、アリスの幼なじみにしてもう一人のイギリスっ子の九条カレンも巻き込めば、5人の日々はきらきら輝くモザイクみたい――日英美少女ゆるふわ学園コメディ、はじまるよ!,https://res.cloudinary.com/hggksoylm/image/upload/v1597977240/Animation/kiniromozaiku_xlcfjn.png,き,きんいろもざいく
0,キングダム,ぴえろ,2012,紀元前、中国。時代は春秋・戦国時代。西方の国・秦(しん)で、戦災孤児として暮らしていたふたりの少年・信(しん)と漂(ひょう)の夢は、日々鍛錬を積み、いつか戦で武功を立てて天下の大将軍になること。そんなふたりにある転機が訪れる。王宮に仕える大臣・昌文君(しょうぶんくん)の目に留まった漂が王宮に召し上げられたのだ。だがほどなくして王宮の勢力争いに巻き込まれ大けがを負った漂が、命からがら故郷へと戻ってくる。そして漂から託された地図を頼りに訪れた村で信は、漂とうり二つの少年・政(せい)と出会う。この少年こそ秦王・?政(えいせい)―――後の始皇帝であった。,https://res.cloudinary.com/hggksoylm/image/upload/v1597977237/Animation/kingdam_mt9ale.png,き,きんぐだむ
0,金田一少年の事件簿R, 東映アニメーション,2014,あの“金田一少年の事件簿”が帰ってくる！！名探偵・金田一耕助の孫、金田一一（はじめ）。普段は冴えない高校生だが、事件が起きると幼馴染みの七瀬美雪、仲の良い剣持警部、ライバルの明智警視らと共に抜群の推理力で難事件を解決していく。原作は推理漫画の先駆けとして1992年から2001年まで、「週刊少年マガジン」（講談社）で連載された「金田一少年の事件簿」。2004年からは不定期連載となり、2013年からは「金田一少年の事件簿R（リターンズ）」と改題して連載されている。そして今回、ファンの熱い要望に応え、「金田一少年の事件簿R（リターンズ）」として連続TVアニメが復活した。前作のキャスト・スタッフが集結し、21世紀に新たな旋風を巻き起こす！！,https://res.cloudinary.com/hggksoylm/image/upload/v1597977226/Animation/kindaitisyounennozikenbou_vxpx3j.png,き,きんだいちしょうねんのじけんぼうりたーんず
0,キン肉マン, 東映動画,1983,ドジなダメ超人としてみんなからバカにされ、一人寂しく公園で暮らしていたキン肉マン。ある日彼は、キン肉星から迎えに来た使者のミートから、自分がキン肉星の王子である“キン肉スグル”であることを知らされる。両親であるキン肉大王とキン肉王妃が宇宙旅行をしていた際、宇宙船に紛れ込んだブタと間違えて地球に捨ててしまったというのだ。その日から、運命は大きく動き始める。超人オリンピックが開催されることになり、キン肉マンは前チャンピオンのロビンマスクの友情によって、日本代表に選ばれる。勇躍して出場するや、時に大失敗したり、時に臆病風に吹かれたりしながらも、持ち前の強靱な肉体とド根性で大活躍！　テリーマンやラーメンマンといった正義超人たちとの絆を力に、正義と友情に目ざめ、一流の超人へと成長してゆく。,https://res.cloudinary.com/hggksoylm/image/upload/v1597977245/Animation/kinnikuman_iwmptj.png,き,きんにくまん
0,逆転裁判 ～その｢真実｣、異議あり！～,A-1 Pictures,2016,奇想天外な事件に巻き込まれた依頼人たち。主人公の新人弁護士、成歩堂龍一が彼らの容疑を晴らすために立ち上がる。被告人は有罪なのか、無罪なのか…。成歩堂は依頼人を信じ、ライバル検事らと法廷で熱いバトルを繰り広げる。絶体絶命のピンチに追い込まれ、万事休すかという瞬間、異議あり！の言葉と共にわずかな証拠から、ムジュンを突き、華麗なる逆転劇を巻き起こす！,https://res.cloudinary.com/hggksoylm/image/upload/v1597977183/Animation/gyakutensaiban_xlbpkm.png,ぎ,ぎゃくてんさいばんそのしんじついぎあり
0,逆境無頼カイジ,マッドハウス,2007,伊藤開司=カイジは定職に就かず、自堕落な生活を送る青年。ある日カイジの元に遠藤と名乗る男が訪ねて来る。カイジが保証人となった友人が逃げたため、債務の取り立てにやってきたのだ。その額385万円。そんな大金を返せないというカイジに、遠藤は｢大金を手にするチャンスがある｣と誘いをかける。それを罠と知らず、カイジはある豪華客船に乗船する。その船は借金を背負った｢負け犬｣たちを乗せたギャンブル・クルーズを主催する船だった……!!,https://res.cloudinary.com/hggksoylm/image/upload/v1597977175/Animation/gyakkyouburaikaizi_z95ihm.png,ぎ,ぎゃっきょうぶらいかいじ
0,ギルティクラウン,プロダクションI.G 6課,2012,2029年、突如発生した“アポカリプスウィルス”の蔓延によって、大混乱に陥った日本。無政府状態となったこの国は、超国家間で組織された“GHQ”の武力介入を受け、その統治下に置かれることとなる。のちに「ロスト・クリスマス」と呼ばれるこの事件をきっかけに、日本は独立国家としての体を失い、形だけの自治権を与えられ、人々はかりそめの平和を享受していた。そして時は流れ、10年後の2039年。鬱屈した気持ちを抱えながら、どこか世間に冷めた視線を送る少年の名は、桜満集（おうましゅう）。天王州第一高校に通う高校2年生の彼は、クラスメイトたちとも一定の距離を保ち、ただ漫然と、平穏な日々を送っていた。しかし集の平穏な日常はある日、突然、打ち破られる。放課後、お気に入りの場所で出会った、ひとりの少女。彼女の名は、楪いのり（ゆずりはいのり）といった。集が憧れ、ウェブ上で絶大な影響力を誇る人気の歌姫。そして彼女には、もうひとつの裏の顔があった。”ＧＨＱ”からの「日本の解放」を謳い、命を賭けて孤独な戦いを続けるレジスタンス組織”葬儀社”。いのりは、17歳の若き首領恙神涯（つつがみがい）に率いられたこの組織のメンバーでもあったのだ。いのりや涯たちに導かれ、“葬儀社”の活動に関わり始める集。そして、彼の右手に現れる“王の刻印”。その“印”により集は、人の身体から「ヴォイド」と呼ばれる物質を自在に引き出し、それを武器に闘う力を得る。しかしそれはまた、彼が背負った“罪の王冠”の物語の始まりでもあった……。,https://res.cloudinary.com/hggksoylm/image/upload/v1597977161/Animation/guiltycrown_dpwldp.png,ぎ,ぎるてぃくらうん
0,銀河鉄道999,東映アニメーション,1978,西暦2×××年、地球の人間たちは、体を機械化させて、その寿命を数百年に延ばしていた。しかし、母と二人暮らしの星野鉄郎は、貧しさのため、未だ生身の体のままだった。誰もが機械の体をもらえる星があり、銀河超特急999号にのればそこに行けるという。だが、母と二人でメガロポリスステーションを目指す途中で、鉄郎の母は、生身の人間を狩るのを趣味とする機械伯爵に撃たれてしまう。鉄郎は、たった一人雪原に倒れていたところを謎の美女メーテルに助けられる。彼女はまた、鉄郎に銀河鉄道の無期限定期を与え、一緒に旅をすることを約束させる。無限の宇宙の彼方の夢と希望の星を目指して、鉄郎の果てしない旅が今はじまる。,https://res.cloudinary.com/hggksoylm/image/upload/v1597977147/Animation/gingatetudou999_vvdcxu.png,ぎ,ぎんがてつどうすりーないん
0,銀河へキックオフ,ＴＹＯアニメーションズ,2012,下手だけどサッカーが大好きな少年・大田翔。だが、所属する6年生チーム・桃山プレデターは人数不足のために解散状態。落ち込む翔だったが、持ち前の情熱でクセの強い仲間を集めてプレデターを再結成、銀河一のチームになるために進み始める。,https://res.cloudinary.com/hggksoylm/image/upload/v1597977134/Animation/gingahekickoff_quifle.png,ぎ,ぎんがへきっくおふ
0,銀魂 (1年目),サンライズ,2006,天人(宇宙人)が来襲して、価値観が変わってしまった町、江戸。宇宙人や高層ビル、バイクなど何でもありの世界で変わらない“魂”を持った最後のサムライがいた。男の名は坂田銀時。いい加減で無鉄砲、でもキメるところはさりげなくキメたりして…。笑えて、泣けて、心温まる、銀さんと仲間たちの生き様、得とご覧あれ！,https://res.cloudinary.com/hggksoylm/image/upload/v1597977154/Animation/gintama_nnecjf.png,ぎ,ぎんたまいちねんめ
0,銀の匙 Silver Spoon（第1期）,A-1Pictures,2013,荒川弘によって生み出された、酪農青春グラフィティー「銀の匙 Silver Spoon」。小学館刊行の「週刊少年サンデー」にて、2011年より連載が開始し、現在も好評連載中の本作。進学校での激しい学力戦争から逃れ、自信を失っていた八軒勇吾が、「寮があるから。」という理由で入学した大蝦夷農業高等学校（通称：エゾノー）で“仲間”との出会いや、“農業”や“酪農”の体験を通じて成長していく姿を描く。「農業の世界」という、実際はあまり認知されていない、“ファンタジー”にも見える世界でのリアルな出来事が新鮮なエンターテイメントとして提供され、また、登場人物たちの成長や絆を描く王道の「青春ドラマ」は読者の共感を読んでいる。さらに、「農業の世界」をリアルに描くという作品の特性上、世代・性別を問わず読まれ、その結果、コミックスの累計発行部数は、2013年10月18日に発行された第9巻までを含め、1200万部を超える大ヒット作品となっている。その「銀の匙 Silver Spoon」が満を持して、アニメーション化。,https://res.cloudinary.com/hggksoylm/image/upload/v1597977325/Animation/ginnosazi_nofiy5.png,ぎ,ぎんのさじだいいっき
0,空戦魔導士候補生の教官,ディオメディア,2015,「地上を≪魔甲蟲≫と呼ばれる魔物に支配され、天空の浮遊都市へ追いやられた人類は、≪魔甲蟲≫に対抗しうる存在――空戦魔導士を生み出した。空戦魔導士の育成機関である学園浮遊都市≪ミストガン≫の生徒、カナタ・エイジは≪黒の剣聖(クロノス)≫の称号を持つエリートエース。しかし、今では“とある事件”から「裏切り者」の烙印を押され、前線を退いていた。そんなカナタが、“おちこぼれ”と揶揄されるE601小隊の教官に任命される。この小隊に所属するのは、一癖も二癖もある3人の少女。彼女たちに叩き込むカナタの指導法は、荒唐無稽な常識外のものばかりで…「俺がお前たちを最強の空戦魔導士にしてやるよ」“裏切り者”教官の型破りな指導で「最強の空戦魔導士」を目指す！“落ちこぼれ”少女たちの成長の物語が今、始まる。,https://res.cloudinary.com/hggksoylm/image/upload/v1597983840/Animation/kusenmadoushikouhoseinokyoukan_ubhtek.png,く,くうせんまどうしこうほせいのきょうかん
0,クズの本懐,Lerche,2017,報われない恋　切ない恋　片想い　それってそんなに美しい物ですか　高校二年生の安楽岡花火は、叶わぬ恋に身を焦がしていた。大事な人を傷つけ、傷つきながらも求めてしまう人のぬくもり。これは、あまりにも純粋で歪んだ恋愛ストーリー。,https://res.cloudinary.com/hggksoylm/image/upload/v1597983847/Animation/kuzunohonkai_qzjzy0.png,く,くずのほんかい
0,クッキングパパ,サンシャインコーポレーション,1992,荒岩家の台所を仕切る荒岩一味（あらいわかずみ）は、金丸産業に勤め上司・部下からも信頼されるサラリーマン。妻・虹子、長男・まこと、そして後に誕生する長女・みゆきを交えた家族4人を中心に、サラリーマンとして、父として、そして夫として、それぞれの立場で出会った人々が一味の持つプロ顔負けの料理を食べ心を通わせてゆく。,https://res.cloudinary.com/hggksoylm/image/upload/v1597983851/Animation/cookingpapa_rmui7q.png,く,くっきんぐぱぱ
0,くまみこ,キネマシトラス,2016,東北地方のとある山奥、中学生のまちは熊を奉る神社に巫女として仕えていました。ある日、まちは後見人(人？)であるクマのナツに｢都会の学校に行きたい｣と訴えます。やる気はあっても根気はない、世間知らずのまちに、心配性のナツは都会で生きていくために必要なあらゆる試練を与えていくのですが…。,https://res.cloudinary.com/hggksoylm/image/upload/v1597983855/Animation/kumamiko_wvn5ic.png,く,くまみこ
0,クラシカロイド,サンライズ,2016,音楽で町おこしをする地方都市に住む高校生・歌苗(かなえ)と奏助(そうすけ)の前にベートーヴェンとモーツァルトがあらわれた！“クラシカロイド”を名乗る、このあやしいふたりが奏でる音楽“ムジーク”には奇妙な力が・・・。星が降ったり、巨大ロボがあらわれたりと、毎日大騒ぎ！バッハ、ショパン、シューベルトと次々あらわれるクラシカロイド。彼らの力に秘められた大いなる謎とは？クラシカロイドは人類の敵か味方かそれとも・・・？！,https://res.cloudinary.com/hggksoylm/image/upload/v1597983860/Animation/clasicaloid_r3rdg0.png,く,くらしかろいど
0,Classroom☆Crisis,Lay-duce,2015,火星に作られた日本の新たな都道府県のひとつ、「第４東京都」。この都市の経済特区である「霧科市」に、航空宇宙事業で名をあげた超一流企業、「霧科コーポレーション」があった。この会社は様々なジャンルにシェアを広げつつ、「霧科科学技術学園」という私立学校も運営していた。これだけでも特殊なのだが、さらに異彩を放つクラスが学園内にある。昼は学園で生徒として勉学に勤しみ、放課後は社員として会社に出社し発展型試作ロケットの開発という重要なプロジェクトに携わっているのだ。それが「霧科コーポレーション先行技術開発部 教育開発室」――通称「A-TEC」である。この部署の室長を務める若き天才エンジニア瀬良カイトは、学園に通うA-TECの生徒達の担任教師でもあり、熱血ロケット先生と呼ばれ親しまれて（？）いた。物語はこのA-TECに転校生がやってくることから始まる。新しい仲間を迎え入れようとするA-TECだが、火星へ向かう途上で転校生が誘拐されてしまう事件が発生。この難局を乗り切れるのは自分たちだけだと判断したカイトはA-TECのメンバーたちと共に、前代未聞の救出作戦に乗り出した――,https://res.cloudinary.com/hggksoylm/image/upload/v1597983864/Animation/classroomcrisis_jyhzgt.png,く,くらするーむくらいしす
0,CLANNAD,京都アニメーション,2007,人と人との｢絆｣をテーマに、ピュアな感動に満ちたストーリーで人気を博した同名の恋愛アドベンチャーゲーム｢CLANNAD(クラナド)｣。本作はその世界観を忠実に再現し、主人公・朋也と少女たち(渚、杏、椋、智代、風子、ことみ)との交流と成長を描いた物語である。アニメーション制作は｢AIR｣｢Kanon｣｢けいおん！｣などで圧倒的な支持を得ている京都アニメーションが担当。ヒロインたちの細やかな表情、暖かさを感じさせる風景の描写など、全てにおいてハイクオリティな作品に仕上がっている。,https://res.cloudinary.com/hggksoylm/image/upload/v1597983868/Animation/clannad_dq4w1o.png,く,くらなど
0,黒子のバスケ　第1期,プロダクション I．G,2012,誠凛高校のバスケ部に超影の薄い新入生、黒子テツヤが入部した。運動能力は平均以下だが、その影の薄さゆえに、相手に気づかれないようにパスを回すことができる…。さらに、誠凛バスケ部は火神大我という超大型新人を獲得する。「影」の黒子と、「光」の火神。ふたりは互いの力に支えられながら、ライバルたちに挑む！,https://res.cloudinary.com/hggksoylm/image/upload/v1597983872/Animation/kurokonobasuke1_am27uv.png,く,くろこのばすけだいいっき
0,黒執事,A-1Pictures,2008,19世紀英国｡ ”悪の貴族”と呼ばれる少年の側には､必ず一人の”執事”がいた｡19世紀後半､ヴィクトリア朝時代の英国｡名門貴族・ファントムハイヴ家の執事・セバスチャン｡彼は､知識・教養・品位・料理・武術…全てにおいて完璧｡わがままな12歳の主人・シエルを相手に､今日も漆黒の燕尾服姿で華麗に執務をこなす｡ 上質な執事アニメで､至高なるひとときをあなたに…｡,https://res.cloudinary.com/hggksoylm/image/upload/v1597983877/Animation/kuroshituzi_xox5jm.png,く,くろしつじ
0,繰繰れ！コックリさん,トムス・エンタテインメント,2014,ひとりぼっちの市松こひなに取り憑いた狐の物の怪コックリさんは、「質問」は某検索サイト以下だが、家事は完璧にこなす、そこそこ優秀な狐の物の怪だった！こひなのカップメンを愛しすぎる食生活を管理し、残念な言動を更生させようとするその姿はまるでオカン！そこにこひなを溺愛する狗の物の怪“狗神”と、ダメオヤジな化け狸“信楽”も棲み憑いて、コックリさんの苦労は３倍に！？デンパ少女と、ときにイケメンたまにモフーンなアニマルたちが織りなす、非日常系モフモフコメディ！！,https://res.cloudinary.com/hggksoylm/image/upload/v1597983881/Animation/gugurekokkurisan_qxem1q.png,ぐ,ぐぐれこっくりさん
0,グラスリップ,P.A.WORKS,2014,ガラス工房を営む一家の娘・深水透子は、友人の家にあるカフェ｢カゼミチ｣を友人たちとの憩いの場所にしている。高校3年の夏休み、彼女たちの前に現れた転校生の少年・沖倉 駆は、透子に、自分には未来の声が聴こえると語りかける。もし、あらかじめ未来を知ることができるのなら、自分は何を望むのだろう? 感じたことのない動揺を覚えながらも、透子は胸の中に、放っておけない感情が生まれていることに気が付く...。,https://res.cloudinary.com/hggksoylm/image/upload/v1597983886/Animation/glasslip_v5yscv.png,ぐ,ぐらすりっぷ
0,グラゼニ,スタジオディーン,2018,プロ野球球団 神宮スパイダースに所属する左利きの中継ぎ、サイドスロー投手の凡田夏之介（26歳 独身）は、高卒プロ入り8年目で年俸1800万円。決して“一流投手”とは言えない待遇の選手である。“30越えたらあと何年できるか分からない”“引退してコーチや解説者になれる人はほんの一握り”“引退後は年収100万円台の生活に陥ってしまう人もいる”“プロ野球選手は現役のうちに稼がなければならない！”そんな厳しい現実を見据えながらも凡田はあるフレーズを繰り返していた。「グラウンドには銭が埋まっている」凡田は今日もマウンドに上がる。そう、「グラゼニ」を夢見て！,https://res.cloudinary.com/hggksoylm/image/upload/v1597983890/Animation/gurazeni_yedgxt.png,ぐ,ぐらぜに
0,グランクレスト戦記,A-1 Pictures,2017,「わたしは騎士テオの聖印と契約し、永遠の忠誠を誓います」孤高の魔法師シルーカと、放浪の騎士テオ。ふたりが交わした主従の誓いは、混沌と戦乱の大陸に変革の風をもたらすのか混沌がすべてを支配する大陸、アトラタン。人々は混沌により生じる災害に怯え、それを鎮める力“聖印”を持つ者、〈君主（ロード）〉に守られ生きてきた。だが、いつしか君主たちは「人々の守護」という理念を捨て、互いの聖印と領土を奪い合う戦乱へと突入していく。その中、理念なき君主たちを軽蔑する孤高の魔法師シルーカと、故郷を圧政から解放するべく修練の旅を続ける放浪の騎士テオは出会う。テオの理想に触れたシルーカの強引な策略により、主従の契約を交わすことになった二人は、戦乱の巻き起こる大陸に、変革をもたらしていく。秩序の結晶である＜皇帝聖印(グランクレスト)＞を巡り繰り広げられる一大戦記ファンタジー、開幕！,https://res.cloudinary.com/hggksoylm/image/upload/v1597983894/Animation/grandkuresutosenki_ymn0px.png,ぐ,ぐらんくれすとせんき
0,ぐらんぶる,ゼロジー,2018,飛び込め、新世界へ―北原伊織は大学進学を機に、伊豆にある叔父のダイビングショップ「グランブルー」へ居候することになった。聞こえてくる潮騒、照り付ける太陽、一緒に暮らすことになるかわいい従姉妹…青春のキャンパスライフ！そんな伊織を待ち受けていたのは――野球拳以外のジャンケンを知らない屈強な男どもだった!!入学早々大学のダイビングサークル「Peek a Boo（ピーカブー）」に目をつけられてしまった伊織は、会長の時田信治と、三年生の寿竜次郎に唆され、いつの間にかサークルの一員としてバカ騒ぎに加わることとなる。大学で知り合った、イケメンだが残念なオタク・今村耕平も加わり、彼らの青春はどんどんおかしな方向へと転がっていく。居候先にはかわいい従姉妹である古手川姉妹がいるのに、妹の千紗には汚物扱いされるし、姉の奈々華は重度のシスコンで相手にされず。愛すべき全裸野郎どもに囲まれた伊織の大学生活、一体どうなってしまうのか……。,https://res.cloudinary.com/hggksoylm/image/upload/v1597983899/Animation/grandblue_n33cxj.png,ぐ,ぐらんぶる
0,GRANBLUE FANTASY The Animation,A-1Pictures,2017,ここは、空に多くの島が漂う、空の世界。神秘を奉る島ザンクティンゼルに暮らす少年・グランと一緒に暮らす相棒のビィは、ある日、空から落ちてきた少女・ルリアと出会う。ルリアは、この空の世界を強大な軍事力によって支配しようとする軍事国家・エルステ帝国から逃れてきたのだった。グランとルリアは、帝国から逃れるため、そしてグランの父が残した｢星の島イスタルシアで待つ｣という手紙を手に、壮大な空へと旅立つ。,https://res.cloudinary.com/hggksoylm/image/upload/v1597983903/Animation/granbluefantasy_vuhdln.png,ぐ,ぐらんぶるふぁんたじー
0,グランベルム, ?Nexus,2019,世界中の魔力が消失してから1000年近くの時間が過ぎ、すでに魔法は人々の記憶からもすっかり忘れられていた。そんな世界で生きる明るく元気な高校生、小日向満月は前向きに暮らしながらも、心のどこかに不安を抱えていた。自分には何もない――。勉強も運動も得意ではない彼女は、自分だけにできる“何か”に憧れていた。夜空の月がやけに大きく感じられた満月の晩。彼女はもうひとりの月の名を持つ少女、新月エルネスタ深海と出会う。それは魔法人形“アルマノクス”との遭遇でもあった。満月の運命の歯車が、軋んだ音を立てて今動き始める――。,https://res.cloudinary.com/hggksoylm/image/upload/v1597983908/Animation/grandberum_sbi6kn.png,ぐ,ぐらんべるむ
0,グリザイア：ファントムトリガー THE ANIMATION,バイブリーアニメーションスタジオ,2019,“国の組織ＣＩＲＳ(サーズ)”によって新たに作られた、特殊技能訓練校「美浜学園」…様々な理由で行き場を失くした少女たちに与えられたのは、銃と実弾。拳銃を使用するレナ、狙撃を得意とするトーカ、爆弾と情報処理のクリス、諜報活動担当の忍者ムラサキ。彼女たちは、日々、ＳＯＲＤ(ソード)のメンバーとして、警察や自衛隊には解決できない事件にあたり、危険な活動を繰り返す。Ｋ県Ｕ港――。入国予定だった要人が突如として姿を消した。ＳＯＲＤのメンバーは失踪事件の捜索を開始するが、消えた“荷物”を捉えようとする度に、もう少しの所で逃げていく。姉妹校『京船桜が丘』のＳＯＲＤメンバーである、双子姉妹との協力、および確執。そして――夜の街を疾走する謎の女ライダー「ソウルスピード」・マキの噂――。追跡はやがて壮絶な死闘となり、心身ともに引き裂かれてゆく。…しかしそれは、レナたちの出逢いにまで遡る過去への旅でもあった。,https://res.cloudinary.com/hggksoylm/image/upload/v1597983912/Animation/grizaiaphantomtrigger_bbgedx.png,ぐ,ぐりざいあふぁんとむとりがー
0,グリザイアの果実,エイトビット,2014,私立美浜学園――。一見すると普通の学園だが、そこには『訳あり』の５人の学生しか在籍していない。その場所に、新たな６人目の学生――風見雄二――が転入することになった。個性と言うにはあまりにも異質な学生達と、彼女らに劣らぬほどのアクの強い自我を持った風見雄二。互いに触れあううちに理解を深め、少しずつ干渉しあうことで、それぞれの内面へと影響を与えていく。過去に囚われた彼女達の物語が今、動き出す――,https://res.cloudinary.com/hggksoylm/image/upload/v1597983917/Animation/grizaianokazitu_ft8cfb.png,ぐ,ぐりざいあのかじつ
0,グリザイアの楽園,エイトビット,2015,学園からふらっと姿を消した雄二。いつものように彼の帰りを待つ美浜学園の少女たちが次に彼の姿を認めたのは、テロ事件の首謀者として報じられるテレビ画面の中だった。以来、忽然と不明になる雄二の行方。彼の無事と無実を信じる彼女たちは、風見雄二奪還のため、自らの安寧の日々を捨てて立ち上がる。少女たち向かう先にあるのは、運命か、それとも──。,https://res.cloudinary.com/hggksoylm/image/upload/v1597983922/Animation/grizaianorakuen_fefhpr.png,ぐ,ぐりざいあのらくえん
0,SSSS.GRIDMAN,TRIGGER,2018,"ツツジ台に住む高校1年生の響裕太は、ある日目覚めると記憶喪失になっていた。
そして裕太は古いパソコンに映る『ハイパーエージェント・グリッドマン』と出会う。グリッドマンは使命を果たせと語りかけ、裕太はその言葉の意味と記憶を探し始める。突然の事に戸惑いつつも、クラスメイトの内海将や宝多六花、新条アカネたちに助けられながら毎日を送る裕太だった。が、その平穏な日々は、突然現れた怪獣によって容易く踏みつぶされた――",https://res.cloudinary.com/hggksoylm/image/upload/v1597983927/Animation/gridman_smygoo.png,ぐ,ぐりっどまん
0,グリムノーツ The Animation,ブレインズ・ベース,2019,"人々は生まれたとき1冊の本を与えられる。生まれてから死ぬまで""運命の書""に記載された脚本の通りに生きる宿命。そんな中、空っぽの脚本である“空白の書”をもって生まれたエクスは、同じように“空白の書”をもった仲間、レイナ、タオ、シェインと出会い、自らの役割を見つける旅に出る。これは繰り返し読まれた童話の物語。",https://res.cloudinary.com/hggksoylm/image/upload/v1597983931/Animation/grimmsnotes_lrstvu.png,ぐ,ぐりむのーつ
0,けいおん！,京都アニメーション,2009,春、新入生がクラブを決めるころ。田井中律(たいなか りつ)は幼馴染の秋山澪(あきやま みお)を連れて軽音部の見学へ行く。しかし部員全員が卒業してしまった軽音部は、あらたに4人の部員が集まらないと廃部になってしまうという。琴吹紬(ことぶき つむぎ)という仲間を加えて、最後の一人をさがしているころ、｢軽音部｣を軽い音楽(口笛など)と勘違いしていた楽器初心者・平沢唯(ひらさわ ゆい)が入部してくる。,https://res.cloudinary.com/hggksoylm/image/upload/v1597985259/Animation/k-on_zfpw8r.png,け,けいおん
0,警視庁 特務部 特殊凶悪犯対策室 第七課 -トクナナ-,アニマ＆カンパニー,2019,ただ真っ直ぐに、憧れたものを追い続けて──はるか昔。この世界には、エルフ・ドワーフ・吸血鬼・ホムンクルス・人間など、数多の種族が存在していた。争いの絶えないヒエラルキーの頂点は『ドラゴン』。しかし長い時を経て『ドラゴン』は消え、残った種族たちも共存を選び、時代を重ねるごとに僅かな外見的特徴を残して皆ほぼ人間と変わらない姿となった。2×19年、東京。平穏になったと思われた現代。それでも犯罪がなくなったわけではない。かつて存在した『ドラゴン』に心酔し、その力を欲するあまり凶行に走る組織――『ナイン』。彼らは凶悪事件を引き起こし、現在の世界をつくり変えようと画策していた。『ナイン』に対抗するため、各分野のエキスパートを集めた対策室が警視庁で組成される。その名は『警視庁 特務部 特殊凶悪犯対策室 第七課――通称トクナナ』。個人の能力はずば抜けて高いものの、「はぐれ者集団」「ごくつぶし集団」とも噂されていた。そんなトクナナに、新たに所属することになった ルーキー・七月清司。個性溢れるメンバー達に翻弄されながら、持ち前の明るさと真っ直ぐさでナイン事件の解決に挑んでいく。次々と起こる難事件の中で、彼は自分の信じる正義を見つけられるのか――。,https://res.cloudinary.com/hggksoylm/image/upload/v1597985264/Animation/tokunana_y1k0pe.png,け,けいしちょうとくむぶとくしゅきょうあくはんたいさくしつだいななか
0,競女!!!!!!!!,XEBEC,2016,水着姿の美少女たちによるエキサイティングな水上の闘い「競女」！ルールはシンプル。「ランド」と呼ばれる水上に浮かぶステージの上で、尻や胸を駆使して戦い、最後まで立っていた選手が勝者だ。鍛え上げた肉体から繰り出される、胸と尻の超絶技！　熱き魂がこもった、荒ぶる尻、激しい胸のぶつかり合いに人々は魅了され、その勝者は富と名声が思いのまま！　そんな競女のトップ選手を目指し、選ばれた美少女アスリートたちが集う、瀬戸内競女養成学校。神無のぞみをはじめとした生徒たちは、みんな各自の得意分野を活かしつつ、自らの尻と胸を磨いてゆく。競女に青春を捧げる熱き乙女たちの、汗と友情の物語がいま始まる！,https://res.cloudinary.com/hggksoylm/image/upload/v1597985269/Animation/keijo_uhwfia.png,け,けいじょ
0,血界戦線,ボンズ,2015,かつて紐育(ニューヨーク)と呼ばれた街はたった一晩で消失した――一夜にして構築された霧烟（きりけぶ）る都市『ヘルサレムズ・ロット』。空想上の産物として描かれていた「異世界」を現実に繋げている街。その全貌は、未だ人知の及ばぬ向こう側であり霧の深淵を見る事は叶わない。人ではおこしえない軌跡を実現するこの地は今後千年の世界の覇権を握る場所とも例えられ様々な思惑を持つ者達が跳梁跋扈（ちょうりょうばっこ）する街となる。そんな世界の均衡を保つ為に暗躍する組織があった。その名は「秘密結社・ライブラ」少年・レオは、ふとしたきっかけからライブラの一員となるのだが…,https://res.cloudinary.com/hggksoylm/image/upload/v1597985273/Animation/kekkaisensen_ul0tyd.png,け,けっかいせんせん
0,潔癖男子！青山くん,スタジオ雲雀,2017,イケメンでサッカーU-16日本代表MFの高校生。しかし！彼は極度の潔癖症！！そんな青山くんの友情！努力！潔癖！？な青春が描かれた「潔癖男子！青山くん」が遂にTVアニメ化決定！！,https://res.cloudinary.com/hggksoylm/image/upload/v1597985277/Animation/keppekidansiaoyamakun_wdio7w.png,け,けっぺきだんしあおやまくん
0,けものフレンズ,ヤオヨロズ,2017,この世界のどこかにつくられた超巨大総合動物園｢ジャパリパーク｣。そこでは神秘の物質｢サンドスター｣の力で、動物たちが次々とヒトの姿をした｢アニマルガール｣へと変身――！訪れた人々と賑やかに楽しむようになりました。しかし、時は流れ……。ある日、パークに困った様子の迷子の姿が。帰路を目指すための旅路が始まるかと思いきや、アニマルガールたちも加わって、大冒険になっちゃった！？,https://res.cloudinary.com/hggksoylm/image/upload/v1597985282/Animation/kemonofrineds_pu2xah.png,け,けものふれんず
0,ケロロ軍曹 1stシーズン,サンライズ,2004,地球侵略のため、隠密行動中だったケロン星人のケロロ軍曹は、日向冬樹と日向夏美に捕まってしまう。本隊の一時撤退により、地球に取り残されてしまったケロロは、そのまま日向家に居候することに…。そんなケロロのもとに集まったケロロ小隊の仲間とともに、ケロロは地球侵略を企む。彼らの作戦は果たして成功するのか…？,https://res.cloudinary.com/hggksoylm/image/upload/v1597985287/Animation/kerorogunsou_ad3fbu.png,け,けろろぐんそうふぁーすとしーずん
0,賢者の孫,SILVER LINK.,2019,現代日本で働いていた青年は交通事故にあったことをきっかけに、赤ん坊として異世界へ転生！！賢者と呼ばれる男に拾われ、魔法を教わりながら「賢者の孫」として育っていく。その孫の名は……「シン」！シンは前世の記憶と賢者から教わった魔法で誰もが驚く「規格外」な強さを身に付けていく。15年が経ち、その成長を喜んでいたのも束の間、賢者から衝撃的な言葉が明かされるーーー。「あ、常識教えるの忘れとった！」魔法ばかりでこの世界のことを知らなかったシンは、常識と友達を得るため高等魔法学院へ入学することにーーーー！,https://res.cloudinary.com/hggksoylm/image/upload/v1597985291/Animation/kenjanomago_snttxo.png,け,けんじゃのまご
0,けんぷファー, NOMAD,2009,普通の高校生である瀬能ナツルは、ある朝目覚めると美少女になっていた！ さらに突然しゃべりだしたぬいぐるみから、戦うための存在「ケンプファー」に選ばれたと告げられる。次々とナツルを襲う美少女ケンプファーたち。そしてナツルをめぐり、恋の戦いも始まる。果たしてナツルの平穏な日々は戻ってくるのだろうか…？,https://res.cloudinary.com/hggksoylm/image/upload/v1597985296/Animation/kempfer_dbzh9w.png,け,けんぷふぁー
0,K,GoHands,2012,謎が謎を呼ぶ、オリジナルアニメーション作品『K』。現実とは微妙に異なった歴史を歩んだ現代日本を舞台に、7人の《王》それぞれの確執と、そこに巻き込まれる少年の運命が異能者バトルと共に描かれていく。,https://res.cloudinary.com/hggksoylm/image/upload/v1597985301/Animation/k_znfcun.png,け,けー
0,月刊少女野崎くん,動画工房,2014,無骨な男子高校生の野崎梅太郎に恋をした女子高校生の佐倉千代は、ある日、勇気を振り絞って告白をするのだが、想いは上手く伝わらず、気が付くと彼のとあるお仕事をアシスタントとして手伝うことに……。男子高校生でありながら人気の少女漫画家である野崎くんを中心に、個性豊かなキャラクターたちが織り成す少女漫画家男子コメディー！,https://res.cloudinary.com/hggksoylm/image/upload/v1597985305/Animation/gekkanshojonozakikun_nof4qz.png,げ,げっかんしょうじょのざきくん
0,GATE(ゲート) 自衛隊 彼の地にて、斯く戦えり,A-1 Pictures,2015,8月某日　東京　いつもと変わらないはずだったその日。東京・銀座に異世界への｢門(ゲート)｣が忽然と現われた。門から続々となだれ込んでくるモンスターの軍勢を撃退した陸上自衛隊は、門の向こう側の｢特地｣に進出。現地住民との接触を開始する。第三偵察隊を率いるオタク自衛官・伊丹二等陸尉は、｢特地｣を探索中に巨大な炎龍が集落を襲う場面に遭遇。生き残ったエルフの美少女を助けたことで、異世界の住民たちと交流を深めていく――。モンスターとの戦闘や現地住民との交流を通して、伊丹は｢異世界｣とどう向き合っていくのか。超スケールエンタメファンタジーの門(ゲート)が、今、開かれる！,https://res.cloudinary.com/hggksoylm/image/upload/v1597985310/Animation/gate_qbpzmd.png,げ,げーとじえいたいかのちにてようやくたたかえり
0,ゲーマーズ！,PINE JAM,2017,「……私に付き合って、ゲーム部に入ってみない？」趣味はゲームという以外目立った特徴もないモブキャラぼっちゲーマーの雨野景太は、ある日突然に学園一の美少女でゲーム部部長の天道花憐に声をかけられる。そこから景太の日常は一転、ゲーム好きな美少女たちとのラブコメ展開の日々が始まる……と思いきや!?ゲームの価値観以外はそっくりな、ぼっち女子ゲーマーの星ノ守千秋。クラスの中心人物で彼女持ちだけど隠れゲーム好きな、残念リア充の上原祐。祐の彼女でゲーム知識皆無の亜玖璃らを巻き込んで、お互いが勘違い、空回り、迷走を繰り返す、こじらせゲーマーたちによる“すれ違い青春錯綜系ラブコメ”が始まる。,https://res.cloudinary.com/hggksoylm/image/upload/v1597985315/Animation/gemers_cbxonk.png,げ,げーまーず
0,恋と嘘,ライデンフィルム,2017,「嘘」は許されない。「恋」はもっと許されない。満16歳になると政府から結婚相手が通知される超・少子化対策基本法、通称ゆかり法。相手探しの面倒もなく、国家から相性の良さが保証された「幸せ」を皆が受け入れていた。そんな世界で、主人公・根島由佳吏15歳はクラスの高嶺の花・高崎美咲に想いを寄せていた。16歳の誕生日を迎える夜に決意を固め、ついに長年の想いを伝える根島由佳吏だったが、その直後、彼のもとに政府通知が届く―――。科学の赤い糸で結ばれた相手とは・・・。「好きになるべき人」「好きになってはいけない人」を政府に一方的に決められてしまう世界。それは希望なのか、絶望なのか―少年少女たちのひたむきで純粋な想いが交錯する、未熟で儚い禁断の恋物語。,https://res.cloudinary.com/hggksoylm/image/upload/v1597987587/Animation/koitouso_cv1ick.png,こ,こいとうそ
0,恋と選挙とチョコレート,AIC Build,2012,"全校生徒6,000人を誇る高藤学園は、自治生徒会の手による管理体制のもと、多種多様なクラブが活動している。主人公・大島裕樹が所属する食品研究部(通称・ショッケン)もその中の一つで、気の合う仲間たちと楽しい時間を過ごしていた。ところが、自治生徒会次期会長最有力候補の東雲皐月が活動実績のないクラブを廃部にすると表明したため、ショッケンは存続のピンチに立たされる。そこで、裕樹とショッケン部員たちは、皐月を当選させないため、会長選挙に立候補を決意!自分たちのかけがえのない居場所を守るため、一丸となって選挙戦に挑む!",https://res.cloudinary.com/hggksoylm/image/upload/v1597987590/Animation/koitosenkyotochocorate_gmvtq8.png,こ,こいとせんきょとちょこれーと
0,紅殻のパンドラ,Studio五組・AXsiZ,2016,｢全身義体｣の少女、七転福音は、親類を頼って人造のリゾートアイランド｢セナンクル島｣に向かう。そこで待っていたのは重武装のテロリストや大量破壊兵器が跋扈する、途方もない｢新生活｣？だった。,https://res.cloudinary.com/hggksoylm/image/upload/v1597987592/Animation/kokakunopandra_aln2wo.png,こ,こうかくのぱんどら
0,甲鉄城のカバネリ,WIT STUDIO,2016,世界中に産業革命の波が押し寄せ、近世から近代に移り変わろうとした頃、突如として不死の怪物が現れた。鋼鉄の皮膜で覆われた心臓を撃ち抜かれない限り滅びず、それに噛まれた者も一度死んだ後に蘇り人を襲うという。後にカバネと呼ばれる事になるそれらは爆発的に増殖し、全世界を覆い尽くしていった。極東の島国である日ノ本（ひのもと）の人々は、カバネの脅威に対抗すべく各地に「駅（えき）」と呼ばれる砦を築き、その中に閉じ籠もることでなんとか生き延びていた。駅を行き来ができるのは装甲蒸気機関車（通称、駿城（はやじろ））のみであり、互いの駅はそれぞれの生産物を融通しあうことでなんとか生活を保っていた。製鉄と蒸気機関の生産をなりわいとする顕金駅（あらがねえき）に暮らす蒸気鍛冶の少年、生駒（いこま）。彼はカバネを倒すために独自の武器「ツラヌキ筒（づつ）」を開発しながら、いつか自分の力を発揮できる日が来るのを待ち望んでいた。そんなある日、前線をくぐり抜けて駿城（はやじろ）の一つ甲鉄城（こうてつじょう）が顕金駅（あらがねえき）にやってくる。車両の清掃整備に駆りだされた生駒（いこま）は、義務であるカバネ検閲を免除される不思議な少女を目撃する。その夜、生駒（いこま）が無名（むめい）と名乗る昼間の少女と再会するなか、顕金駅（あらがねえき）に駿城（はやじろ）が暴走しながら突入してきた。乗務員は全滅し、全てカバネに変わっていたのだ！顕金駅（あらがねえき）に溢れ出るカバネたち。パニックに襲われる人々の波に逆らうようにして、生駒（いこま）は走る。今度こそ逃げない、俺は、俺のツラヌキ筒（づつ）でカバネを倒す！―――こうして、本当に輝く男になるための生駒（いこま）の戦いが始まるのだった。,https://res.cloudinary.com/hggksoylm/image/upload/v1597987596/Animation/kotetujonokabaneri_crzbqb.png,こ,こうてつじょうのかばねり
0,幸腹グラフィティ,シャフト,2015,一人暮らしをする中学生・町子リョウ。一緒に住んでいた祖母を亡くしたあと、なぜかどんな料理も美味しいと感じられなくなってしまいます。そんなとき、同い年のはとこ・きりんが泊まりにくることに。優しいきりんと一緒に食べるご飯は、美味しくて、とてもとてもあたたかくて…。リョウの友人・椎名も交えて、食事でつながるあたたかな青春が今、はじまります！寂しい時は、ご飯を食べて一緒にぽかぽかしませんか？,https://res.cloudinary.com/hggksoylm/image/upload/v1597987599/Animation/koufukufrafitti_jfetkr.png,こ,こうふくぐらふぃてぃ
0,この素晴らしい世界に祝福を！,スタジオディーン,2016,ゲームをこよなく愛するひきこもり・佐藤和真(カズマ)の人生は、交通事故(！？)によりあっけなく幕を閉じた……はずだった｡だが、目を覚ますと女神を名乗る美少女・アクアは告げた｡｢ねぇ、ちょっといい話があるんだけど｡異世界に行かない？1つだけあなたの好きなものを持って行っていいわよ｣｢……じゃあ、あんたで｣RPGゲームのような異世界で、憧れの冒険者生活エンジョイ！めざせ勇者！……と舞い上がったのも束の間、異世界に転生したカズマの目下緊急の難問は、生活費を工面することだった！しかも、トラブルメーカーの駄女神・アクア、中二病をこじらせた魔法使い・めぐみん、妄想ノンストップな女騎士・ダクネスという、能力だけは高いのにとんでもなく残念な3人とパーティを組むことになって、さらなるカズマの受難は続く｡そして、カズマ達パーティはついに魔王軍にも目をつけられて―――！？平凡な冒険者・カズマが過ごす異世界ライフの明日はどっち！？,https://res.cloudinary.com/hggksoylm/image/upload/v1597987629/Animation/konosuba_dzhxow.png,こ,このすばらしいせかいにしゅくふくを
0,心が叫びたがってるんだ。,A-1 Pictures,2015,心の殻に閉じ込めてしまった素直な気持ち、本当は叫びたいんだ。幼い頃、何気なく発した言葉によって、家族がバラバラになってしまった少女・成瀬順。そして突然現れた“玉子の妖精”に、二度と人を傷つけないようお喋りを封印され、言葉を発するとお腹が痛くなるという呪いをかけられる。それ以来トラウマを抱え、心も閉ざし、唯一のコミュニケーション手段は、携帯メールのみとなってしまった。高校2年生になった順はある日、担任から「地域ふれあい交流会」の実行委員に任命される。一緒に任命されたのは、全く接点のない3人のクラスメイト。本音を言わない、やる気のない少年・坂上拓実、甲子園を期待されながらヒジの故障で挫折した元エース・田崎大樹、恋に悩むチアリーダー部の優等生・仁藤菜月。彼らもそれぞれ心に傷を持っていた。担任の思惑によって、交流会の出し物はミュージカルに決定するが、クラスの誰も乗り気ではない様子。しかし拓実だけは、「もしかして歌いたかったりする？」と順の気持ちに気づいていたが、順は言い出せずにいた。そして、だんまり女にミュージカルなんて出来るはずがないと、揉める仲間たち。自分のせいで揉めてしまう姿を見て順は思わず「わたしは歌うよ！」と声に出していた。そして、発表会当日、心に閉じ込めた“伝えたかった本当の気持ち”を歌うと決めたはずの順だったが…。,https://res.cloudinary.com/hggksoylm/image/upload/v1597987605/Animation/kokorogasakebitagatterunda_bdi2nc.png,こ,こころがさけびたがってるんだ
0,ココロコネクト,SILVER LINK.,2012,文研部に所属する五人、八重樫太一・永瀬伊織・稲葉姫子・桐山唯・青木義文は、奇妙な現象に直面していた。前触れなく起こった青木と唯の“人格入れ替わり”。。。それは次々と部員全員に襲いかかり、彼らを異常な日常に放り込む。戸惑いつつもどこかその状況を楽しむ太一たちだったが、心の連鎖は彼らの秘めた心の傷をも浮かび上がらせ…。平穏が崩れたその時、五人の関係は形を変える！,https://res.cloudinary.com/hggksoylm/image/upload/v1597987608/Animation/kokoroconect_uq2kpt.png,こ,こころこねくと
0,こちら葛飾区亀有公園前派出所,ぎゃろっぷ,1996,派出所に勤める両さんこと両津勘吉はお金もうけが大好きな型破りなおまわりさん。そんな両さんが、超絶セレブ中川・麗子、超堅物上司の大原部長、他にも大勢いる超個性豊かなキャラ達とドタバタ人情ギャグを繰り広げるぞ！！,https://res.cloudinary.com/hggksoylm/image/upload/v1597987612/Animation/kotirakatusikakukamearikouenmaehasyutujo_wiffbd.png,こ,こちらかつしかくかめありこうえんまえはしゅつじょ
0,コップクラフト,ミルパンセ,2019,一五年前、太平洋上に未知の超空間ゲートが出現した。その向こうに存在したのは、妖精や魔物のすむ奇妙な異世界「レト・セマーニ」だった。「サンテレサ市」。二〇〇万を越える両世界の移民が住む都市。雑多な民族と多彩な文化。そして持てる者と、持たざる者。ここは世界で最も新しい『夢の街』。だがその混沌の影には、数々の犯罪がうごめいていた。麻薬、売春、武器密売。それら凶悪犯罪に立ち向かう刑事たちが、サンテレサ市警察に存在していた……。刑事マトバ・ケイと異世界人の騎士ティラナ、性別も性格もそして「生まれた世界」も違う二人が出会うとき、事件は起きる。二つの世界　二つの正義　その先に－バディポリスアクション開幕！,https://res.cloudinary.com/hggksoylm/image/upload/v1597987615/Animation/copcraft_mrxmg6.png,こ,こっぷくらふと
0,琴浦さん,AIC Classic,2013,翠ヶ丘高校に転校してきた琴浦春香は、一見、普通の女子高生だが、実は人の心を読めてしまう能力の持ち主。その能力のため幼い頃から辛い経験を繰り返し、心を閉ざして周囲から距離を置いていたが、クラスで隣の席になった真鍋義久との出会いがきっかけとなり、彼のエッチな妄想に振り回されながらも徐々に心を開いていく。やがて、その力に目をつけた御舟百合子によってなりゆきから彼女が部長を務めるESP研究会に入部することになるのだが…人の心が読める少女と彼女に惹かれる少年が織り成す学園ファンタジーラブコメ。,https://res.cloudinary.com/hggksoylm/image/upload/v1597987622/Animation/kotourasan_isvz0o.png,こ,ことうらさん
0,言の葉の庭,新海誠,2013,靴職人を目指す高校生・タカオは、雨の朝は決まって学校をさぼり、公園の日本庭園で靴のスケッチを描いていた。ある日、タカオは、ひとり缶ビールを飲む謎めいた年上の女性・ユキノと出会う。ふたりは約束もないまま雨の日だけの逢瀬を重ねるようになり、次第に心を通わせていく。居場所を見失ってしまったというユキノに、彼女がもっと歩きたくなるような靴を作りたいと願うタカオ。六月の空のように物憂げに揺れ動く、互いの思いをよそに梅雨は明けようとしていた。,https://res.cloudinary.com/hggksoylm/image/upload/v1597987625/Animation/kotonohanoniwa_ti5fqx.png,こ,ことのはのにわ
0,「聲の形」,京都アニメーション,2016,“退屈すること”を何よりも嫌う少年、石田将也。ガキ大将だった小学生の彼は、転校生の少女、西宮硝子へ無邪気な好奇心を持つ。彼女が来たことを期に、少年は退屈から解放された日々を手に入れた。しかし、硝子とのある出来事がきっかけで将也は周囲から孤立してしまう。やがて五年の時を経て、別々の場所で高校生へと成長したふたり。“ある出来事”以来、固く心を閉ざしていた将也は硝子の元を訪れる。これはひとりの少年が、少女を、周りの人たちを、そして自分を受け入れようとする物語――。,https://res.cloudinary.com/hggksoylm/image/upload/v1597987602/Animation/koenokatati_b5qxgt.png,こ,こえのかたち
0,このはな綺譚,Lerche,2017,あの世とこの世の間にある宿場町に建つ「此花亭」。期待と緊張で胸をふくらませ「此花亭」へ奉公にやってきた柚は、個性的な先輩仲居たちに囲まれながら、新人仲居として働き始める。ある日、柚は迷惑をかけてしまったお客様に「薬の材料である‘星‘を落として貰えませんか」と無理難題を出されてしまう…。,https://res.cloudinary.com/hggksoylm/image/upload/v1597987632/Animation/konohanakitan_k4jxjn.png,こ,このはなきたん
0,この美術部には問題がある！,feel.,2016,なんの変哲もない普通の学び舎｢月杜中学校｣。そこにある普通の美術部を舞台に、絵の才能に恵まれながら｢二次元嫁｣を描くことにしか興味のない内巻くんと、そんな内巻くんのことがどうにも気になっちゃう宇佐美さん。そして2人を気にしていないようで気にしている、いつも寝てばかりの部長、さらになんとなく気配だけはしている謎の部員コレットさん。そんな美術部で今日も何かが起こる……。,https://res.cloudinary.com/hggksoylm/image/upload/v1597987635/Animation/konobijutubunihamondaigaaru_lt4mnj.png,こ,このびじゅつぶにはもんだいがある
0,小林さんちのメイドラゴン,京都アニメーション,2017,独り身お疲れOLの小林さん。そんな彼女の家に尋ねてきたのは、なんとドラゴンだった！？茫然とする小林さんの目の前で、ドラゴンはメイド服を着た美少女へと変身する。どうやら昨夜、自分で家に誘ったらしいが、泥酔していて全く覚えていない小林さん。｢メイドとして働かせてください！｣――角に尻尾にメイドなドラゴン娘・トールとのポンコツでハチャメチャな新生活が始まる！,https://res.cloudinary.com/hggksoylm/image/upload/v1597987638/Animation/kobayasisantinomaidragon_zymozy.png,こ,こばやしさんちのめいどらごん
0,こみっくがーるず,Nexus,2018,"萌田薫子（P.N.かおす）15歳。職業高校生、そして4コマまんが家！まんが家専用の女子寮に引っ越してきた彼女は、同室の少女まんが家の小夢やTLまんが家の琉姫、少年まんが家の翼といった仲間に囲まれて、今日も楽しくネームにペン入れ、仕上げ作業に徹夜作業！
かわいくて面白い、まんが家寮生活が始まります",https://res.cloudinary.com/hggksoylm/image/upload/v1597987643/Animation/comickgirls_ommpcm.png,こ,こみっくがーるず
0,暦物語,シャフト,2016,怪異に曳かれつづけた阿良々木暦の一年間。これまでの“物語”と“物語”の間でひそかに生まれていたいまだ語られていないエピソードたちを、一月に一話からなる12編の短編連作で巡る。〈物語〉シリーズ公式アプリだけで視聴できる短編アニメという新たな形でつづられる、暦達が過ごした1年間。そして“物語”は運命の朝へ向かう――。,https://res.cloudinary.com/hggksoylm/image/upload/v1597987646/Animation/koyomimonogatari_iy2ech.png,こ,こよみものがたり
0,金色のガッシュベル！！,東映アニメーション,2003,天才ゆえに孤独な中学生・高嶺清麿。彼のもとに突然、不思議な子供が飛び込んできた。名前はガッシュ、魔界から送られてきたという。ガッシュは世界中に送り込まれた百人の魔物の子の一人。パートナーと共に戦い合って、最後に残った一人が魔界の王様になれるというのだ。王位を目指すガッシュは、清麿が手にした魔本の言葉を受け、襲いかかるライバルたちと激しいバトルを繰り広げてゆく。喜び、哀しみ、そしてかけがえのない絆…闘いの中で、やさしい王様になることを決意するガッシュ。心を閉ざしていた清麿も、ガッシュのピュアな気持ちに触れ、様々な経験を積みながら精神的成長を遂げてゆく。,https://res.cloudinary.com/hggksoylm/image/upload/v1597987649/Animation/konzikinogashbel_ylbiel.png,こ,こんじきのがっしゅべる
0,コードギアス 反逆のルルーシュ, サンライズ,2006,超大国ブリタニア帝国に占領された日本＝エリア11。そこに生きる二人の少年、ルルーシュとスザク。「ギアス」の力を手に入れ、世界を壊そうとするルルーシュ。ナイトメアフレーム「ランスロット」を操り、世界に理想と真実を求めるスザク。二人の対照的な生き方は、やがて帝国を揺るがす大きなうねりとなっていく。,https://res.cloudinary.com/hggksoylm/image/upload/v1597987653/Animation/codegeasshangyakunorurusyu_drnuf9.png,こ,こーどぎあすはんぎゃくのるるーしゅ
0,ご注文はうさぎですか？,WHITE FOX,2014,この春から高校に通うべく新しい街にやってきたココア。道に迷って偶然に喫茶ラビットハウスに入るが、実は、そこが彼女が住み込むことになっていた喫茶店だった。ちっちゃくてクールなチノ、軍人気質なリゼ、おっとり和風な千夜、気品あふれる庶民派シャロと全方位的なかわいさの登場人物に、チノの同級生マヤ＆メグ、常連客の青山ブルーマウンテン先生も加わってラビットハウスは今日もすべてがかわいい！,https://res.cloudinary.com/hggksoylm/image/upload/v1597987656/Animation/gotyumonhausagidesuka_vthejr.png,ご　,ごちゅうもんはうさぎですか
0,五等分の花嫁,手塚プロダクション,2018,貧乏な生活を送る高校２年生・上杉風太郎のもとに、好条件の家庭教師アルバイトの話が舞い込む。ところが教え子はなんと同級生！！　しかも五つ子だった！！全員美少女、だけど「落第寸前」「勉強嫌い」の問題児！最初の課題は姉妹からの信頼を勝ち取ること…！？毎日がお祭り騒ぎ！ 中野家の五つ子が贈る、かわいさ500％の五人五色ラブコメ開演！！,https://res.cloudinary.com/hggksoylm/image/upload/v1597987661/Animation/gotobunnohanayome_fpyt9l.png,ご,ごとうぶんのはなよめ
0,ゴブリンスレイヤー,WHITE FOX,2018,辺境のギルドには、ゴブリン討伐だけで銀等級（序列三位）にまで上り詰めた稀有な存在がいるという……。冒険者になって、はじめて組んだパーティがピンチとなった女神官。それを助けた者こそ、ゴブリンスレイヤーと呼ばれる男だった。彼は手段を選ばず、手間を惜しまずゴブリンだけを退治していく。そんな彼に振り回される女神官、感謝する受付嬢、彼を待つ幼馴染の牛飼娘。そんな、彼の噂を聞き、森人（エルフ）の少女が依頼に現れた――。,https://res.cloudinary.com/hggksoylm/image/upload/v1597987664/Animation/goblinslayer_gct42n.png,ご,ごぶりんすれいやー
0,ゴルゴ13,東京ムービー新社,1983,"カリフォルニア。船上パーティの最中、ドーソン・コンツェルンの後継者ロバートが殺された。狙撃者は、正確に相手の眉間を射抜いて殺すという超一流のプロ”ゴルゴ13”。息子の復讐を誓うドーソンは、FBI,CIA,ペンタゴンを動かしゴルゴ抹殺を図る。死地を逃れ、反撃にうつるゴルゴ。ドーソンのビルには、狂気の殺し屋ビッグ・スネーク、最強の暗殺者ゴールドとシルバーが待ち受ける。しかし、狙撃事件の裏には意外な真実が・・・・。",https://res.cloudinary.com/hggksoylm/image/upload/v1597987667/Animation/gorugo13_avszuv.png,ご,ごるごさーてぃーん
