0,PSYCHO-PASS　サイコパス,Production I.G,2012,あらゆる感情、欲望、社会病質的心理傾向はすべて記録され、管理され、大衆は「良き人生」の指標として、その数値的な実現に躍起になっていた。人間の心の在り方、その個人の魂そのものを判定する基準として取り扱われるようになるこの計測値を人々は「PSYCHO-PASS(サイコパス)」の俗称で呼び慣わした。犯罪に関する数値も“犯罪係数”として計測され、犯罪者はその数値によって裁かれる。治安維持にあたる刑事たちは常に、犯人を捕まえる実動部隊となる“執行官”と、執行官を監視・指揮する“監視官”のチームで活動する。自らが高い犯罪係数を持ち、犯罪の根源に迫ることのできる捜査官こそが優秀な“執行官”となりうる。それゆえに、犯罪者になりかねない危険も孕む“執行官”は、その捜査活動を冷静な判断力を備えたエリートである“監視官”に監視されている。公安局刑事課一係のメンバーはそれぞれの想いを胸に、正義の在処を常に突きつけられながら任務を遂行していかなければならない。彼らが立ち向かうものの先にあるのは――,https://res.cloudinary.com/hggksoylm/image/upload/v1598077194/Animation/psycopas_zp6vqy.png,さ,さいこぱす
0,PSYCHO-PASS サイコパス 2,Production I.G　タツノコプロ,2014,システムが正義を下し、銃が人を裁く近未来。銃の射手として犯罪者を追う刑事たち。システムを逸脱する犯罪に直面したとき、果たして──人間の心理状態や性格的傾向を計測し、数値化できるようになった近未来。人々はこの測定値を｢PSYCHO-PASS (サイコパス)｣の俗称で呼び、その数値を指標として｢良き人生｣をおくろうと躍起になっていた。犯罪も数値によって対処される。厚生省公安局の刑事たちは、高い犯罪係数を持ち犯罪者の心理に迫る猟犬｢執行官｣と冷静な判断力で執行官を指揮するエリート｢監視官｣がチームを組み、包括的生涯福祉支援システム｢シビュラシステム｣によって解析された犯罪に関する数値｢犯罪係数｣をもとに、都市の治安を守る。彼らは、数値が規定値を超えた罪を犯す危険性のある犯罪者｢潜在犯｣を追い、｢犯罪係数｣を瞬時に測定し断罪する銃｢ドミネーター｣で執行するのである。｢犯罪係数｣が正確に解析できない｢免罪体質者｣槙島聖護の事件を経て、刑事として成長し、シビュラシステムの真実を知るに至った監視官の常守朱は、人間性と法秩序を信じながらもシステムに従い、新たな刑事課一係を率いて日々犯罪に立ち向かっていた。システムを揺るがす怪物が、すぐ目の前まで忍び寄っていることを知らずに──,https://res.cloudinary.com/hggksoylm/image/upload/v1598077190/Animation/psycopas2_ou9ogo.png,さ,さいこぱすつー
0,冴えない彼女の育てかた,A-1 Pictures,2015,オタク高校生の「安芸倫也」は桜舞い散る坂道で、ある少女と運命的な出会いをする。インスピレーションを受けた倫也は、その少女をメインヒロインにしたギャルゲーの制作を思いつき、同学年の美術部エース「澤村・スペンサー・英梨々」と学年一位の優等生の先輩「霞ヶ丘詩羽」をスタッフに迎えようと邁進する。そんなある時、倫也は運命的な出会いをした少女が毎日クラスで顔を合わせている同級生で特に目立たない普通の女子「加藤恵」だったことを知り愕然とする。倫也は加藤恵をゲーム中で絶対的なヒロインにしようと決意するのだが・・・。,https://res.cloudinary.com/hggksoylm/image/upload/v1598077200/Animation/saenaihiroinnosodatekata_alp5eu.png,さ,さえないひろいんのそだてかた
0,冴えない彼女の育てかた♭,A-1 Pictures,2017,オタク高校生「安芸倫也」が、ある日桜舞い散る坂道で運命的な出会いをしたのは、クラスメイトで目立たない普通の少女「加藤恵」だった。恵をメインヒロインにしたギャルゲーを制作しようと考えた倫也は、原画担当に金髪の幼馴染「澤村・スペンサー・絵梨々」を、シナリオ担当に学年一の先輩優等生「霞ヶ丘詩羽」を加え、同人サークル“blessing software”を立ち上げる。そこに音楽担当となる従姉妹「氷堂美智留」を加え、ようやく彼らのギャルゲーは一つのルート完成までこぎつける。2カ月後に冬コミを控えた倫也たち。果たして無事にゲームを完成させることができるのか！？本格的青春グラフィティ再び、ここに開幕―。,https://res.cloudinary.com/hggksoylm/image/upload/v1598077205/Animation/saenaihiroinnosodatekatahurat_y7eiw6.png,さ,さえないひろいんのそだてかたふらっと
0,坂本ですが？,スタジオディーン,2016,この物語は、とあるクール、いや、クーレストな高校生・坂本の学園生活を綴ったものである――。 入学早々、クラスの、いや学校中の注目を集める一人の生徒がいた。その名は坂本(さかもと)。彼にかかれば、ただの反復横跳びは、秘技｢レペティションサイドステップ｣へと変貌し、上級生からの｢パシリ｣は、｢おもてなし｣へとクラスチェンジする。そんな彼のクールな一挙手一投足から、目が離せない。,https://res.cloudinary.com/hggksoylm/image/upload/v1598077211/Animation/sakamotodesuga_pnztll.png,さ,さかもとですが
0,咲-Saki-,GONZO,2009,宮永咲(みやながさき)は高校一年生。奇跡的な麻雀を打ってのける(毎局プラスマイナスゼロで和了(あが)ることができる)美少女。原村和(はらむらのどか)の天才的な打ち方に感化され麻雀部に入部することを決意する。二人の天才美少女が全国大会の頂点を目指す。,https://res.cloudinary.com/hggksoylm/image/upload/v1598077217/Animation/saki_jzrhek.png,さ,さき
0,櫻子さんの足下には死体が埋まっている,TROYCA,2015,北海道・旭川。この街には、「櫻子さん」が住んでいる。櫻子さんは、美人で名家のお嬢様。なのに三度の飯より「骨が好き」。そんな彼女と一緒にいると、なぜか僕まで骨と縁ができるようで。骨にまつわる事件と櫻子さんに振り回されっぱなしの僕だけど、それが嫌じゃないのは櫻子さん、きっと、あなたのせいだと思う。,https://res.cloudinary.com/hggksoylm/image/upload/v1598077222/Animation/sakurakosannoasimotonihasitaigaumatteiru_ffrlzm.png,さ,さくらこさんのあしもとにはしたいがうまっている
0,さくら荘のペットな彼女,J.C.STAFF,2012,学園の問題児の巣窟｢さくら荘｣に住む高校2年生の神田空太は、変人たちに振り回されながら、｢脱・さくら荘!!｣を誓う毎日。そんなある日、｢さくら荘｣に、可愛くて清楚で、しかも世界的な天才画家である椎名ましろが越してくる。彼女を寮の変人たちから守らねば!と考える空太だったが、ましろにはとんでもない秘密があった。なんと彼女は外に出れば必ず道に迷い、部屋はめちゃくちゃ、ぱんつすら自分で選べないし、穿けない、生活破綻少女だったのだ!空太は寮生たちによってましろの“飼い主”に任命されてしまう。こうして凡人・空太と天才少女・ましろの“飼い主とペット”生活が幕を開け・・・?この物語は、変人と天才と凡人が織りなす青春学園ラブコメである。,https://res.cloudinary.com/hggksoylm/image/upload/v1598077228/Animation/sakurasounopetnakanojo_nf9kcm.png,さ,さくらそうのぺっとなかのじょ
0,新サクラ大戦 the Animation,サンジゲン,2020,太正三十年。帝都・東京は、平和な日々を取り戻していた――――。そんな中、欧州へと旅立っていた帝国華撃団・花組隊長の神山が、莫斬科（モスクワ）華撃団の元隊員クラーラを連れて一次帰国する。一方、街では少女ばかりを狙った連続誘拐事件が発生。クラーラも事件に巻き込まれることに…………。何故、クラーラは狙われているのか？クラーラ来日の本当の目的とはいったい？クラーラ来日の本当の目的とはいったい？日露を股にかけた、壮絶な戦いが幕を開ける！！,https://res.cloudinary.com/hggksoylm/image/upload/v1598077233/Animation/sinsakurataisen_iihsug.png,し,しんさくらたいせんじあにめーしょん
0,サクラダリセット,david production,2017,住人の半数が特別な能力を持つ街、咲良田(さくらだ)。過去に体験したすべての記憶を思い出すことができる【記憶保持】の能力を持つ浅井ケイと、“世界を最大3日分巻き戻す能力”【リセット】を持つ春埼美空。彼女自身も、【リセット】の影響で、記憶を失ってしまうが、【リセット】によって記憶を失わないケイと力を合わせることで、二人は過去をやり直し、現在(いま)を変えることができる―。しかし、その二人にもやり直せない“過去”があった。それは、二年前に同級生の相麻菫を【リセット】の影響で失ってしまったこと。二人は【奉仕クラブ】という部活に所属し、生徒たちの様々な依頼をこなす日々を送りながら、相麻菫を生き返らせる方法を探っていた。そんな彼らのもとにある依頼が舞い込む―｢死んだ猫を生き返らせてほしい｣。過去に起こった“悲しみ”を消すために、少年と少女は時を駆け巡り、世界を変えていく―,https://res.cloudinary.com/hggksoylm/image/upload/v1598077238/Animation/sagradareset_rfhqcj.png,さ,さくらだりせっと
0,桜Trick,スタジオディーン,2014,廃校を三年後に控えた高校に通う春香と優。二人が、互いを｢特別なもの｣とするために行った｢キス｣は二人の関係をより深めていく…。楽しくも切ない女の子同士の青春。甘酸っぱい気持ちをあなたに届けます！少女同士の口づけの青春4コマがアニメ化決定！,https://res.cloudinary.com/hggksoylm/image/upload/v1598077244/Animation/sakuratrick_bo67ui.png,さ,さくらとりっく
0,殺戮の天使,J.C.STAFF,2018,"ビルの地下の最下層で目を覚ました少女、レイチェル。彼女は記憶を失い、自分がどうしてここにいるかさえ分からずにいた。地上を目指し、ビルの中をさまよう彼女の前に現れたのは、顔を包帯で覆い、死神のような鎌を持った殺人鬼ザック。「お願いがあるの…お願い、私を殺して」「一緒にここから出る手助けをしてくれよ。そしたらお前を、殺してやるよ」二人の奇妙な絆は、その"" 誓い""をキッカケに深まっていく。果たして、ここはどこなのか。二人は何の目的で閉じこめられたのか。彼らを待ち受ける運命とは。密閉されたビルから脱出する二人の決死行がはじまった……！",https://res.cloudinary.com/hggksoylm/image/upload/v1598077252/Animation/saturikunotensi_p3bazu.png,さ,さつりくのてんし
0,サムライチャンプルー,マングローブ,2004,『カウボーイビバップ』の渡辺信一郎が監督した新感覚サムライアニメ。時は江戸時代。ガラの悪いチンピラのような男ムゲン、剣の達人ジン、｢ひまわりの匂いのする侍｣を探してバイトを転々とする少女フウの3人が偶然出会った。性格のバラバラな3人は成り行きから一緒に旅をすることになり……!!,https://res.cloudinary.com/hggksoylm/image/upload/v1598077258/Animation/samuraichamploo_o3kjv7.png,さ,さむらいちゃんぷるー
0,さんかれあ,スタジオディーン,2012,"夢は｢ゾンビっ娘とチュッチュする｣こと!ゾンビをこよなく愛する高校1年生･降谷千紘(ふるやちひろ)は､ひょんなことから清楚可憐なお嬢様･散華礼弥(さんか れあ)と知り合い､一緒に愛猫｢ばーぶ｣の""蘇生""に取り組むことに｡でも､礼弥が発したひと言｢私が‥ゾンビになったら､ 責任取ってくれるってことですね‥‥?｣が､まさか実現するなんて!? 史上初?ゾンビに萌えちゃう青春ラブストーリー､ここに誕生!!",https://res.cloudinary.com/hggksoylm/image/upload/v1598077266/Animation/sankareaa_z126km.png,さ,さんかれあ
0,3月のライオン,シャフト,2016,主人公・桐山零は、幼い頃に事故で家族を失い、心に深い孤独を負う17歳のプロの将棋棋士。東京の下町に一人で暮らす零は、あかり・ひなた・モモという３姉妹と出会い、少しずつ変わり始めていく――。これは、様々な人間が何かを取り戻していく、優しい物語。そして、戦いの物語。,https://res.cloudinary.com/hggksoylm/image/upload/v1598077272/Animation/sangatunorion_xkqvfv.png,さ,さんがつのらいおん
0,残響のテロル,MAPPA,2014,ある夏の日──突然、東京を襲った大規模な爆弾テロ。平穏なこの国を眠りから覚ました事件の犯人は、たったふたりの少年だった──。“スピンクス”と名乗る犯人たちの、日本中を巻き込んだ壮大なゲームがいま、始まる。,https://res.cloudinary.com/hggksoylm/image/upload/v1598077277/Animation/zankyounoteroru_h4h5pn.png,ざ,ざんきょうのてろる
0,四月は君の嘘,A‐1 Pictures,2014,「14歳の春――僕は、君と走りはじめる」　　からっぽになった少年が一人の少女と出逢う。少女の、自由で情熱的な音楽の調べが、少年の止まっていた時間を突き動かす。11歳の冬――早熟の天才ピアニスト・有馬公生は母親を失ったショックから演奏をするとピアノの音が聴こえなくなるというトラウマを背負ってしまう。以来、少年は次第にピアノから遠ざかっていく。ピアノと母親を失った彼の日常はモノトーンのように色をなくしてしまっていた。そんなある日、公生を子供の頃から見てきた幼なじみ澤部椿は、あるクラスメイトを紹介する。クラスメイトの名前は宮園かをり。彼女はコンクールに出場するヴァイオリニストだった。楽譜を超え、自分なりのスタイルで課題曲を演奏するかをり。その奔放な演奏を見て、モノトーンだった公生の世界がカラフルに色づきはじめる。「暴力上等、性格最低、印象最悪・・・・・・でも、彼女は・・・・・・・・・美しい」。音楽が導くボーイ・ミーツ・ガール。情熱的なヴァイオリンの響きが、凍りついたピアノを融かしたとき、2人は豊かなハーモニーを奏でるのだ。,https://res.cloudinary.com/hggksoylm/image/upload/v1598080841/Animation/sigatuhakiminouso_d6xuob.png,し,しがつはきみのうそ
0,史上最強の弟子　ケンイチ,ブレインズ・ベース,2006,中学時代、理不尽ないじめにあっていた白浜兼一は、高校入学と同時に空手部に入部。しかし、その空手部内でもまたイジメにあってしまう。そんなある日、転校生の美少女・風林寺美羽と偶然仲良くなる兼一。この転校生、美羽こそ実は武術の天才少女だった！憧れが募るばかりの兼一は、彼女の紹介で、武術道場「梁山泊」に入門を果たす。しかし、そこはいずれ劣らぬ武術の達人たちが集結する修行の場！兼一を待っていたのは、地獄のような特訓だった…！,https://res.cloudinary.com/hggksoylm/image/upload/v1598080845/Animation/sijosaikyounodesisinichi_jotqyy.png,し,しじょうさいきょうのでしけんいち
0,七星のスバル,Lerche,2018,かつて世界的人気を博したＭＭＯＲＰＧ≪ユニオン≫で伝説となった小学生パーティ「スバル」。しかし、ゲームオーバーとなった旭姫は現実でも同時に死亡してしまう。≪ユニオン≫は運営停止となり「スバル」のメンバーも散り散りになった。それから６年後──。新生≪リユニオン≫にログインした高校生の陽翔は、そこで死んだはずの幼なじみ・旭姫と再会する。彼女は電子の幽霊なのか、それとも…？これはオンラインゲームで紡がれる、幼なじみたちの”約束”の物語。ぜひご期待ください…！！,https://res.cloudinary.com/hggksoylm/image/upload/v1598080851/Animation/sitiseinosubaru_vpr7cn.png,し,しちせいのすばる
0,シティーハンター,サンライズ,1987,冴羽リョウは“シティーハンター”と呼ばれているスイーパー。ある日、リョウの相棒の槇村は、関東支配を目論む麻薬組織・赤いペガサスから仕事の依頼を受ける。しかし、依頼を断わった槇村は組織に暗殺されてしまう。リョウは復讐を誓って、ひとりでアジトへと乗り込んで……。※リョウ＝獣偏に「寮」のウ冠なし,https://res.cloudinary.com/hggksoylm/image/upload/v1598080856/Animation/cityhunter_oisuj5.png,し,してぃーはんたー
0,citrus,パッショーネ,2017,ギャルだけど初恋も未経験なjk・柚子は、親が再婚した都合で女子校に編入することに。彼氏ができない！と不満爆発の転校初日、黒髪美人の生徒会長･芽衣と最悪の出会い方をする。さらに、義理の姉妹となった芽衣と同室で生活することに…!?正反対のjkふたりが反発して惹かれ合う姉妹のlove affair、始まる！,https://res.cloudinary.com/hggksoylm/image/upload/v1598080862/Animation/citrus_ragedz.png,し,しとらす
0,灼眼のシャナ, J.C.STAFF,2005,悠二、おまえは私が護るから。 平凡な高校生、坂井悠二の日常は、ある日突然消滅した。異界から渡り来た、人の“存在”を灯りに変えて、喰らうという化け物“紅世の徒(ぐぜのともがら)”が悠二を襲う。逃げることも忘れ呆然と立ちすくむ悠二を救ったのは、紅蓮の髪と瞳をもつ謎の少女だった。そして──その少女は、悠二にこう告げた。｢おまえはもう【存在】していないのよ｣と。,https://res.cloudinary.com/hggksoylm/image/upload/v1598080867/Animation/syakugannosyana_dmkqfi.png,し,しゃくがんのしゃな
0,灼眼のシャナⅡ(Second),J.C.STAFF ,2007,バル・マスケとの戦いを終え、平和を取り戻した御崎市。シャナと悠二は町にとどまり、穏やかな日々を過ごす。だが、悠二を、宝具｢零時迷子｣を狙い新たな“徒”が現れる……。,https://res.cloudinary.com/hggksoylm/image/upload/v1598080873/Animation/syakugannosyana2_yjlbva.png,し,しゃくがんのしゃなせかんど
0,灼眼のシャナⅢ-FINAL-,J.C.STAFF,2012,人ならぬ者たちが、この世の日に陰に跋扈(ばっこ)している。古き一人の詩人が与えた彼らの総称を、“紅世(ぐぜ)の徒(ともがら)”という。自らを称して“渦巻く伽藍(がらん)”、詩人名付けて“紅世”──この世の歩いてゆけない隣 ──から渡り来た彼ら“徒”は、人がこの世に存在するための根源の力、“存在の力”を奪うことで自身を顕現させ、在り得ない不思議を起こす。思いの侭に、力の許す限り、滅びのときまで。彼らに“存在の力”を喰われた人間は、いなかったことになる。これから伸び、繋がり、広がるはずだったものを欠落させた世界の在り様は、歪んだ。“徒”の自由自在な跳梁(ちょうりょう)に伴い、その歪みは加速度的に大きくなっていった。やがて、強大な力を持つ“徒”たる“紅世の王”らの中に、そんな状況への危惧を抱く者が現れ始めた。大きな歪みがいずれ、この世と“紅世”双方に大災厄を齎(もたら)すのではないか、と。そして、一部の“紅世の王”らは同胞を狩るという苦渋の決断を下した。彼らの尖兵、あるいは武器となったのは、“徒”への復讐を願い誓った人間──己が全存在を“王”の器として捧げ、異能の力を得た人間──討滅者“フレイムヘイズ”。その日、日常を浸食した“徒”により全てを失い、自身がトーチという仮初めの存在であると知らされた少年と、｢贄殿遮那のフレイムヘイズ｣と呼ばれる少女が出会った。これは、“ミステス”坂井悠二と『炎髪灼眼の討ち手』シャナの物語である。,https://res.cloudinary.com/hggksoylm/image/upload/v1598080879/Animation/syakugannosyanafinal_vzukj6.png,し,しゃくがんのしゃなふぁいなる
0,社長、バトルの時間です！,C2C,2020,世界の中心、ゲートピア…。かつて世界は果てしない荒廃が続くばかりの魔境だった。そこへ天から女神が舞い降り、天空に巨大な「門」が出現。人々は「門」の中に世界を維持する奇跡のエネルギー、キラクリが存在することに気づく。月日は流れ、ゲートピアは都市として発展。「門」のダンジョンの中で専門的にキラクリを採取するトレジャーハンターが登場。世界を維持する奇跡のエネルギーは、キラクリハンターの手にゆだねられている。主人公・ミナトはある日突然、幼馴染のユトリアに呼び出される。淡い期待を持って向かったその場所で、ミナトはユトリアに告げられるーー「わたし、あなたのこと…社長に向いていると思ってたの！」こうして先代の跡を継ぎ、ミナトの冒険社長ライフが始まったのだった。,https://res.cloudinary.com/hggksoylm/image/upload/v1598080884/Animation/syatyoubatorunoozikandesu_mcxntl.png,し,しゃちょうばとるのじかんです
0,Charlotte,P.A.WORKS,2015,思春期の少年少女のごく一部に発症する特殊能力。人知れず能力を駆使し、順風満帆な学園生活を送る乙坂有宇。そんな彼の目の前に突如現れる少女、友利奈緒。彼女との出会いにより、暴かれる特殊能力者の宿命。それは麻枝 准が描く青春を駆け巡る能力者たちの物語―――。TVアニメ『Angel Beats!』放送開始から5年。麻枝 准が原作・脚本を手掛ける、完全新作オリジナルアニメーションが遂に始動。,https://res.cloudinary.com/hggksoylm/image/upload/v1598080889/Animation/charlotte_akofbe.png,し,しゃーろっと
0,終末なにしてますか？忙しいですか？救ってもらっていいですか？,サテライト・Ｃ２Ｃ,2017,妖精兵器と呼ばれる少女たちと生き残った準勇者との儚くそして切ない物語。地上を正体不明の怪物である〈獣〉たちに蹂躙され、人間を含む多くの種族が滅ぼされた後の世界。かろうじて生き残った種族は地上を離れ、浮遊大陸群（レグル・エレ）と呼ばれる空飛ぶ群島の上に暮らしていた。５００年後の空の上で目覚めたヴィレム・クメシュは、守りたかったものを守れず、それどころか自分一人だけが生き残ってしまった絶望から世捨て人のような生活を送っていたが、思いもよらず始めた兵器管理の仕事の中で、ある少女たちと出会う。,https://res.cloudinary.com/hggksoylm/image/upload/v1598080895/Animation/syumatunanisitemasuka_xuigkq.png,し,しゅうまつなにしてますかいそがしいですかすくってもらっていいですか
0,終末のイゼッタ,亜細亜堂,2016,西暦1939年、帝国主義国家ゲルマニア帝国は突如隣国に侵攻を開始した。その戦火は一気に欧州全域に拡がり、時代は大戦の渦に巻き込まれていく。そして1940年、ゲルマニアはその矛先を美しい水と緑に恵まれたアルプスの小国エイルシュタット公国に向けようとしていた。,https://res.cloudinary.com/hggksoylm/image/upload/v1598080900/Animation/syumatunoizetta_spyvdx.png,し,しゅうまつのいぜった
0,STEINS;GATE, WHITE FOX,2011,舞台は2010年夏の秋葉原。厨二病から抜け出せない大学生である岡部倫太郎は、｢未来ガジェット研究所｣を立ち上げ、用途不明の発明品を日々生み出していた。だが、ある日、偶然にも過去へとメールが送れる｢タイムマシン｣を作り出す。世紀の発明と興奮を抑えきれずに、興味本位で過去への干渉を繰り返す。その結果、世界を巻き込む大きな悲劇が、岡部たちに訪れることになるのだが・・・悲劇を回避するために、岡部の孤独な戦いが始まる。果たして彼は、運命を乗り越えることができるのか!?,https://res.cloudinary.com/hggksoylm/image/upload/v1598080916/Animation/steinsgate_odrbxo.png,し,しゅたいんずげーと
0,シュタインズ・ゲート ゼロ,WHITE FOX,2018,2010年冬 β世界線―――主人公・岡部倫太郎が数々の苦難、悲哀を乗り越えた果てに「彼女」を救うことをあきらめてしまった世界線。失意の底にある岡部倫太郎。彼を心配する仲間たち。救われなかった「彼女」はどうなったのか？新たなキャラクターを迎えて描かれる「ゼロ」の物語。,https://res.cloudinary.com/hggksoylm/image/upload/v1598080922/Animation/steinsgatezero_b1zyb1.png,し,しゅたいんずげーとぜろ
0,少女☆歌劇 レヴュースタァライト, キネマシトラス,2018,『スタァ』――それは舞台の中心、「ポジション・ゼロ」に煌めく光。心を震わせる歌声で、躰が動きだす踊りで、魂を揺さぶる演技で観る者を魅了する、舞台に咲き誇る華。スタァに魅入られた『舞台少女』たちは、夢の舞台に立つために演劇の学び舎『聖翔音楽学園』に集う。愛城華恋。天堂真矢。星見純那。露崎まひる。大場なな。西條クロディーヌ。石動双葉。花柳香子。そして――神楽ひかり。9人の舞台少女に突然届いた謎のメール。「お持ちなさい　　あなたの望んだその星を」それは『トップスタァ』の座をかけた、オーディションへの誘い。同じ舞台にたつ仲間は、星を奪い合うライバルとなった。剥き出しの情熱が、愛ゆえの傲慢が、譲れない執着が、舞台の上で激突し――関係が、感情が、主役と敵役が、緞帳が上がるたびに再生産されてゆく。9人の舞台少女たちの、キラめきをかけた『レヴュー』。「いつか、あの子と戦うことになっても――」運命に導かれた舞台が、今――幕を開ける。,https://res.cloudinary.com/hggksoylm/image/upload/v1598080927/Animation/syojokageki_bo8puw.png,し,しょうじょかげきれびゅーすたーらいと
0,少女たちは荒野を目指す,project No.9,2016,神奈川県、金沢百景。風光明媚なその地で学生生活を送る少年、北条文太郎には、将来の夢がなかった。やりたいことを見つけられない、そんな焦りを抱き始めていたある日、彼はミステリアスな同級生の少女から、一緒にゲームを作らないかと持ちかけられる。その提案に、初めて何かを成し遂げることができるかもしれないという予感を感じた文太郎。そして、彼はついに一歩を踏み出した。いざ往かん。この世の荒野に、仲間たちとともに―?。,https://res.cloudinary.com/hggksoylm/image/upload/v1598080932/Animation/syojotatihakouyawomezasu_abjnss.png,し,しょうじょたちはこうやをめざす
0,消滅都市,マッドハウス,2019,ある日、ひとつの都市が消滅した――　一匹狼の運び屋の男タクヤと、消滅から唯一生還したと言われる少女ユキ。ふたりは、消息を絶ったと思われていたユキの父親からのメッセージを頼りに消滅都市へと向かうことになる。しかし、そんなふたりの前に思わぬ障害が立ちはだかる。それはユキにとって、あまりに衝撃的な現実で――残された人の想い、暗躍する謎の組織、そして隠された陰謀。タクヤとユキ、全くの他人だったふたりは、旅の中で絆を深めつつ、消滅都市の謎へと迫ってゆく。,https://res.cloudinary.com/hggksoylm/image/upload/v1598080937/Animation/syoumetutosi_i3lps5.png,し,しょうめつとし
0,昭和元禄落語心中,スタジオディーン,2016,刑務所の落語慰問会で見た大名人・八雲の｢死神｣が忘れられず、出所した与太郎が真っ先に向かった先は、寄席だった。拝み倒して八雲の住み込みの弟子となった与太郎だが、八雲の元では小夏という女性が暮らしていた。八雲と小夏には他人が容易に触れられない因縁があるらしく・・・。,https://res.cloudinary.com/hggksoylm/image/upload/v1598080942/Animation/syowagenrokurakugosinju_la9rbf.png,し,しょうわげんろくらくごしんじゅう
0,食戟のソーマ,J.C.STAFF,2015,下町の定食屋｢ゆきひら｣では、今日も父・城一郎と息子・創真が料理対決を繰り広げていた――。中学を卒業したら実家｢ゆきひら｣で料理の修行をし、父を越える料理人を目指そうとしていた創真。だが突然の休業、そして父の提案により、日本屈指の料理学校｢遠月茶寮料理學園｣(遠月学園)の編入試験を受けることに。そこは最高峰の料理人だけを育てる、卒業到達率10%以下の超絶エリート校だった……。,https://res.cloudinary.com/hggksoylm/image/upload/v1598080948/Animation/syokugekinosoma_azfn7v.png,し,しょくげきのそーま
0,食戟のソーマ 弐ノ皿,J.C.STAFF,2016,実家の下町の定食屋｢ゆきひら｣を手伝う日々を送っていた幸平創真は、中学校卒業と同時に、ある料理学校への編入を父・城一郎に薦められる。それは日本屈指の料理学校｢遠月茶寮料理學園｣……卒業到達率10%以下の超エリート校だった。厳しい試験、脱落者続出の地獄の宿泊研修、退学を賭けた食戟。様々な試練を乗り越え、料理の腕を磨いていく創真。同じ志を持つ仲間や、同世代の実力者たちと出会い、一人の人間としても確実に成長を続けていた。――そして迎えた秋。一年生の中でも選ばれた者しか出場を許されない遠月伝統｢秋の選抜｣、その出場切符を創真は手にする。｢秋の選抜｣予選のお題は“カレー料理”。優勝候補でスパイスの使い手、葉山アキラの作るカレーにスパイスの奥深さを知った創真は葉山の宣戦布告に受けて立つべく、スパイスと格闘。予選当日の朝まで試行錯誤して調理に臨み、葉山と同じ“香りの爆弾”という発想に行き着いたが、結果は葉山94点、創真93点と僅差で葉山が一位に。葉山に敗れはしたものの、見事に本戦出場を決めた創真。悔しさを滲ませながらも、さらに強くなることを心に誓い、かくして迎える｢秋の選抜｣本戦。トーナメントに肩を並べたのは、創真、恵、タクミ、緋沙子、アリス、黒木場、葉山、美作、の8名。次なる創真の相手は……！？そして、てっぺんを取るのは……！？,https://res.cloudinary.com/hggksoylm/image/upload/v1598080952/Animation/syokugekinosoma2_cbvkfy.png,し,しょくげきのそーま2
0,食戟のソーマ 餐ノ皿,J.C.STAFF,2017,実家の定食屋「ゆきひら」を手伝いながら料理の腕を磨いてきた幸平創真は、超エリート料理学校「遠月茶寮料理學園」へと入学する。創真は学園で様々な料理人たちと出会い、成長を続けるなかで「自分だけの料理」を模索し始めていた。実際の料理の現場へ赴き実戦を学ぶカリキュラム「実地研修（スタジエール）」でさらなる経験を積んだ創真は、“これまでの自分（ゆきひら）”を破ることで、新たな“「ゆきひら」の料理”へと辿り着く。実地研修の課題もクリアし、また一つ成長を遂げたのだった。実地研修を終え、食戟でさらなる研鑽を重ねる日々を送る創真は「紅葉狩り会」の場で、ついに相見えた学園の頂点、遠月十傑にも勝負を挑む。創真が十傑と勝負するために目をつけたのは、遠月恒例行事である学園祭――その名も「月饗祭」。毎年50万人が訪れる怪物イベントで、彼は何を起こすのか!?一方、その裏ではある人物による計画が動き始め――？創真の新たな戦いが幕を開ける！,https://res.cloudinary.com/hggksoylm/image/upload/v1598080958/Animation/syokugekinosoma3_tymyjj.png,し,しょくげきのそーま3
0,食戟のソーマ 餐ノ皿「遠月列車篇」,J.C.STAFF,2017,実家の定食屋「ゆきひら」を手伝いながら料理の腕を磨いてきた幸平創真は、超エリート料理学校「遠月茶寮料理學園」へと入学する。創真は学園で様々な料理人たちと出会い、成長を続けるなかで「自分だけの料理」を模索し始めていた。実際の料理の現場へ赴き実戦を学ぶカリキュラム「実地研修（スタジエール）」でさらなる経験を積んだ創真は、“これまでの自分（ゆきひら）”を破ることで、新たな“「ゆきひら」の料理”へと辿り着く。実地研修の課題もクリアし、また一つ成長を遂げたのだった。実地研修を終え、食戟でさらなる研鑽を重ねる日々を送る創真は「紅葉狩り会」の場で、ついに相見えた学園の頂点、遠月十傑にも勝負を挑む。創真が十傑と勝負するために目をつけたのは、遠月恒例行事である学園祭――その名も「月饗祭」。毎年50万人が訪れる怪物イベントで、彼は何を起こすのか!?一方、その裏ではある人物による計画が動き始め――？創真の新たな戦いが幕を開ける！,https://res.cloudinary.com/hggksoylm/image/upload/v1598080963/Animation/syokugekinosoma4_y186vd.png,し,しょくげきのそーま4
0,食戟のソーマ 神ノ皿,J.C.STAFF,2019,超エリート料理学校「遠月茶寮料理學園」に入学した幸平創真は、仲間たちとともに日々研鑽の日々を過ごしていた。しかし、薙切薊が新総帥の座に就いたことで状況が一変。自由な活動を抑制されてしまった創真たちは、窮地を脱するために新遠月十傑との連隊食戟を開始！初戦に圧勝した反逆者チームは、勢いもそのままに新遠月十傑との2nd BOUTに挑む!!,https://res.cloudinary.com/hggksoylm/image/upload/v1598080969/Animation/syokugekinosoma5_ap58ge.png,し,しょくげきのそーま5
0,食戟のソーマ 豪ノ皿,J.C.STAFF,2020,実家の定食屋「食事処ゆきひら」で料理の腕を磨いていた幸平創真は、父親の勧めで超エリート料理学校「遠月茶寮料理學園」に入学。ライバルとの食戟、仲間との研鑽を重ね、料理人として徐々に成長を続けていた。時が経ち、２年生に進級した創真はついに学園の頂点、遠月十傑評議会“第一席”の座へと、のぼりつめたのだった――。そんななか、世界的な料理コンクール「THE BLUE」の招待状が遠月学園へと届く。「THE BLUE」とは、若手料理人たちが名声を懸け競う正統派な美食大会――しかし、今回は従来とは趣向が異なり、常軌を逸したお題ばかり!?新たなライバルが現れ、波乱の予感が漂う「THE BLUE」の行方は……!?次代の料理界の担い手を決める食戟が、幕を開ける！,https://res.cloudinary.com/hggksoylm/image/upload/v1598080974/Animation/syokugekinosoma6_fvhkrv.png,し,しょくげきのそーま6
0,しろくまカフェ,studioぴえろ,2012,クールなシロクマくんがマスターをしている“しろくまカフェ”。お店は毎日、動物や人間のお客さんで大繁盛しています。 カフェを中心に、シロクマくんと常連さんたちが繰り広げるダジャレ&ほっこりスローライフ。今日もとぼけた会話が弾みます。,https://res.cloudinary.com/hggksoylm/image/upload/v1598080980/Animation/shirokumacafe_vlirx6.png,し,しろくまかふぇ
0,白猫プロジェクト ZERO CHRONICLE,project No.9,2020,ずっとずっと昔の時代、天空には白の王国が、地上には黒の王国があり、〈均衡〉を保ちつつ〈循環〉していた。ある時、黒の王国で魔獣に襲われ壊滅した村で、少年が墓を掘っていた。その少年の元へ、先代の闇の王候補者スキアーズが現れる。スキアーズに見出された少年は、闇の王子となってこの世界を変える事を決意する。一方、白の王国の守護神である光の王アイリスは、光と闇の均衡が破られる事を懸念していた。そこへ均衡を乱す存在バール出現の知らせが入る。黒の王国の闇の王は、目障りなバールを討つために盟約を申し入れる。光の王アイリスは、黒の王国からの使者闇の王子と出会い、共に平和な世界をもたらそうと〈約束〉する。だがふたりの〈約束〉は、闇の王によって踏みにじられる事となる。ふたりが交わした〈約束〉と、世界を滅ぼした始まりの罪。〈根源〉（ゼロ）へと至る物語が幕を開ける―――,https://res.cloudinary.com/hggksoylm/image/upload/v1598080985/Animation/sironekoproject_ptw4a1.png,し,しろねこぷろじぇくとぜろくろにくる
0,SHIROBAKO,P.A.WORKS,2014,武蔵野アニメーションの新人制作進行のあおいを中心として、アニメーション制作現場で起こるトラブルや、葛藤や挫折などといったアニメ業界の日常を描く群像劇。,https://res.cloudinary.com/hggksoylm/image/upload/v1598080990/Animation/shirobako_hkexpr.png,し,しろばこ
0,進撃の巨人,WIT STUDIO,2013,巨人がすべてを支配する世界。巨人の餌と化した人類は高さ50メートルの巨大な壁を築き、壁外への自由と引き換えに侵略を防いでいた…。まだ見ぬ壁外の世界を夢見る10歳の少年、エレン・イェーガー。エレンは仮初めの平和に満足し外の世界へ出ることを諦めた人々に違和感を覚える。彼らを｢家畜｣と呼ぶエレン。エレンを｢異物｣と感じる人々。だが、壁をも越える超大型巨人の出現により、エレンの｢夢｣も人々の｢平和｣も突如として崩れ去ってしまう……。,https://res.cloudinary.com/hggksoylm/image/upload/v1598080995/Animation/singekinokyozin_tuwbdn.png,し,しんげきのきょじん
0,進撃の巨人 Season 2,WIT STUDIO,2017,超大型巨人の出現により人類の平和と幻想が破られたあの日から、エレン・イェーガーの果てしない戦いの日々は続く……。抵抗する術もなく巨人の餌となった母の最期を目の当たりにして、この世から巨人を一匹残らず駆逐することを誓ったエレン。しかし、過酷な戦いの中で彼自身が巨人の姿に変貌してしまう――。人類の自由を勝ち取るために巨人の力を振るうエレンは、ウォール・シーナのストヘス区において｢女型の巨人｣と激突。巨人同士の激しい戦闘は、辛くもエレンの勝利となった。それでもエレンに、そして人類に、休息の時は訪れない。次なる戦いは既に始まりを告げている。ウォール・ローゼに迫り来る巨人の大群に、人類はどう立ち向かう！？,https://res.cloudinary.com/hggksoylm/image/upload/v1598081001/Animation/singekinokyozin2_ggardf.png,し,しんげきのきょじん2
0,進撃の巨人 Season 3,WIT STUDIO,2018,百年の長きに渡り人類と外の世界を隔ててきた壁。その壁の向こうには見たことのない世界が広がっているという。炎の水、氷の大地、砂の雪原……。本の中に書かれた言葉は、少年の探究心をかき立てるものばかりだった。やがて時が過ぎ、壁が巨人によって壊された現在、人類は一歩ずつ世界の真実へと近づこうとしている。巨人の正体は何なのか？何故、壁の中に巨人が埋まっていたのか？巨人化したエレン・イェーガーが持つ「座標」の力とは？そして、ヒストリア・レイスはこの世界の何を知るのか？エレンら104期兵を加え、新たな体制となったリヴァイ班。行動を開始した彼らの前に、最強最悪の敵が立ち塞がる。,https://res.cloudinary.com/hggksoylm/image/upload/v1598081006/Animation/singekinokyozin3_okietw.png,し,しんげきのきょじん3
0,新世界より,?A-1 Pictures,2012,“神の力”を手に入れた人類の運命を3部作で描く壮大な物語。新たな映像世界を切り開く超弩級エンターテインメントが誕生。原作は、日本SF大賞を受賞した貴志祐介の長編小説。2008年に発表され、各賞・各書評で大絶賛を浴びるなど大きな注目を集めながら、そのイマジネーションに満ちた特異な世界観と圧倒的な広がりを見せる壮大なストーリーから｢映像化不可能｣とまで言われた空前絶後のエンターテインメント。,https://res.cloudinary.com/hggksoylm/image/upload/v1598081012/Animation/sinsekaiyori_nxzcpo.png,し,しんせかいより
0,地獄先生ぬ～べ～,東映アニメーション,1996,童守小学校に赴任してきた5年3組担任の鵺野鳴介、通称ぬ～べ～。普段の彼は、ドジでおっちょこちょいなところはあるが、どこか憎めない愛すべき先生として生徒たちに親しまれている。しかしぬ～べ～には、日本でただ一人の霊能力教師という、もう一つの顔があった。 常に黒い手袋で覆われている彼の左手には、この世ならざる存在――悪霊や妖怪などに直接触れて、浄化することのできる最強の力｢鬼の手｣が封印されているのだ。その力は、かつてある生徒を救うため、わが身を賭して封じ込めた地獄の鬼のものだった。子供たちが｢闇の住人｣に襲われ、危機にさらされた時、ぬ～べ～必殺の｢鬼の手｣が闇を切り裂き、魔を祓う！はたして今日はどんな怪事件や不思議な出来事が、ぬ～べ～を待ち受けているのだろうか？,https://res.cloudinary.com/hggksoylm/image/upload/v1598081017/Animation/zigokusenseinube_z2bofj.png,じ,じごくせんせいぬーべー
0,実験品家族 -クリーチャーズ・ファミリー・デイズ-,Big Firebird Cultural Media Co．，Ltd,2018,とあるマッドサイエンティスト夫婦が屋敷にて違法研究に取り組み逮捕される。罪状は自らの子供たちへの遺伝子改造実験の実施であった。５人の子供たちの中で、唯一「普通の人間」として養育された末の弟、タニス。彼は一夜にして５人の兄弟姉妹たちのリーダー的存在となり、異なる個性を持ち合わせる兄と姉らの面倒を見ることに。そして両親の残した実験データを完成させる任務をも、一身に背負うこととなるのであった。,https://res.cloudinary.com/hggksoylm/image/upload/v1598093695/Animation/crituersfamilydays_w6prh1.png,く,くりーちゃーずふぁみりーでいず
0,ＧＩＡＮＴ ＫＩＬＬＩＮＧ,スタジオディーン,2010,低迷を続ける日本の弱小プロサッカー・クラブＥＴＵに一人の男が監督として迎えられた。男の名は達海猛（たつみ　たけし）。イングランド５部のアマチュアクラブを、ＦＡカップでベスト32に導き、プレミアリーグのクラブをギリギリまで追い詰めた手腕の人物だ。そんな彼に古巣のクラブが白羽の矢を立てた訳だが、チーム内は開幕前から騒動ばかり、果たしてこの起用は吉と出るか、凶と出るか!?,https://res.cloudinary.com/hggksoylm/image/upload/v1598081023/Animation/giantkilling_brkktm.png,じ,じゃいあんときりんぐ
0,邪神ちゃんドロップキック,ノーマッド,2018,魔界の悪魔、通称「邪神ちゃん」は、ある日突然人間界に召喚されてしまう。彼女を召喚したのは、神保町のボロアパートで暮らすちょっとブラックな心を持つ女子大生「花園ゆりね」。「邪神ちゃん」を召喚したものの彼女？を魔界に帰す方法がわからない。仕方なく一緒に暮らし始めた邪神ちゃんと「ゆりね」だが、「邪神ちゃん」曰く、「召喚者が死ねば魔界に帰れる」。そこで邪神ちゃんがとった行動とは……!?　ひとりの少女と悪魔「邪神ちゃん」が繰り広げるちょっと危険な同居生活コメディ！,https://res.cloudinary.com/hggksoylm/image/upload/v1598081029/Animation/jasinchandropkick_m5ekqq.png,じ,じゃしんちゃんどろっぷきっく
0,ジャングル大帝 ,手塚プロダクション,1965,ジャングルの王、白獅子パンジャは妻エライザを助けようとして、身代わりとなって死んでしまう。人間に捕らえられた妻エライザは輸送船の中で赤ん坊を産み、レオと名づけた。エライザはパンジャの血を引くレオだけは救おうと、嵐の中で沈み行く船からレオを逃がす。白いライオン、パンジャとその子レオを中心にして大自然の中で繰り広げられる弱肉強食の生存競争や、人間と動物とのかかわりなどを描いた大河ドラマ。,https://res.cloudinary.com/hggksoylm/image/upload/v1598081034/Animation/jangurutaitei_pa92uy.png,じ,じゃんぐるたいてい
0,女子高生の無駄づかい,パッショーネ,2019,浪費する、青春──。 WEBコミック誌「コミックNewtype」で大人気連載中の学園ガールズコメディが待望のTVアニメ化決定！ちょっと残念な女子が集う、さいのたま女子高校を舞台に、とてつもないバカ・田中(通称：バカ)、アニメや漫画を愛するオタク女子・菊池(通称：ヲタ)、いつも無表情でロボットのような少女・鷺宮(通称：ロボ)を中心に、個性豊かで魅力的な仲間たちが、女子高生というキラめきに溢れた青春を無駄に浪費していく抱腹絶倒のJK学園コメディが今、幕を開ける！,https://res.cloudinary.com/hggksoylm/image/upload/v1598081040/Animation/josikoseinomudazukai_nxfa06.png,じ,じょしこうせいのむだづかい
0,じょしらく,J.C.STAFF,2012,落語家のお仕事は、もちろん寄席で一席ぶつこと。でも寄席が終わった後に楽屋でだらだら続ける雑談の方が面白いかも……そう思えるような五人の女性落語たちがいた。ツッコミ役の姉御肌だけど体型は子供の魔梨威。みんなの暴走をおさえる気配り上手の手寅。かわいらしい外見とは裏腹に腹黒い内面がちらほら見える木胡桃。シニカル武闘派メガネっ娘の丸京。妄想力抜群なダークサイドの住人・苦来。彼女たちが繰り広げる会話は、ときにまったり、ときに暴走。気づいてみれば放送コードギリギリのラインを突っ走り、たまにラインの向こうへ抜けてしまって帰ってこない。そんな彼女たちの会話は、はたしてちゃんとテレビで放送できるのか……？,https://res.cloudinary.com/hggksoylm/image/upload/v1598081045/Animation/josiraku_yxg1ii.png,じ,じょしらく
0,ジョジョの奇妙な冒険,david production,2012,【第1部】古代メキシコで繁栄を遂げた太陽の民アステカ。彼らには奇妙な｢石仮面｣が伝わっていた。それは、永遠の命と真の支配者の力をもたらすという奇跡の仮面。だが、ある時を境に歴史から姿を消す。やがて時は過ぎ、19世紀後半。人々の思想と生活が激変していた時代に出会った、ジョナサン・ジョースターとディオ・ブランドー。2人は少年時代から青年時代を共に過ごし、やがて｢石仮面｣を巡って数奇な運命を辿ることとなる――。／【第2部】ジョナサンの死から49年後。時は移り、世代も変わる。石油王となったスピードワゴンは財団を設立し、ストレイツォは老師トンぺティに代わり、波紋使い一派の後継者となっていた。その頃、スピードワゴン財団が派遣した遺跡発掘隊により、メキシコのある遺跡にて一体の奇妙なミイラが発見される。そのミイラの傍らには、あの忌まわしき石仮面のレリーフが刻まれていた…！ジョースター家と石仮面を巡る因縁は未だ終わらず…！,https://res.cloudinary.com/hggksoylm/image/upload/v1598081051/Animation/jojo_ff7dnq.png,じ,じょじょのきみょうなぼうけん
0,ジョジョの奇妙な冒険 スターダストクルセイダース,david production,2014,時は1987年――ジョセフ・ジョースターと柱の男たちとの死闘から49年後…。ジョセフは｢悪霊に取り憑かれた｣という孫・空条承太郎に会うため、極東の地・日本を訪れる。そして承太郎に対し、悪霊――｢幽波紋(スタンド)｣が突如発現した原因を語る。それは、100年に渡る長き眠りから目覚めた吸血鬼・DIOと、ジョースター家の忌まわしき因縁によるものだった。さらに、DIOのもたらした悪影響によって倒れ伏す承太郎の母・ホリィ。承太郎は母を救うため、全ての元凶にして邪悪の化身であるDIOを打倒すべく、仲間達と共に旅立つ…。,https://res.cloudinary.com/hggksoylm/image/upload/v1598081056/Animation/jojo2_ps9arv.png,じ,じょじょのきみょうなぼうけんすたーだすとくるせいだーず
0,ジョジョの奇妙な冒険 ダイヤモンドは砕けない,david production,2016,エジプトでの宿敵DIOとの死闘から11年後。1999年、空条承太郎は祖父ジョセフ・ジョースターの隠し子、東方仗助に会うため、日本のM県S市、杜王町にやってきた。しかし発見した仗助は承太郎と同じ特殊能力、｢スタンド｣を持っていた。そして、承太郎の来訪を皮切りにまるで引かれ合うように、新たな｢スタンド使い｣達が動き始める。｢この町には何かがある…｣生まれ育った杜王町を守るため、仗助は立ちあがる――。,https://res.cloudinary.com/hggksoylm/image/upload/v1598081062/Animation/jojodaiamondhakudakenai_aqf8og.png,じ,じょじょのきみょうなぼうけんだいやもんどはくだけない
0,ジョーカー・ゲーム,Production I.G,2016,世界大戦の火種がくすぶる昭和12年秋、帝国陸軍の結城中佐によって、スパイ養成部門“D機関”が秘密裏に設立される。生え抜きの軍人を尊ぶ陸軍の風潮に反し、機関員として選ばれたのは、東京や京都といった一般の大学を卒業し、超人的な選抜試験を平然とくぐり抜けた若者たちだ。彼らは魔術師のごとき知略を持つ結城中佐のもと、爆薬や無電の扱い方、自動車や飛行機の操縦法はもちろん、スリや金庫破りの技に至るまで、スパイ活動に必要なありとあらゆる技術を身につけ、任地へと旅立っていく。｢死ぬな、殺すな｣??目立たぬことを旨とするスパイにとって自決と殺人は最悪の選択肢であるとするD機関は、陸軍中枢部から猛反発を受けつつも、味方を欺き、敵の裏をかき、世界中を暗躍する。東京、上海、ロンドン……世界各地で繰り広げられるインテリジェンス・ミステリー。,https://res.cloudinary.com/hggksoylm/image/upload/v1598081068/Animation/jokergame_hp4hqv.png,じ,じょーかーげーむ
0,人外さんの嫁,サエッタ,2018,ごくごく普通の男子高校生・日ノ輪 泊は、ある日担任の先生に呼び出され、不思議な生き物「カネノギさん」の結婚相手に決まったと告げられる。戸惑いながらも婚姻届を出した二人だが、新婚生活は案外しあわせ一杯で…!?ふわふわもふもふ人外さん×男子高校生のあま～い新婚生活、スタート！,https://res.cloudinary.com/hggksoylm/image/upload/v1598081074/Animation/zingaisannoyome_k2zp7s.png,じ,じんがいさんのよめ
0,人類は衰退しました,AIC ASTA,2012,わたしたち人類がゆるやかな衰退を迎えて、はや数世紀。すでに地球は“妖精さん”のものだったりします。のんびり、ほのぼ、の……？　ちょっぴり不思議でほんの少し不条理な、そんな物語のはじまりです。,https://res.cloudinary.com/hggksoylm/image/upload/v1598081081/Animation/zinruihasuitaisimasita_awos4i.png,じ,じんるいはすいたいしました
0,好きっていいなよ。,ゼクシズ,2012,１６年間、彼氏も友達も作らずにきた橘めい。ある日、誤解で学校一のモテ男・黒沢大和にケガをさせてしまうが、なぜか大和はめいを気に入って一方的に友達宣言。さらに、めいをストーカーから守ってくれたうえに、守るためとキスまでしてきて…！？　大ブレイク中の葉月かなえが描くリアル初恋ストーリー！,https://res.cloudinary.com/hggksoylm/image/upload/v1598092904/Animation/sukitteiinayo_lv08nz.png,す,すきっていいなよ
0,好きになるその瞬間を。～告白実行委員会～,Qualia Animation,2016,出会いは最低だったのにいつの間にか雛の胸は高鳴っていく。雛は中学の先輩・恋雪に惹かれ同じ高校に進学を決意して猛勉強。幼なじみの虎太朗と桜丘高校に入学する。冴えなかった恋雪は片思いの相手の為に、休み明けにイメチェンしてモテ始める。そんな状況に雛は「告白」決意するけれど――！？動画総再生回数4億回を超えるクリエーターユニットHoneyWorksが生んだ恋愛青春ストーリー決定版第2弾！,https://res.cloudinary.com/hggksoylm/image/upload/v1598092904/Animation/sukininarusonosyunkanwo_l9rnsa.png,す,すきになるそのしゅんかんをこくはくじっこういいんかい
0,スクールガールストライカーズ Animation Channel,J.C.STAFF,2017,新生私立女子高・五稜館学園。この学園には知られざる裏の顔がある――。時空の歪みから現れる、謎の妖魔「オブリ」。この人類の敵に対抗できるのは、五次元空間を探知できる能力を持った「ストライカー」と呼ばれる少女達のみ。五稜館学園は素養を持つ少女達をスカウトし、オブリを討伐する戦闘部隊、「フィフス・フォース」を育成する機関でもあった。新たに結成されたチーム 「アルタイル・トルテ」に所属する５人の少女達の、戦いと友情の物語が幕を開ける!!,https://res.cloudinary.com/hggksoylm/image/upload/v1598092901/Animation/schoolgirlstrikers_iuv0zf.png,す,すくーるがーるすとらいかーず
0,涼宮ハルヒの憂鬱,京都アニメーション,2009,｢この中に宇宙人、未来人、超能力者がいたら、あたしのところに来なさい。以上!｣入学早々、時を止めるような挨拶をした涼宮ハルヒ。そんなSF小説じゃあるまいし…と、誰でもそう思う…。しかしハルヒは心の底から真剣だった。それに気づいたキョンをとりまく日常は、もうすでに超常になっていた…。涼宮ハルヒが団長の学校未公式団体｢SOS団｣が繰り広げるSF風味の学園ストーリー。,https://res.cloudinary.com/hggksoylm/image/upload/v1598092900/Animation/suzumiyaharuhinoyuuutu_v1fxcp.png,す,すずみやはるひのゆううつ
0,スタンドマイヒーローズ　PIECE OF TRUTH, M.S.C,2019,『スタンド（STand Alone National Department）』麻薬取締官、刑事、情報屋、著名人、名家の人間といった官民に関係なく適正のある者で構成された、薬物絡みの事件を取り扱う独立捜査機関。新人マトリである泉玲は、スタンドの候補者として選出されたメンバーのスカウト役に任命される。その候補者として選出されたメンバーを待ち受けていたのは、異なる正義を持つ組織間の対立と、謎のドラッグに紐付く未解決事件であった。彼らがたどりつく真実とは―――,https://res.cloudinary.com/hggksoylm/image/upload/v1598092902/Animation/standmyheros_tro5l0.png,す,すたんどまいひーろーず
0,ステラ女学院高等科C3部（しーきゅーぶ）,GAINAX,2013,高まる鼓動、膨らむ妄想…。憧れていた「ステラ女学院」への入学が決まり、高校での新生活に胸を躍らせる大和ゆら。「もしかしたら…ここなら私、変われるかも！」。期待に胸を膨らませ寮の自室で横になると枕の下に「デザートイーグル」がっ…!! 女子高生!? C3部（しーきゅーぶ）!!? サバゲー!!!? そんな青春サバゲーストーリーが今…はじまる！,https://res.cloudinary.com/hggksoylm/image/upload/v1598092901/Animation/ccube_iraoey.png,す,すてらじょがくいんこうとうかしーきゅーぶ
0,ステラのまほう,SILVER LINK,2016,高校の入学式の日、同人ゲームを作る部活｢SNS部｣と出会った本田珠輝。やりたいことを見つけたと思って入部したものの、絵もプログラムもシナリオも音楽も、一から自分たちで作るのって大変！先輩や幼なじみと一緒に、完成を目指して頑張ります！,https://res.cloudinary.com/hggksoylm/image/upload/v1598092902/Animation/steranomahou_ofbxd9.png,す,すてらのまほう
0,ストライクウィッチーズ,GONZO,2007,20世紀初頭。突如出現した異形の敵｢ネウロイ｣は次々と人類の街を侵略していった。それに対抗できる手段はただ一つ、魔力を持った少女(ウィッチ)のみ。彼女たちは、自らの体に兵器(ストライカー)をまとい、空を舞いネウロイに戦いを挑む。ネウロイの侵略に窮地に追い込まれた人類に残された希望、それは世界各国から最前線ブリタニアに集められ組織された第501総合戦闘航空団。空を駆ける戦乙女。救国の英雄。民衆の憧憬と賞賛を一身に受けて戦う。彼女たちはいつしかこう呼ばれるようになっていた ―― ｢ストライクウィッチーズ｣と。,https://res.cloudinary.com/hggksoylm/image/upload/v1598092903/Animation/strikewitches_awzizl.png,す,すとらいくうぃっちーず
0,ストライク・ザ・ブラッド,SILVER LINK.,2013,世界最強の吸血鬼と剣巫の少女が織りなす物語が、今、幕を開ける──！！“第四真祖”──それは伝説の中にしか存在しないはずの、世界最強の吸血鬼。十二体もの眷獣(けんじゅう)を従え、災厄を撒き散らすといわれる幻の吸血鬼が、日本に出現したという。その“第四真祖”を監視と抹殺のため、政府・獅子王機関は“剣巫(けんなぎ)”と呼ばれる攻魔師の派遣を決定。しかしなぜか監視役として選ばれたのは、見習い“剣巫”の少女、姫柊雪菜だった。対真祖用の最強の霊装を携え、魔族特区“絃神市”を訪れる雪菜。そこで彼女が遭遇した“第四真祖”暁古城の正体とは──！,https://res.cloudinary.com/hggksoylm/image/upload/v1598092903/Animation/striketheblood_as5dff.png,す,すとらいくざぶらっど
0,すのはら荘の管理人さん,SILVER LINK.,2018,見た目のせいで男扱いされてこなかった椎名亜樹は、自分を変えようと中学校入学を機に東京へ出てすのはら荘に入寮する。そこで亜樹を待っていたのは、天然でいたずら好きなすのはら荘の管理人さん・春原彩花に心も体もかわいがられる毎日だった。さらに、ほかの同居人も全員年上の女の子で…。いやしとドキドキがたっぷりで、ついつい管理人さんに甘えたくなっちゃう年の差（おねショタ）ラブコメ決定版！,https://res.cloudinary.com/hggksoylm/image/upload/v1598092904/Animation/sunoharasounokanrininsan_oav9t7.png,す,すのはらそうのかんりにんさん
0,スペースアドベンチャー　コブラ,東京ムービー新社,1982,３姉妹をめぐって、コブラとクリスタルボーイが激突　賞金稼ぎのジェーンは、自分に言い寄ってきた男が海賊コブラだと知り、用心棒を依頼。目的は、彼女の３つ子の姉妹キャサリンとドミニクを探すことだった。コブラはジェーンと共に、クリスタルボーイに監禁されているキャサリンを救出に向かう。だが、クリスタルボーイの命令に忠実なキャサリンは、ジェーンを裏切る。コブラはジェーンの残したメッセージに従って、ドミニクに会いに行く。だが、そこへも大軍団を引き連れたクリスタルボーイが現れた！,https://res.cloudinary.com/hggksoylm/image/upload/v1598092902/Animation/spaceadventuerkobra_wmmv21.png,す,すぺーすあどべんちゃーこぶら
0,スラムダンク,東映アニメーション,1993,桜木花道は、中学校三年間で50人もの女子生徒にふられ続けた悲しい男。50人目の女子生徒に｢私、バスケット部の小田君が好きなの｣と言われたショックが尾を引いて、湘北高校へ入学してからも“バスケット”という言葉に異常に反応し、立ち直れない状態だった。そんなある日のこと、廊下で一人の美少女から声をかけられる。｢バスケットはお好きですか？｣その女生徒・晴子がモロに自分の好みであったため、花道は何のためらいもなく｢大好きです！！｣と答えてしまう。いつか憧れの晴子と一緒に登下校する日を夢見て、花道はバスケットのトレーニングを始める。しかし、晴子にはバスケ部のルーキー流川楓に憧れていたのだった。その事実を知った直後、バスケット部の練習中のボールが偶然花道の顔面に…怒る花道は猛然とバスケット部員たちに襲いかかるのだった。そこにバスケット部キャプテンの赤木が登場、花道はこよなくバスケットを愛する赤木の面前でバスケ部のことを｢玉入れ遊び部｣と侮辱し、赤木を怒らせてしまい、バスケットで赤木と勝負することになる。果たして初心者・花道はこの無謀な勝負に勝てるのか！？同じ部に所属するスーパールーキー流川の存在、絶大な存在感を誇るキャプテン赤木に触発されながら成長を続ける桜木花道は必見。また晴子や洋平を中心とする桜木軍団など登場人物も個性豊かにストーリーを盛り上げる！天才・仙道をはじめとする陵南、神奈川NO.1プレイヤー牧率いるインターハイ常連の海南、藤真を擁し、抜群の高さを武器にする翔陽など強豪校のライバルたちに初心者・桜木花道が立ち向かう。果たして強豪ひしめく神奈川県で湘北高校は勝ち進んでいくことができるのか？そして湘北キャプテン・赤木の全国制覇の夢はかなうのか？自称・“天才”の桜木花道の戦いが今始る！！,https://res.cloudinary.com/hggksoylm/image/upload/v1598092901/Animation/slamdunk_fq4q5c.png,す,すらむだんく
0,スロウスタート,A-1 Pictures,2018,この春から高校一年生になる、人見知りな女の子、一之瀬花名。彼女はとある理由から都会の両親のもとを離れ、いとこの志温が管理人を務めるアパート”てまりハイツ”で暮らしている。新しい高校、新しい毎日の中で起こる、素敵な出会いの数々。花名はまわりの人たちとゆっくり心を通わせて、楽しくてきらきらとした時間を過ごしていく。子供みたいにはしゃいだり、大人みたいにドキドキしたり……かわいさ溢れ、心あたたまる、スロウな成長物語。,https://res.cloudinary.com/hggksoylm/image/upload/v1598092902/Animation/slowstart_ecqale.png,す,すろうすたーと
0,ずっと前から好きでした。～告白実行委員会～,Qualia Animation,2016,これが最後の練習だから――。桜丘高校3年の榎本夏樹は、幼なじみの瀬戸口優に片思い中。けれど、素直になれず、優を告白の“練習”相手だと言ってしまう。ホントの気持ちをごまかし続ける中、夏樹はクラスメイトの綾瀬恋雪にデートに誘われるけど…?夏樹の“練習”は“本番”をむかえることができるの!?,https://res.cloudinary.com/hggksoylm/image/upload/v1598092900/Animation/zuttomaekarasukidesita_ooomdm.png,ず,ずっとまえからすきでしたこくはくじっこういいんかい
0,正解するカド,東映アニメーション,2017,真道幸路朗（しんどう・こうじろう）は、外務省に勤務する凄腕の交渉官。羽田空港で真道が乗った旅客機が離陸準備に入った時、空から謎の巨大立方体が現れる。“それ”は急速に巨大化し、252人の乗った旅客機を飲み込んでしまう。巨大立方体の名は「カド」。カドより姿を現した、謎の存在・ヤハクィザシュニナは人類との接触を試みようとする。カドに取り込まれた真道は、ヤハクィザシュニナと人類の間の仲介役を引き受けることになる。一方、日本政府も国際交渉官の徭沙羅花（つかい・さらか）を代表として現場へ送り込む。 ヤハクィザシュニナとは何者か。そして彼の狙いは何か。,https://res.cloudinary.com/hggksoylm/image/upload/v1598095166/Animation/seikaisurukado_m1mnru.png,せ,せいかいするかど
0,青春ブタ野郎はバニーガール先輩の夢を見ない, CloverWorks,2018,思春期症候群――不安定な精神状態によって引き起こされるとネットで噂の不思議現象。梓川咲太、高校2年生。江ノ島からもほど近いとある高校に通う彼は、この年、様々な“思春期症候群”を引き起こした少女達と出会う。たとえばそれは、図書館で出会った野生のバニーガール。彼女の正体は、高校の上級生にして活動休止中の女優、桜島麻衣先輩。魅惑的な彼女の姿は、何故か周囲の人間の目には映っていなかった。彼女はなぜ見えなくなってしまうのか―。謎の解決に乗り出した咲太は、麻衣と過ごす時間の中で、彼女の秘める想いを知り……。空と海が輝く町で心揺れる少女達との不思議な物語が始まる。,https://res.cloudinary.com/hggksoylm/image/upload/v1598095166/Animation/aobuta_bjolzg.png,せ,せいしゅうぶたやろうはばにーがーるせんぱいのゆめをみない
0,セイレン,Studio五組/AXsiZ,2017,高校２年生の夏。「嘉味田正一」は進路希望表の内容で担任に呼び出されたことをきっかけに、大人になることへの不安を覚えはじめる。そんな彼が様々な女の子と出会い・・・・・・そしてどんな将来を目指していくのか。未来に向かって駆け出す等身大の高校生と清廉（セイレン）可憐なヒロインたちの恋愛物語が、今始まる！,https://res.cloudinary.com/hggksoylm/image/upload/v1598095166/Animation/seiren_k0oja2.png,せ,せいれん
0,聖闘士星矢,東映アニメーション,1986,この世に邪悪がはびこるとき、必ずや現れるという希望の闘士・聖闘士（セイント）。聖闘士になるため、ギリシアで修行していたペガサスの聖闘士・星矢は、聖衣を手に入れて日本に帰国する。彼を待っていたのは、グラード財団が企画した銀河戦争（ギャラクシアンウォーズ）と呼ばれる聖闘士同士の戦いだった。,https://res.cloudinary.com/hggksoylm/image/upload/v1598095166/Animation/seintoseiya_fmpjmk.png,せ,せいんとせいや
0,世界でいちばん強くなりたい！,アームス,2013,国民的アイドルグループ『Sweet Diva』で人気を二分する萩原さくらと宮澤エレナは、ライバルでもあり、また、お互いを認め合う大切な仲間でもあった。ある日、TV番組の収録で『ベルセルク』のプロレスラー・風間璃緒と絡んだエレナは、プロレス技を受け怪我をしてしまう。大切なものを傷つけられたさくらは、エレナの仇を取る為、プロレス勝負を挑むのだった。さくらは闘いの末に何を見つけるのか！？,https://res.cloudinary.com/hggksoylm/image/upload/v1598095167/Animation/sekaideitibantuyokunaritai_wzmimu.png,せ,せかいでいちばんつよくなりたい
0,セキレイ,セブン・アークス,2008,｢さぁ、始めようか―― 新しい神話を 可憐な戦記を 奇跡の恋物語を――｣2020年、新東帝都にそびえ立つビルの屋上で、一人の男がそう宣言した。それは｢鶺鴒計画｣の始まりを告げる合図。“セキレイ”と呼ばれる108羽の可憐な戦士たちは、自らの主・葦牙(アシカビ)を求めて人の世へと放たれた――――自らの想いを賭けて、最後の一羽と成る為に。｢ごめん、今年もダメだった・・・｣憧れの都会に上京したものの、大学受験に失敗したさえない浪人生・佐橋皆人。彼は、やりたい事も無く・親しい友人もおらず・ましてや彼女なんているわけもない、いわゆるヘタレ。しかもその日、2浪が決定したばかりだった。厳しい現実に、落ち込みながら帰路に付く皆人。そんな彼の前に、突然、空から謎の美少女が降ってきた。彼女の名は“結”。自らを“セキレイ”と名乗る彼女は、運命の相手“葦牙”として皆人を選んだのだった。｢私、皆人さんのために闘います!｣そして皆人と結の絆が刻まれたとき、物語は動き始める――これは、人とセキレイが織り成す、新しい神話 これは、セキレイ達が繰り広げる、可憐な戦記 これは、運命の相手と紡ぎ出す、奇跡の恋物語。全ては、愛する者と永遠に婚ぐ為に――――――,https://res.cloudinary.com/hggksoylm/image/upload/v1598095166/Animation/sekirei_xpspnc.png,せ,せきれい
0,selector infected WIXOSS,J.C.STAFF,2014,巷で中高生を中心に大人気のカードゲーム｢WIXOSS(ウィクロス)｣。だがそのカードの中に｢意志を持つ少女キャラのカード｣=ルリグカードがあることを知る者は少ない。ルリグの声は特別な少女だけが聴くことが出来、そのカードの持ち主はセレクターと呼ばれていた。そしてセレクターたちは、誰もがそれぞれの｢願い｣を抱いて、普通の人間には感知出来ないフィールド内でカードバトルを繰り広げている。なぜなら、セレクター同士のバトルに勝ち続ければ、自分の｢願い｣が叶うと言われているから。小湊るう子はWIXOSSを初めて手にしたその時、ルリグの声を聴いた。驚きと困惑の彼女の前に、同じ学校の生徒でセレクターの紅林遊月にバトルを挑まれる。るう子は要領を得ぬまま、自分のルリグをタマと名付けて、否応なしにセレクターとして戦うことに……。希望、願望、欲望。それぞれの想いを胸に、少女たちは危険なゲームの渦に飲み込まれていく──,https://res.cloudinary.com/hggksoylm/image/upload/v1598095170/Animation/wixoss_zwptg1.png,せ,せれくたーいんふぇくてっどうぃくおす
0,戦姫絶唱シンフォギア,サテライト,2012,世界各国を脅かす、認定特異災害――『ノイズ』。ノイズと接触した人間は、体組織を炭素の塊と変えられ、為す術も無く崩れ落ちてしまう。ノイズこそ、まさに人類の天敵。各国軍組織は、最新・先鋭の戦術兵器を駆使してその殲滅にあたるものの、ノイズに対しては有効打となりえず、いまだ対処法を見出すことはできない。だが、日本政府は、他国に先んじて、対ノイズの切り札とも呼べる兵器の開発に成功する。兵器の名は『シンフォギア』。当代トップのボーカルユニット、『ツヴァイウィング』の風鳴 翼と天羽 奏は、アーティストであると同時に、シンフォギアを身にまとい、ノイズから人類を守る戦士でもあった。翼と奏の唄う歌に導かれるかのようにして、立花 響と小日向 未来の運命もまた大きく動きはじめる。『覚醒の鼓動』は、すぐそこにまで迫りつつあった。,https://res.cloudinary.com/hggksoylm/image/upload/v1598095170/Animation/zekkyousensisymphogear_vji7s5.png,せ,せんきぜっしょうしんふぉぎあ
0,戦国BASARA,プロダクションI.G,2009,時は、群雄割拠の戦国時代―天下を狙うつわものたちが、全国各地で鬨を上げた。高まる乱世の機運。武将たちによって、開かれた戦端はたちまち全国を席巻し戦国の世の勢力図は、めまぐるしく塗り替えられていった。名だたる猛将達のあくなき戦いの中、天下は尾張の第六天魔王・織田信長が、手中に収めようとしていた。だが、北から蒼の装束に身を包んだ隻眼の若き武将が無数の騎馬軍団を従え、名乗りをあげた。その男は、奥州筆頭・独眼竜こと伊達政宗。狙うは信長の首、天下統一!,https://res.cloudinary.com/hggksoylm/image/upload/v1598095167/Animation/sengokubasara_rqjsqe.png,せ,せんごくばさら
0,戦国BASARA弐,プロダクション I.G,2010,第六天魔王・織田信長との天下二分の死闘の後―。武田と上杉、両軍は川中島で激しい攻防を繰り広げ、その一方で、宿命に結ばれし蒼紅伊達政宗と真田幸村もまた、勝負の刻を迎えていた。だがそこに奇襲の報。謎の大軍勢によって、武田・上杉・伊達の三軍は川中島の地に包囲されることになる。それは、日ノ本に再び大乱呼ぶことになる戦国の覇王・豊臣秀吉、その人の出現であった。世は再び、乱世となる―!!!,https://res.cloudinary.com/hggksoylm/image/upload/v1598095167/Animation/sengokubasara2_njspry.png,せ,せんごくばさらに
0,戦国BASARA Judge End, テレコム・アニメーションフィルム,2014,｢戦国BASARA｣はシリーズ累計330万本(2013年12月現在)を越える、カプコンの大人気アクションゲームシリーズ。戦国時代を舞台とし、伊達政宗・真田幸村・徳川家康・石田三成といった史実でも有名な武将が夢の対決をするという豪華な設定がヒットし、幅広いユーザー層に支持されている。2005年より始まったこの作品はゲームの枠を超え、さまざまマルチメディア展開が行われており、今回の新作TVアニメシリーズは、ゲーム｢戦国BASARA3｣を基に、関ヶ原を舞台とした壮大な戦国時代のアニメーション。,https://res.cloudinary.com/hggksoylm/image/upload/v1598095168/Animation/sengokubasarajudgeend_bapjdj.png,せ,せんごくばさらじゃっじえんど
0,戦国無双,TYOアニメーションズ×手塚プロダクション,2015,世は戦国時代。日本（ひのもと）は混乱の時代に陥り、各地で激しい勢力争いが行われている中、どこまでも共に戦い抜こうと誓った兄弟がいた――。天下統一を目前にした豊臣秀吉が残すは、“相模の獅子”北条氏康の守る小田原城のみ。前線に位置する、秀吉子飼いの将、石田三成、加藤清正、福島正則や、大谷吉継、島左近、直江兼続らの陣の中に、真田家の若き武士（もののふ）、信之、幸村の兄弟の姿があった。膠着状態を打破しようと、単騎で飛び出した幸村。兄・信之もその後を追う――乱世の運命に翻弄される、真田兄弟の熱く切ない物語が幕を開ける！,https://res.cloudinary.com/hggksoylm/image/upload/v1598095169/Animation/sengokumusou_mwgd3z.png,せ,せんごくむそう
0,川柳少女,CONNECT,2019,言いたいことは五七五の川柳で伝える女の子・雪白七々子と、見た目は怖いけど心優しい文芸部の毒島エイジ。 たった１７音で紡がれる二人の日常は、いつだって幸せいっぱい！,https://res.cloudinary.com/hggksoylm/image/upload/v1598095169/Animation/senryusyojo_arci2s.png,せ,せんりゅうしょうじょ
0,ゼロの使い魔,J.C.STAFF,2006,異世界ハルケギニアに｢使い魔｣として召喚されてしまった高校生・平賀才人(サイト)が巻き込まれる｢恋｣と｢冒険｣、｢ご主人様｣と｢使い魔｣のアンビバレントでハイブリットなファンタジーロマン。才人を異世界に召喚したのは、可愛いけれど魔法の才能ゼロのご主人様・ルイズ。突然、目の前に現れた謎の高慢な美少女に戸惑う才人に、彼女は契約だと言って、いきなり唇を重ねてくる・・・!すると彼の手の甲に不思議な文字が浮かび、才人はルイズの使い魔となってしまうのだが・・・?!全寮制トリステイン魔法学院を舞台に、ご主人様となった美少女魔法使いルイズに、罵られ、なじられ、そして愛される(?)、そんな使い魔・才人の愛と勇気と屈辱に満ちたドキドキの学園生活が始まることに・・・。異世界で巻き起こる波乱に満ちた異文化交流の中、果たしてゼロのルイズと才人の運命は、どのような展開を見せるのだろうか・・・!?,https://res.cloudinary.com/hggksoylm/image/upload/v1598095170/Animation/zeronotukaima_pra4pk.png,ぜ,ぜろのつかいま
0,Z/X IGNITION,トムス・エンタテインメント,2014,時は近未来、突然、地球上の各所にブラックポイントと呼ばれる異次元と繋がる扉が出現。そこから、通称ゼクスと呼ばれる異形の怪物たちが現れ、人類に侵攻を開始する。当初は劣勢を強いられていた人類側だったが、ゼクスを捕獲し、使役することが出来る道具｢カードデバイス｣を開発し、ゼクスに抵抗を開始する。やがて人類とゼクスの戦いは小康状態を迎え、地球上には束の間の平穏が訪れた。そんな時代背景の中、この物語の主人公｢天王寺飛鳥｣は神戸にて、ごくごく普通の高校生活を送っていた。しかしある時、街角で不思議な少女と出会い、カードデバイスを渡される。するとしばらくして、飛鳥は傷を負った天使のゼクス｢フィエリテ｣が、黒い獣のゼクス｢ズィーガー｣とそのパートナーの少女｢上柚木綾瀬｣に襲われている現場に遭遇する。飛鳥は持ち前の正義感から天使を助けようとするのだが…。この事件を機に、飛鳥は激動の運命の渦へと巻き込まれていく。過酷な宿命を背負う少女｢各務原あづみ｣とそのあづみに寄り添うゼクス｢リゲル｣、世界征服の野望に燃える｢アレキサンダー｣とその下で軍師として辣腕を振るう｢黒崎神門｣、その黒崎と行動を共にする｢青葉千歳｣と｢倉敷世羅｣など様々な人々やゼクスとの出会いを重ねる飛鳥。はたして彼を待ち受けるのは果たして何色の未来なのか…!?,https://res.cloudinary.com/hggksoylm/image/upload/v1598095170/Animation/zx_pkh2km.png,ぜ,ぜくすいぐにっしょん
0,Z/X Code reunion,パッショーネ,2019,5つ異世界の門が開き、ゼクスと呼ばれるモノたちが世界に現れて数年。当初は争っていた人類やゼクス達との関係も安定を見せ始める。主人公各務原あづみは5つある異世界の1つ、「青の世界」より自らの病の治療の代償にリゲルと呼ばれるゼクスをパートナーとし、とある学園への入学を命じられる。その入学当日、学園は世界を滅ぼそうとする存在「イネルマ」との戦いに突入する。戦いの混乱の中、あづみは偶然学園が対イネルマ用として建設していたドライブシャフトで4人の生徒と出会い、彼女たちと協力して「イネルマ」と戦うも、ピンチに陥った彼女たちを救ったのは学園の生徒会チームであった。即席チームとして誕生した彼女たちは正式なチームとして学園の仲間たちと共に「イネルマ」との戦いに身を投じていく。,https://res.cloudinary.com/hggksoylm/image/upload/v1598095171/Animation/zxcodereunion_wbtufb.png,ぜ,ぜくすこーどりゆにおん
0,創聖のアクエリオン,サテライト,2005,創聖紀0011年の地球――人類は、その人口の2/3を失っていた。11年前の大異変が原因である。南極の氷が溶解し、1万2千年前に滅びたはずのアトランディアが出現、翼をもつ“堕天翅族”が蘇った。彼らは生物機械兵器“神話獣”を次々と人類の都市に送り込み、人間を捕獲していった。生体エネルギー“プラーナ”を摂取するためである。一方、人類は反撃を期して、海底遺跡から3機のハイブリッド戦闘機“ベクターマシン”を発掘していた。1万2千年前、堕天翅族を滅亡へ追い込んだとされる伝説の兵器である。ベクターマシンが合体することにより、 “機械天使アクエリオン”が姿を現す。アクエリオンを動かすには、マシンの機械生命と感応、共鳴できる“エレメント”と呼ばれる人間が必要だ。それには特に鋭敏な五感や純真な魂が要求されるため、10代半ばの少年少女たちがパイロットとして集められた。そして、ついに“機械天使アクエリオン”の合体するときが来た・・・。,https://res.cloudinary.com/hggksoylm/image/upload/v1598136442/Animation/souseinoakuerion_nntssk.png,そ,そうせいのあくえりおん
0,蒼天の拳,蒼天スタジオ,2006,1930年代、｢魔の国際都市｣と呼ばれた上海。上海を別つ3つの地域、｢華界｣｢フランス租界｣｢共同租界｣。各々が行政自治権・治外法権を有する租界には、60カ国以上の民族が雑居し、日々闘争を繰り広げていた。犯罪が横行する租界で覇を唱える黒社会の権力者達。中でも忠義を重んじる青幇(チンパン)と、残酷非道なる紅華会、2つの秘密結社の利権争いは激烈を極めた。その果てることなき闘争は、多くの欲望と悲しみを生み出してゆく。その上海の地を一人の男が踏みしめた。その名は霞拳志郎。最強の暗殺拳“北斗神拳”の第62代伝承者であり、北斗の歴史上、最も奔放、且つ苛烈と呼ばれた男。ここに新たなる“北斗伝説”が刻まれる!,https://res.cloudinary.com/hggksoylm/image/upload/v1598136442/Animation/soutennokobusi_bdrnso.png,そ,そうてんのこぶし
0,ソウナンですか？,Ezo'la,2019,家もない…。食べ物も、水もない…。女子高生４人組は、どこかもわからない無人島でソウナンしてしまい大ピンチ！…のはずが、けっこう元気です！なんにもないから、なんでも作る！なんでも食べる！知恵と勇気の無人島サバイバル！,https://res.cloudinary.com/hggksoylm/image/upload/v1598136443/Animation/sounandesuka_acormk.png,そ,そうなんですか
0,ソラとウミのアイダ,トムス・エンタテインメント,2018,ある日、海から魚が消えた。水産省はかねてより計画していた「宇宙イケス」の試験運用をスタート。尾道には「尾道宇宙漁業団」が設立され、宇宙漁師が育成された。そして近年、男女雇用機会均等法の強化によって、「漁師にも女性を」という声が高まり、6人の新米宇宙漁師候補生が選ばれた。舞台は尾道、目指すは宇宙。これは宇宙漁師を目指す6人の成長を描いた物語。,https://res.cloudinary.com/hggksoylm/image/upload/v1598136443/Animation/soratouminoaida_hrlkiy.png,そ,そらとうみのあいだ
0,空の青さを知る人よ, アニプレックス/フジテレビジョン/東宝/STORY/KADOKAWA,2019,山に囲まれた町に住む、17歳の高校二年生・相生あおい。将来の進路を決める大事な時期なのに、受験勉強もせず、暇さえあれば大好きなベースを弾いて音楽漬けの毎日。そんなあおいが心配でしょうがない姉・あかね。二人は、13年前に事故で両親を失った。当時高校三年生だったあかねは恋人との上京を断念して、地元で就職。それ以来、あおいの親代わりになり、二人きりで暮らしてきたのだ。あおいは自分を育てるために、恋愛もせず色んなことをあきらめて生きてきた姉に、負い目を感じていた。姉の人生から自由を奪ってしまったと…。そんなある日。町で開催される音楽祭のゲストに、大物歌手・新渡戸団吉が決定。そのバックミュージシャンとして、ある男の名前が発表された。金室慎之介。あかねのかつての恋人であり、あおいに音楽の楽しさを教えてくれた憧れの人。高校卒業後、東京に出て行ったきり音信不通になっていた慎之介が、ついに帰ってくる…。それを知ったあおいの前に、突然“彼”が現れた。“彼”は、しんの。高校生時代の姿のままで、過去から時間を超えてやって来た18歳の金室慎之介。思わぬ再会から、しんのへの憧れが恋へと変わっていくあおい。一方で、13年ぶりに再会を果たす、あかねと慎之介。せつなくてふしぎな四角関係…過去と現在をつなぐ、「二度目の初恋」が始まる。,https://res.cloudinary.com/hggksoylm/image/upload/v1598136442/Animation/soranoaosawosiruhitoyo_is6qfk.png,そ,そらのあおさをしるひとよ
0,天体のメソッド,Studio 3Hz,2014,"｢願いをかなえるために、ここにいる――｣
霧弥湖上空に現れた謎の円盤。出現当時は世界中を大混乱に陥れたが、そこに留まるだけの円盤への恐怖心は消え、次第に観光地となり、徐々に人々の興味も薄れて行った…
二人の少女が出会うとき、それは止まっていた時間が動き出す兆し。想いが人を変えて行き新しい物語を刻む。中学校生活最後の年。それは一生忘れられない時間(とき)。",https://res.cloudinary.com/hggksoylm/image/upload/v1598136443/Animation/soranomethod_xyhopd.png,そ,そらのめそっど
0,宇宙よりも遠い場所,MADHOUSE,2017,そこは、宇宙よりも遠い場所──。何かを始めたいと思いながら、中々一歩を踏み出すことのできないまま高校2年生になってしまった少女・玉木マリ(たまき・まり)ことキマリは、とあることをきっかけに南極を目指す少女・小淵沢報瀬(こぶちざわ・しらせ)と出会う。高校生が南極になんて行けるわけがないと言われても、絶対にあきらめようとしない報瀬の姿に心を動かされたキマリは、報瀬と共に南極を目指すことを誓うのだが……。,https://res.cloudinary.com/hggksoylm/image/upload/v1598136443/Animation/sorayorimotooibasyo_tfbck7.png,そ,そらよりもとおいばしょ
0,ソードアート・オンライン,A-1 Pictures,2012,2022年。人類はついに完全なる仮想空間を実現した。VRMMORPG(仮想大規模オンラインロールプレイングゲーム)｢ソードアート・オンライン｣のプレイヤーの一人であるキリト。SAOの世界を満喫していた彼は、ログインした他の1万人のプレイヤーと共にゲームマスターから恐るべき託宣を聞かされる。それは、ゲームをクリアすることだけが、この世界から脱出する唯一の方法であること。そして、このゲーム内でゲームオーバーは、現実世界での“死”を意味すること。それが、このゲームの恐るべき全貌であった。キリトは、いち早くこのMMOの“真実”を受け入れ、パーティーを組まないソロプレイヤーとして、終わりの見えない死闘に身を投じていく……。,https://res.cloudinary.com/hggksoylm/image/upload/v1598136444/Animation/swordartonline_xojco2.png,そ,そーどあーとおんらいん
0,ソードアート・オンラインⅡ,A-1 Pictures,2014,《SAO》事件から一年が経ったある日、キリトは、総務省《仮想課》の菊岡誠二郎から奇妙な依頼を受ける。それは、銃と鋼鉄のVRMMO《ガンゲイル・オンライン（GGO）》で突如発生した怪現象《死銃（デス・ガン）》事件の捜査であった。漆黒の銃を持つ謎のアバターに撃たれたプレイヤーは、実際に現実世界でも《死》に至る……。その不気味な事件の捜査を断りきれなかったキリトは、《仮想世界》が《現実世界》へ物理的に影響を及ぼすことに疑いを抱きつつも、《GGO》へとログインする。《死銃》の手がかりを掴むべく、不慣れなゲーム内を彷徨うキリト。そんな彼に救いの手を差し伸べたのは、長大なライフル《ヘカートII》を愛用するスナイパーの少女・シノンだった。彼女の力を借りたキリトは、自らがターゲットとなって《死銃》との接触を試みるべく、全ガンナーの頂点たる対人トーナメント《バレット・オブ・バレッツ》に挑む……。,https://res.cloudinary.com/hggksoylm/image/upload/v1598136445/Animation/swordartonline2_mfprna.png,そ,そーどあーとおんらいんつー
0,ソードアート・オンライン アリシゼーション,A-1 Pictures,2017,「ここは……どこだ……？」気づけばキリトは、なぜか壮大なファンタジーテイストの仮想世界にフルダイブしていた。ログイン直後の記憶があやふやなまま、手がかりを求めて辺りを彷徨う。そして、漆黒の巨木《ギガスシダー》のもとにたどり着いた彼は、一人の少年と出会う。「僕の名前はユージオ。よろしくキリト君」少年は仮想世界の住人――《NPC》にもかかわらず、人間と同じ《感情の豊かさ》を持ち合わせていた。ユージオと親交を深めながら、この世界からのログアウトを模索するキリト。そんな彼の脳裏に、ある記憶がよみがえる。それは、幼少期のキリトとユージオが野山を駆け回る想い出――本来、あるはずのない記憶。更にその想い出には、ユージオともう一人、金髪の髪を持つ少女の姿があった。名前は、アリス。絶対に忘れてはいけないはずの、大切な名前――。,https://res.cloudinary.com/hggksoylm/image/upload/v1598136445/Animation/swordartonlinealisizesyon_e6sdpx.png,そ,そーどあーとおんらいんありしぜーしょん
0,ソードアート・オンライン アリシゼーション War of Underworld,A-1 Pictures,2019,《最終負荷実験》という名の、アンダーワールド全土を巻き込んだ人界軍と闇の軍勢の戦争。戦局は、《光の巫女》アリスの奪取を目論む《ダークテリトリー》軍ガブリエル一派と、アンダーワールドを守ろうとする《人界》軍アスナたちとの戦いへと様相を変えつつあった。未だキリトが精神世界の奥深くで眠り続ける中、《闇神ベクタ》ことガブリエルは、現実世界から幾万もの米国プレイヤーたちをログインさせ、《人界》軍の一挙殲滅を狙う。対するアスナたちは、アンダーワールド創世の神の名を冠する3つのスーパーアカウントで抗戦する。《創世神ステイシア》のスーパーアカウントを得たアスナは、《人界》軍とともに米国プレイヤーと死闘を繰り広げ、《太陽神ソルス》のスーパーアカウントを得たシノンは、アリスを拉致したガブリエルを追う。そして、《地神テラリア》のスーパーアカウントを得たリーファも、アンダーワールドへとたどり着く。それだけではない。リズベットの気迫こもった檄に応じた《ALO》のプレイヤーたちが、鍛えあげたキャラクターをコンバートし、《人界》軍側へ参戦する！この大戦はアンダーワールドの存続だけではない。究極のAIであるボトムアップ型人工知能、さらには人類の未来をかけた戦いでもある。そしてその行く末は、今は深く眠る一人の少年――《黒の剣士》が握っている。《アリシゼーション》編 、ここに完結！,https://res.cloudinary.com/hggksoylm/image/upload/v1598136445/Animation/swordartonlinealisizesyonwarofunderworld_mxxpiy.png,そ,そーどあーとおんらいんありしぜーしょんわーおぶあんだーわーるど
0,ソードアート・オンライン オルタナティブ ガンゲイル・オンライン, Studio 3Hz,2018,銃と鋼鉄の世界《ガンゲイル・オンライン》でソロプレイを満喫している女性プレイヤー・レン。可愛いものが大好きな彼女は全身をピンクの装備で統一し、コツコツと地道にプレイを重ね、実力をつけていた。そしてとあることからPK――プレイヤー狩りの面白さに目覚めたレンはPKにのめり込み、ついには「ピンクの悪魔」と呼ばれるまでになる。そんなレンは美人でミステリアスなプレイヤー・ピトフーイと出会い、意気投合。彼女に言われるがまま、チーム戦イベント《スクワッド・ジャム》に参加することになる。,https://res.cloudinary.com/hggksoylm/image/upload/v1598136445/Animation/swordartonlinealternative_icejiz.png,そ,そーどあーとおんらいんおるたなてぃぶがんげいるおんらいん
0,ソード・オラトリア　ダンジョンに出会いを求めるのは間違っているだろうか外伝,J.C.STAFF,2017,【剣姫】アイズ・ヴァレンシュタイン。最強と名高い女剣士は今日も仲間たちと共に、広大な地下迷宮『ダンジョン』へと繰り出していく。様々な謎と脅威が襲いかかる深層域で、アイズが風を呼び、迷宮の闇へと一閃を刻む！迷宮都市オラリオの地で、それぞれの物語が今、鮮烈に交差する！これは、強さを求め続ける少女と、その眷族の物語,https://res.cloudinary.com/hggksoylm/image/upload/v1598136445/Animation/swordoratoria_ej8k4t.png,そ,そーどおらとりあ
0,続・終物語,シャフト,2018,高校の卒業式の翌朝。顔を洗おうと洗面台の鏡に向かい合った暦は、そこに映った自分自身に見つめられている感覚に陥る。思わず鏡に手を触れると、そのまま指先が沈み込んでいき……。気がついたとき、暦はあらゆることが反転した世界にいた。,https://res.cloudinary.com/hggksoylm/image/upload/v1598136446/Animation/zokuowarimonogatari_fhmixt.png,ぞ,ぞくおわりものがたり
0,ゾンビランドサガ,MAPPA,2018,いつもの朝。いつもの音楽。いつもの自分。7人の少女たちの安寧は、突如崩壊する。死して蠢く、ゾンビによって……否応なく踏み込んだ世界、そこは“最高×最悪のゾンビワールド”少女たちの願いは、たった一つ。「私たち、生きたい。」これは、少女達が起こす奇跡の物語(サガ)。MAPPA×エイベックス・ピクチャーズ×Cygamesの３社が偶然にも手掛けた100％肉汁オリジナルアニメが誕生！年齢も性別も時代も超えて、びんびんに刺激する『新感覚ゾンビ系アニメ』の幕がいま上がる。,https://res.cloudinary.com/hggksoylm/image/upload/v1598136447/Animation/zonbirandsaga_dyhvap.png,ぞ,ぞんびらんどさが
