0,アイドルマスター,A-1 Pictures,2011,人気ゲーム「アイドルマスター」が待望のTVアニメ化。都内某所にある芸能事務所『765プロダクション』。その『765プロダクション』に所属する、天海春香をはじめとした個性豊かな13人の女の子たち。それぞれの夢に向かって頑張る彼女たちの活躍と成長を描いた物語。夢は大きく、めざせトップアイドル!!,https://res.cloudinary.com/hggksoylm/image/upload/v1598232195/Animation/idlemater_cddasc.png,あ,あいどるますたー
0,アイドルマスター シンデレラガールズ,A-1 Pictures,2015,歴史ある芸能プロダクション「３４６プロダクション」には数多くのアイドルが在籍している。そこで新たにスタートする「シンデレラ プロジェクト」！普通の毎日を送っていた女の子。アイドルの卵に選ばれた彼女達が、初めて見る世界で紡ぐシンデレラストーリー。みんなと一緒にお城へと続く階段を登っていく事が出来るのか。今、魔法がかかり始める――,https://res.cloudinary.com/hggksoylm/image/upload/v1598232195/Animation/idlemastercinderella_h3zmja.png,あ,あいどるますたーしんでれらがーるず
0,青の祓魔師,A-1 Pictures,2011,人間の住む「物質界（アッシャー）」と、悪魔の住む「虚無界（ゲヘナ）」。本来は干渉することすらできない二つの次元だが、悪魔はあらゆる物質に憑依し、物質界に干渉していた。しかし人間の中には、そんな悪魔を祓う―祓魔師（エクソシスト）が存在した。,https://res.cloudinary.com/hggksoylm/image/upload/v1598232195/Animation/aonoexsosist_r7bui7.png,あ,あおのえくそしすと
0,蒼の彼方のフォーリズム,GONZO,2016,反重力を発生させるシューズ、通称“グラシュ”の発明により、人が簡単に空を飛ぶことが出来るようになった世界。久奈浜学院に転校してきた倉科明日香は、同級生の鳶沢みさき、日向晶也達との出会いを通じて、グラシュを使った新興スカイスポーツ『フライングサーカス』(通称FC)を知り、その魅力に惹かれていく。学院のFC部に入部した明日香は、仲間達と共に、時にはぶつかり、励まし合い、それぞれの目標に向かいながら、強力なライバル達に立ち向かっていく――。――目指すは、夏の大会。,https://res.cloudinary.com/hggksoylm/image/upload/v1598232195/Animation/aonokanatanoforizum_e98hdj.png,あ,あおのかなたのふぉーりずむ
0,青春×機関銃,ブレインズ・ベース,2015,とある事件から、なかば無理やりサバゲーをやることになった高校生・立花蛍。ホスト・松岡正宗とエロマンガ家・雪村透といった個性豊かな仲間に囲まれ、仕方なくプレイしつつも徐々にその遊びにハマっていき……,https://res.cloudinary.com/hggksoylm/image/upload/v1598232195/Animation/aoharukikanju_p3owdx.png,あ,あおはるきかんじゅう
0,赤髪の白雪姫,ボンズ,2015,林檎のような赤髪の娘、白雪。その珍しさを気に入ったラジ王子の愛妾にされかかり、生まれ育った国を出ることに。隣国の森に辿り着き、そこで出会い、力を貸してくれたのはクラリネス王国の第二王子・ゼン。これは出会った二人が互いの手をとり、様々な人との出会いの中で足音を重ね、道を行く物語――。,https://res.cloudinary.com/hggksoylm/image/upload/v1598232195/Animation/akagaminosirayukihime_s5csyt.png,あ,あかがみのしらゆきひめ
0,暁のヨナ,studioぴえろ,2014,建国神話・四龍伝説が伝わる高華王国。緋龍城では当時、王の他には世継ぎの王子も、世継ぎを産むお妃も無くただ齢十五の王女・ヨナが、大切に大切に育てられていた――。そして迎えた十六歳の誕生日。武器を厭う心優しい父王・イル、幼馴染で護衛のハクや、ヨナが想いを寄せていた従兄のスウォンと共に、幸せな一日を過ごす…はずだった。宴の夜、スウォンとの婚姻を反対するイルに、ヨナは自分の気持ちを伝えに行く。しかし、イルの部屋で彼女が遭遇したのは思いもよらぬ過酷な現実で…!?ヨナと四龍、それぞれの運命が絡みあう、激動の大河ファンタジー・ロマン――！,https://res.cloudinary.com/hggksoylm/image/upload/v1598232195/Animation/akatukinoyona_ntracb.png,あ,あかつきのよな
0,AKIRA,東京ムービー新社,1988,2019年のネオ東京。ある夜、金田をリーダーとするバイクの一団のメンバー・鉄雄が負傷した。彼は突如現れた軍用へリでラボに運ばれ、不思議な力に覚醒する。一方、街ではゲリラたちの銃撃戦が始まる中、謎の軍用兵器｢アキラ｣の覚醒が予言される。暴走する鉄雄と、鉄雄を取り戻そうとする金田の戦いが始まった!,https://res.cloudinary.com/hggksoylm/image/upload/v1598232196/Animation/akira_ylivqv.png,あ,あきら
0,アクセル・ワールド,サンライズ,2012,2046年、ニューロリンカーと呼ばれる携帯端末を用いることで生活の多くが仮想ネットワーク上で行われるようになった世界。だが、どんなに時代が進んでも｢いじめられっ子｣はなくならない……。ハルユキもそんな中学内格差(スクールカースト)最底辺に位置する一人であった。ローカルネットの片隅で、ひたすらにスカッシュゲームに打ち込むだけの暗く陰鬱な日々を過ごしていた彼だったが、ある日突然、校内一の有名人《黒雪姫》に声をかけられる。｢もっと先へ――《加速》したくはないか、少年｣彼女から謎のプログラム《ブレイン・バースト》を託され、《加速世界》の秘密を教えられたハルユキは、黒雪姫の『騎士』として戦うことを決意する……！！,https://res.cloudinary.com/hggksoylm/image/upload/v1598232196/Animation/accellworld_uuvx9v.png,あ,あくせるわーるど
0,あした世界が終わるとしても,クラフタースタジオ,2019,幼いころに母を亡くして以来、心を閉ざしがちな真。彼をずっと見守ってきた、幼なじみの琴莉。高校三年の今、ようやく一歩を踏み出そうとしたふたりの前に突然、もうひとつの日本から、もうひとりの「僕」が現れる――。,https://res.cloudinary.com/hggksoylm/image/upload/v1598232196/Animation/asitasekaigaowarutositemo_jqizya.png,あ,あしたせかいがおわるとしても
0,あしたのジョー,虫プロダクション,1970,泪橋と呼ばれる橋を渡ると広がる下町のドヤ街に､ある日フラリとひとりの少年･矢吹丈が訪れるところから物語は始まる。生まれついての風来坊である彼は､そこで喧嘩の腕を披露して､ヤクザにからまれている少女･サチを助ける。それを見ていた拳闘狂の丹下段平から､丈は､ボクシングへの道を勧められるが､その申し出をあっさりと断る。ところが､慈善家の財閥令嬢･白木葉子からお金を騙し取ったことが原因で丈は少年院に送られ､そこで後のライバル･力石徹と出会うことに。力石のパンチに沈み､初めての敗北感を味わった彼は､俄然ボクシングに対する興味を燃やし､段平の特訓を受けることを決意する。かくして､ふたりの若者の想像を絶する闘いの日々は始まった。,https://res.cloudinary.com/hggksoylm/image/upload/v1598232198/Animation/asitanojo_r9mzd1.png,あ,あしたのじょー
0,ASTROBOY 鉄腕アトム,手塚プロダクション,2003,2003年。世界では様々なロボットが開発され、人間の手足となって活躍していた。しかしそれらは命令のままに動くただの機械でしかない。そんな中でアトムは世界初の心を持つロボットとして、お茶の水博士の手によって誕生した。心を持つロボットの存在は、人間達の間に波紋を広げる。憧れるもの、恐れるもの、中には｢心を持つロボットを排除しろ！｣と声高々に叫ぶものもいる。そんな中でアトムは、素晴らしい能力を使って、人々を危機から救うために活躍していく。人間と同じように、学校に通いはじめたアトムには、仲良しの友達もたくさん出来る。心を持つロボット、アトムの存在は、徐々に人々に間に受け入れられていくかにみえた。しかしロボットに反対する人々の策略のために、ロボットは時に信用を失い、人間から迫害を受ける事も…。そんな中で、不当な扱いを受けるロボットを救うために、人間と敵対し、ロボットだけの国を作ろうとするロボットも現れる。また、元科学省長官天馬は、人間に敵対するロボットを作り、アトムに挑戦状を叩きつけてくる。天馬博士はなぜ執拗にアトムを試そうとするのか？ その理由を探るうち、アトムは天馬博士に関わる自分の出生の秘密を知ってしまう。アトムを作ったのは実はお茶の水博士ではなかったのだ。天馬博士の目的は？ アトムの出生の秘密とは？ ロボットと人間の未来はどうなるのか？ 様々な出来事に翻弄されながらも、アトムは常にまっすぐな心で前に進んでいく。アトムの願いは一つ。それは｢人間とロボットが友達でいられる世界を作る事｣だった。2003年、実際の誕生年を迎え、(ソニーピクチャーエンタテインメントと手塚プロダクションの手によって、)ついにアトムが蘇る。半世紀もの間世界中で愛されてきたアトムの、新たな物語を是非御覧下さい。,https://res.cloudinary.com/hggksoylm/image/upload/v1598232198/Animation/astroboy_dxtd9w.png,あ,あすとろぼーいてつわんあとむ
0,あそびあそばせ,Lerche,2018,コメディの新境地を切り拓く鬼才・涼川りんが描くヤングアニマルで大好評連載中のJCガールズコメディ「あそびあそばせ」が待望のTVアニメ化決定！日本生まれ日本育ちでまったく英語ができない金髪の美少女・オリヴィア、真面目で知的な雰囲気を漂わせながら英語がまったくできないショートカットの眼鏡っ娘・香純(かすみ)、そして明るいけれど、リア充になれないおさげ髪の少女・華子(はなこ)、３人の女子中学生が作ったのは「遊び人研究会」！？　最高に可愛くて最高に楽しい抱腹絶倒のJCガールズコメディが今、幕を開ける！,https://res.cloudinary.com/hggksoylm/image/upload/v1598232198/Animation/asobiasobase_epycut.png,あ,あそびあそばせ
0,Another,P.A.WORKS,2012,死者は、誰――? その学校のそのクラスには、誰にも話してはならない“秘密”がある――1998年、春｡ 夜見山北中学に転校してきた 榊原恒一(15歳)は、何かに怯えているようなクラスの雰囲気に違和感を覚える｡不思議な存在感を放つ美少女、見崎鳴に惹かれ、接触を試みる恒一だが、いっそう謎は深まるばかり｡そんな中、予想もしなかった惨事が!・・・・・・この“世界”ではいったい、何が起こっているのか・・・? “新本格ミステリ”ムーブメントの旗手・綾辻行人がおくる、いまだかつてない学園ミステリ&ホラー｢Another｣驚天動地の学園本格ミステリホラーがついにTVアニメ化!キャラクター原案は｢涼宮ハルヒの憂鬱｣などの大ヒット作品を手掛ける【いとう のいぢ】が担当!監督:水島努、キャラクターデザイン:石井百合子、そして…アニメ制作:P.A.WORKS大ヒットを連発しているスタッフ&スタジオが、超豪華チームを結成し、ホラーアニメの決定版に挑む｡,https://res.cloudinary.com/hggksoylm/image/upload/v1598232199/Animation/another_gxix2o.png,あ,あなざー
0,ISLAND,feel.,2018,本土から遠く離れた海に浮かぶ「浦島」 忘れられつつあるこの島に「タイムトラベラー」を自称するひとりの青年が流れ着く。その青年は、凛音、夏蓮、紗羅という3人の少女たちと出会い、やがて島の未来を変えるべく奔走をはじめる。排他的な因習と数々の謎を秘めた浦島をめぐる青年と少女たちの物語がひも解かれる――。,https://res.cloudinary.com/hggksoylm/image/upload/v1598232200/Animation/island_teagcu.png,あ,あいらんど
0,あの日見た花の名前を僕達はまだ知らない。,A-1 Pictures,2011,昔は仲良しだった幼馴染たち。でも、高校生になった彼らの距離はいつの間にか離れてしまっていた。ヒキコモリぎみの主人公”じんたん”。ギャル友達に流され気味の”あなる”。進学校に通う”ゆきあつ”と”つるこ”。高校に進学せず旅を重ねる”ぽっぽ”。そして、仲良しだった小学生の頃から、それぞれが変わっていく中で変わらない少女”めんま”。あの日、”お願いを叶えて欲しい”とじんたんにお願いをするめんま。困りながらも”めんまのお願い”を探るじんたん。そのめんまの願い事がきっかけとなり、それぞれの領域でそれぞれの生活を送っていた幼馴染達は再びかつてのように集まりはじめる。,https://res.cloudinary.com/hggksoylm/image/upload/v1598232200/Animation/anohana_opqpwy.png,あ,あのひみたはなのなまえをぼくたちはまだしらない
0,あひるの空,ディオメディア,2019,バスケットボールでは決して有利ではない小柄な体格の車谷 空。身長を理由にスタメンに選ばれることのなかった空は、高校バスケ部に期待を膨らませて九頭龍高校、通称クズ高に入学。ところがバスケ部はほとんど機能停止状態。とてもバスケをできる環境ではなかった。しかし、空はバスケへの熱量で、クズ高バスケ部メンバーとぶつかり合いながらも、共に成長していく。次々に直面するあらゆる困難に、クズ高バスケ部メンバーはどのように立ち向かって行くのか…！？,https://res.cloudinary.com/hggksoylm/image/upload/v1598232200/Animation/ahirunosora_lv6dgr.png,あ,あひるのそら
0,アホガール,ディオメディア,2017,テストが5教科全て0点でも気にしない！どこまでもアホな女子高生・花畑よしこ。バナナが大好き。幼なじみのあっくんが大好き。食って、寝て、遊ぶだけ、以上！「アホガール」2017年夏、待望のTVアニメーション化、大決定！ 見るときっとあなたも元気になる！？,https://res.cloudinary.com/hggksoylm/image/upload/v1598232200/Animation/ahogirl_hietv9.png,あ,あほがーる
0,甘々と稲妻,トムス・エンタテインメント,2016,ひとり娘と二人で暮らす高校教師が、ふとしたきっかけから教え子の女子高生と三人でごはんを作って食べることに。三人とも料理はまったくできないけれど、美味しいごはんはとっても大好き！あったかくって楽しいひとときが、きっとあなたを夢中にさせる！,https://res.cloudinary.com/hggksoylm/image/upload/v1598232201/Animation/amamatoinazuma_mra282.png,あ,あまあまといなずま
0,アマガミSS,AIC,2010,橘純一はとある過去の経験から、クリスマスに苦手意識をもっている高校２年生。すっかり恋に臆病になった彼は彼女を作ろうともせず、寂しい学園生活を送り続けていた。そんな生活を続けていた純一は、ふと「このまま何もしないで高校生活を終えて本当にいいのか？」と思う。そして恋に対する苦手意識をなんとか跳ね除け、今年のクリスマスは女の子と過ごせるようにと一念発起する。,https://res.cloudinary.com/hggksoylm/image/upload/v1598232201/Animation/amagami_en6hxd.png,あ,あまがみss
0,甘城ブリリアントパーク,京都アニメーション,2014,謎の美少女転校生・千斗いすずから強引に遊園地デートの誘いを受けた可児江西也。わけもわからず連れて来られたのは、さびれたアトラクション、ダメダメなサービスの日本一残念な遊園地・甘城ブリリアントパーク。その支配人だという“本物の”お姫様・ラティファに引き合わされた西也は、なぜか突然、閉園の危機にあるパークの再建を託されてしまう。そして、そこはただの遊園地ではなく――！？,https://res.cloudinary.com/hggksoylm/image/upload/v1598232202/Animation/amagibuririantopark_cwxgzx.png,あ,あまぎぶりりあんとぱーく
0,アリスと蔵六,J.C.STAFF,2017,彼女はそれまで“外の世界”を知らなかった。初めて触れるモノ、初めて見る風景、そして初めて出会う人々……。そんな“世界”の広がりに、戸惑い、驚き、目を見開く。名前は紗名(さな)。“研究所”と呼ばれる施設で、“外の世界”を知らずに生まれ育った少女。しかも、あらゆる想像を具現化する??｢アリスの夢｣と呼ばれる特殊な能力の持ち主でもあった。そして初めての“外”で、彼女はひとりの老人と出会う。名前は樫村蔵六。｢曲がったことが大嫌い｣で｢悪いことは悪い｣という頑固じいさん。そんな蔵六との出会いが、紗名の運命を大きく変えていく。紗名を追う謎の組織、次々と現れる能力者たち、そして心優しい人々との出会い……。世間知らずだった“アリス”は、鏡の門(ルッキング・グラス)を抜けて、世界の本当の姿を知ることになる。??そう、これは、私がまだ、自由に夢の国へ行けた頃の話。,https://res.cloudinary.com/hggksoylm/image/upload/v1598232202/Animation/arisutozouroku_cxme3w.png,あ,ありすとぞうろく
0,ありふれた職業で世界最強,asread.×WHITE FOX,2019,“いじめられっ子”の南雲ハジメは、クラスメイトと共に異世界へ召喚されてしまう。つぎつぎに戦闘向きのチート能力を発現するクラスメイトとは裏腹に、錬成師という地味な能力のハジメ。異世界でも最弱の彼は、あるクラスメイトの悪意によって迷宮の奈落に突き落とされてしまい――!?脱出方法が見つからない絶望の淵のなか、錬成師のまま最強へ至る道を見つけたハジメは、吸血鬼のユエと運命の出会いを果たす――。「俺がユエを、ユエが俺を守る。それで最強だ。全部薙ぎ倒して世界を越えよう」奈落の少年と最奥の吸血鬼による“最強”異世界ファンタジー、開幕！――そして、少年は“最強”を超える。,https://res.cloudinary.com/hggksoylm/image/upload/v1598232202/Animation/arihuretasyokugyodeisekaisaikyo_auwuwg.png,あ,ありふれたしょくぎょうでせかいさいきょう
0,アルスラーン戦記,ライデンフィルム×サンジゲン,2015,東西を結ぶ陸路の中心地・エクバターナを王都に掲げ、各地からの人や物資、そして豊かな文化が集まる強国パルス。この国の王太子として生まれた少年・アルスラーンは、幸福のうちに国を引き継ぐはずだった。土煙が舞う平原に、パルスの誇る騎馬隊が葬り去られるその日までは……。パルスの豊かな領土を狙って、異教徒の国・ルシタニアが侵攻を開始。初めて直面する本物の戦いに、不安を隠しきれない“気弱な”王太子・アルスラーン。彼の不安が的中したかのように、戦場には不穏な空気が渦巻き始める。敵の策略にはまり、これまでにない脅威を感じるパルス軍と、混乱する戦況に翻弄されるアルスラーンの父王であるアンドラゴラス三世……。駆けつけた｢戦士の中の戦士(マルダーンフ・マルダーン)｣の異名を持つ騎士・ダリューンとともに、次々と襲いかかる敵、そして過酷な運命へと立ち向かうアルスラーン。運命という名の嵐が吹き荒れるなか、彼は信頼できる仲間たちとともに“王太子”として最初の一歩を踏み出す!,https://res.cloudinary.com/hggksoylm/image/upload/v1598232202/Animation/arslansenki_q6p7as.png,あ,あるすらーんせんき
0,アルドノア・ゼロ,A-1 Pictures+TROYCA,2014,宣戦を布告する　火星の騎士たちが空から降ってくる。鋼で作られた巨人を駆って。地球人類を殲滅するために。それが『アルドノア・ゼロ』。この壮大な物語を実現するために、圧倒的な力を持った作り手たちが集結した。心の奥底に踏み込む、強烈な筆力を持った書き手、虚淵玄。美麗かつ大胆な映像表現で、見る者の予想を遙かに超えてみせる、あおきえい。虚淵が原作、あおきが監督をつとめたアニメーション作品『Fate/Zero』以来、この二人が再びタッグを組む。アニメーション制作はA-1 Pictures、そしてあおき自身も参画するTROYCAが務める。またキャラクター原案として志村貴子が名を連ねる。その繊細な人物の佇まいは、星間戦争を生きる人々の姿を切なく写し出すものだ。さらにメカニックデザインは新鋭、I-Ⅳが担当。音楽では澤野弘之が作品に重厚な趣を与える。彼らが描き出すのは、鮮烈なアクション、微に入り細にわたる設定、真に迫る戦争の恐怖、そして、真摯な思いが織りなす人々のドラマだ。それは王道の、しかし誰も見たことのない、全く新しいロボットアニメとなる。『アルドノア・ゼロ』。この作品は、僕たち地球人類に宣戦布告する。君は迎え撃たねばならない。　さやわか（物語評論家）,https://res.cloudinary.com/hggksoylm/image/upload/v1598232203/Animation/aldonoazero_cpfcdm.png,あ,あるどのあぜろ
0,UN-GO,ボンズ,2011,探偵は二人組。人呼んで最後の名探偵、結城新十郎。そして、相棒の因果。わけあって世の謎と真実を解き明かす探偵業。西に刺殺された金持ちあれば行って犯人をあぶり出し、東に呪いで死んだ男あれば呪いではないと証明する。因果の協力と新十郎の推理。二人の不思議な絆が力を発揮する時、解けない謎はない。――なんて、いつもカッコつけちゃいるけれど、なかなか思うようにならないことも多かったりして。それでも二人は吸い寄せられるように事件に立ち向かっていく。「しかし私が呼ばれたってことは、なにか事件が起きるということですよ。大事件がね。」,https://res.cloudinary.com/hggksoylm/image/upload/v1598232203/Animation/ungo_t7v8cb.png,あ,あんご
0,暗殺教室,Lerche,2015,ある日突然、月が爆発して7割方蒸発した。その犯人と称し、しかも来年三月には地球をも爆破するという超生物がやってきたのは、何故か中学校の教室。なんとここで教師をするというのだ。人知を超えた能力を持ち、軍隊でも殺せないその怪物の暗殺を、各国首脳はやむをえず、そのクラス、椚ヶ丘中学校3年E組の生徒に委ねることになる。なんと成功報酬は百億円。落ちこぼれクラス、「エンドのE組」の生徒たちは、卒業までにこの暗殺対象の教師、「殺せんせー」を殺せるのか・・・！？,https://res.cloudinary.com/hggksoylm/image/upload/v1598232204/Animation/annsatukyositu_ozjfgf.png,あ,あんさつきょうしつ
0,アンジュ・ヴィエルジュ,SILVER LINK. / CONNECT,2016,ある日、世界は連結した。突如として開いた門(ハイロゥ)と、5つの世界の連結。私たちの住む青の世界―――地球　夜と魔法が支配する黒の世界―――ダークネス・エンブレイス　祈りと神々が守護する赤の世界―――テラ・ルビリ・アウロラ　科学と電脳が管理する白の世界―――システム=ホワイト=エグマ　武器と軍隊が統治する緑の世界―――グリューネシルト　天使、悪魔、妖精、魔女、女神。お伽話の中にしかいなかった存在が、現実のものとして現れた。時を同じくして、特殊な能力――エクシードに目覚めた少女たちが、それぞれの世界に出現しはじめる。彼女たちは『プログレス』と呼ばれ、その保護・育成を掲げる巨大学園都市『青蘭学園』に集められた。この学園で少女たちは出会う。ともに絆を紡ぐ仲間たちと。5つの世界共通の敵、世界を終焉へと誘う『ウロボロス』に。,https://res.cloudinary.com/hggksoylm/image/upload/v1598232204/Animation/anjuvieruju_kkas9h.png,あ,あんじゅびえるじゅ
0,イエスタデイをうたって,動画工房,2020,大学卒業後、定職には就かずにコンビニでアルバイトをしている”リクオ”。特に目標もないまま、将来に対する焦燥感を抱えながら生きるリクオの前に、ある日、カラスを連れたミステリアスな少女―“ハル”が現れる。彼女の破天荒な振る舞いに戸惑う中、リクオはかつて憧れていた同級生“?子”が東京に戻ってきたことを知る。,https://res.cloudinary.com/hggksoylm/image/upload/v1598233010/Animation/yesterdaywoutatte_jpuaeu.png,い,いえすたでいをうたって
0,異世界かるてっと,スタジオぷYUKAI,2019,「オーバーロード」「この素晴らしい世界に祝福を！」「Re:ゼロから始める異世界生活」「幼女戦記」。総シリーズ累計1600万部超え、BD＆DVDシリーズ総売上枚数50万枚超えを誇る4作品が、ぷちキャラアニメになって大暴れ！ある日突如として現れた謎のボタン。ポチっと押すと、なんとさらなる異世界へ転移してしまう！！そこには他世界から転移したキャラクターたちも大集合していて…！？監督・脚本≪芦名みのる≫、キャラクターデザイン・総作画監督≪たけはらみのる≫、アニメーション制作は≪スタジオぷYUKAI≫が担当。「ぷれぷれぷれあです」「Re:プチから始める異世界生活」「ようじょしぇんき」と、ぷちキャラアニメ界を牽引してきたスタッフ陣が、異世界系ライトノベル4作品のクロスオーバーアニメーションに挑む！,https://res.cloudinary.com/hggksoylm/image/upload/v1598233010/Animation/isekaicaltet_gxphod.png,い,いせかいかるてっと
0,異世界食堂,SILVER LINK.,2017,オフィス街に程近い商店街の一角、雑居ビルの地下一階にある、猫の絵が描かれた看板が目印の「洋食のねこや」。どこにでもありそうなこの洋食屋の扉は、週に一度“特別営業”の土曜日にだけ「異世界」とつながる。向こうの世界の様々な場所に現れる扉を通じてやってくる、文化も、種族すらもバラバラな「向こうの世界」の客たちが舌鼓を打ってしまう、不思議な“魅力”を持った料理がここ「異世界食堂」にはある。この店で生まれる異世界と現代、食堂に集う人々と店主、そして料理との一期一会を描く、温かい出会いの物語。,https://res.cloudinary.com/hggksoylm/image/upload/v1598233010/Animation/isekaisyokudo_zo47zv.png,い,いせかいしょくどう
0,イナズマイレブン,テレビ東京,2008,"雷門中学のサッカー部は、部員わずか7人の弱小クラブ。部室に集まってもそれぞれ好きなことをして、だらだらと時間を過ごすだけの毎日を送っている部員たち。そんな中、熱血サッカー少年のキャプテン・円堂守は部員たちに｢明日の試合に向けて練習しようぜ!｣と叱咤する。しかし｢なんで今日に限って、そんなに練習練習ってうるさいわけ?｣と、返ってくる反応は鈍い。円堂によると、なんと強豪で知られる帝国学園から試合の申込みがあったのだ。しかし、試合をするには4人足りない。さらに、試合に出なければサッカー部の存続を考え直す、と言われている。なんとしてでも帝国学園との試合を実現させたい円堂は、ひとり練習にはげむ。そんな時、円堂は必殺シュート""ファイアトルネード""を操る『伝説のストライカー』豪炎寺修也と出会う。",https://res.cloudinary.com/hggksoylm/image/upload/v1598233010/Animation/inazumaileven_fxgspe.png,い,いなずまいれぶん
0,妖狐×僕SS,david production,2012,最強のセキュリティを誇ると言われている高級マンション｢メゾン・ド・章樫(あやかし)｣。そこは通称｢妖館(あやかしかん)｣と呼ばれていた。『変人ばかり住んでいる』、『中はおばけ屋敷になっている』等の噂が絶えない妖館だが、その実態は、妖怪の”先祖返り”の人間たちが住まう妖しいマンションだった・・・！人と上手く接することができないことが悩みの白鬼院凜々蝶(しらきいん りりちよ)は、そんな自分を変えるために妖館へやって来た。そこで出会ったのは入居者へ必ず1人割り当てられるSS(シークレットサービス)といわれるボディーガード、御狐神双熾(みけつかみ そうし)。双熾は凜々蝶へ懇願した---｢僕を貴女の犬にして下さい・・・！｣,https://res.cloudinary.com/hggksoylm/image/upload/v1598233010/Animation/inubokuss_hzlr5c.png,い,いぬぼくしーくれっとさーびす
0,妹さえいればいい。,SILVER LINK.,2017,「妹さえいれば人生は常に最高なのに、なぜ俺には妹がいないのか……」妹モノの作品ばかりを書き続けている妹バカの小説家・羽島伊月の周囲には、天才作家にして変態の可児那由多、女子大生の白川京、イラストレーターのぷりけつ、鬼畜税理士の大野アシュリーなど、個性豊かな人物たちが集まっている。それぞれ悩みを抱えながらも、小説を書いたりゲームをやったりお酒を飲んだり確定申告をしたりといった、賑やかな日常を送る伊月たち。そんな彼らを温かく見守る伊月の義理の弟・千尋には、ある大きな秘密があって――。楽しくも心に刺さる、天才や凡人や変人たちが繰り広げる青春ラブコメ群像劇、スタート！,https://res.cloudinary.com/hggksoylm/image/upload/v1598233011/Animation/imoutosaeirebaii_ttgtuz.png,い,いもうとさえいればいい
0,色づく世界の明日から,P.A.WORKS,2018,物語の始まりは数十年後。日常の中に小さな魔法が残るちょっと不思議な世界。主人公の月白瞳美は17歳。魔法使い一族の末裔。幼い頃に色覚を失い、感情の乏しい子になった。そんな瞳美の将来を憂えた大魔法使いの祖母・月白琥珀は魔法で瞳美を2018年へ送り出す。突然、見知らぬ場所に現れ戸惑う瞳美の視界に鮮烈な色彩が飛び込んでくる……。,https://res.cloudinary.com/hggksoylm/image/upload/v1598233011/Animation/irozukusekainoasitakara_obwxou.png,い,いろづくせかいのあしたから
0,いつだって僕らの恋は10センチだった。,Lay-duce,2017,桜丘高校の入学式。合田美桜と芹沢春輝は桜の樹の下で出会う。「美しい桜って書いて、美桜」「俺は春輝。春が輝く」春生まれの二人は親近感を覚える。それ以来、気づいたらお互い目で追うようになっていた。美術部の美桜は大人しく、映画研究部の春輝は快活で周りにはいつも誰かがいた。二人は全く違うタイプだが、いつの間にか一緒に下校する仲になっていた。付き合っていると勘違いされることもあるが、ずっと友達以上恋人未満の関係。本当はお互いに「好き」という気持ちを抱えながら─。いつも帰り道に寄る高台の階段に腰をかける二人。「春輝君って、好きな人とか、いる？」思わず聞いてしまった美桜に答える春輝。「好きなやつ、いるよ。…美桜は？」二人のその手の距離は10センチ。たった10センチなのに、その距離が縮まらない─。,https://res.cloudinary.com/hggksoylm/image/upload/v1598233012/Animation/itudattebokuranokoiha10datta_lrrhhb.png,い,いつだってぼくらのこいはじゅっせんちだった
0,W'z《ウィズ》,GoHands,2019,荒城ユキヤ、たぶん１４歳。普段はひとりでＤＪやってます。親の影響で、小さい頃からハウスミュージックを聴いてたから……プレイ動画もちょこちょこアップしたりして。誰かに何かを伝えたい。認められたい、必要とされたい。けど、傷つくのは怖い。どこか噛み合わない日常……ある日、視聴数を稼ぎたくてやったことが、取り返しのつかないことになってしまった。『あの世界』からの生放送。それをきっかけにボクは狙われ、人の願いと、想いの渦に巻き込まれていく。自分ひとりではどうにもできない状況……でも、誰かと一緒なら――。,https://res.cloudinary.com/hggksoylm/image/upload/v1598233803/Animation/ws_gtxqdn.png,う,うぃず
0,"Wake Up,Girls！",Ordet×ミルパンセ,2014,"時はアイドル戦国時代。これは、この荒波を生き抜く7人の少女達｢Wake Up, Girls!｣の物語である。東北・仙台にある廃業寸前の弱小プロダクション、グリーンリーヴズ・エンタテインメント。かつては手品師、グラビアアイドル、占い師などが所属していたが、唯一活動していた最後のタレントもついに辞めてしまう。所属タレント“0(ゼロ)”という危機的状況の中、事務所社長・丹下の思い付きでアイドルユニットをプロデュースする事を決意する。傍若無人な社長の元、マネージャー松田は不満を持ちながらも、アイドルの原石を探しに街へ出る。そんな中、マネージャー松田は、ある少女と必然的な出会いを果たし…。",https://res.cloudinary.com/hggksoylm/image/upload/v1598233803/Animation/wakuupgirls_enar0x.png,う,うぇいくあっぷがーるず
0,上野さんは不器用,レスプリ,2018,"ココは、とある中学校の理科室━━━━。
科学部部長の上野さんは、部活の後輩・田中に恋する乙女。
天才的すぎる奇想天外な発明品を使って、あの手この手で気を引くためのアピールを試みる。
1年生部員の山下も冷静沈着なアシストで上野さんをバックアップ！
果たして上野さんの恋は成就するのか！？
それとも・・・",https://res.cloudinary.com/hggksoylm/image/upload/v1598233803/Animation/uenosanhabuikiyou_l9yt52.png,う,うえのさんはぶきよう
0,宇崎ちゃんは遊びたい！,ENGI,2020,静かなキャンパスライフを満喫する大学3年生・桜井真一。一人で過ごしたいだけなのに、“ぼっち”扱いしてくる後輩・宇崎花に絡まれ、平穏な生活は一変！いじられ、けなされ、からかわれ……。毎日毎日、宇崎ちゃんのウザ絡みに振り回されることに！騒がしい日常はうんざりだけど、でも、一緒に過ごす時間はなんだか退屈しなくて――。「ぼっちより、二人のほうが絶対楽しいッスよ！」生意気なのに、どこか憎めない“ウザカワ系”後輩との青春ドタバタラブコメ、ついにスタート！,https://res.cloudinary.com/hggksoylm/image/upload/v1598233803/Animation/uzakichanhaasobitai_wm388d.png,う,うざきちゃんはあそびたい
0,うたわれるもの,OLMTEAMIWASA,2006,過去の記憶も、自分の名前さえも、一切を失って瀕死で倒れていた青年。彼が目覚めたのは亜人たちの暮らす自然豊かな世界。そして、彼の顔には、外すことのできない奇妙な“仮面”が被せられていた。青年は、村長(むらおさ)の孫娘・エルルゥに助けられ、傷が癒えるまで村長の家で暮らすことになる。集落の人々とも打ち解け始め、彼の知略と勇気によって集落が“危機”から救われたことがきっかけで、青年は村長から｢ハクオロ｣と名付けられ、人々にとって次第になくてはならない存在となっていく。そんなある日、事件は起こった。藩主の横暴に抵抗したことで、村長が凶刃に倒れたのだ。村人たちの抑えられていた怒りに火が付き、やがて一斉蜂起へと事態が急速に進展する。叛乱軍の長として、戻れぬ道を歩み始めたハクオロ。しかしそれは仮面に隠された謎と真実を探求する、長い旅路の始まりでもあった・・・。,https://res.cloudinary.com/hggksoylm/image/upload/v1598233803/Animation/utawarerumono_akyzxa.png,う,うたわれるもの
0,うちのメイドがウザすぎる！,動画工房,2018,母を亡くし父と二人で暮らす小学生女子・ミーシャ。 そんな父子家庭にやってきた新人家政婦は、やたらマッチョな上に三度の飯より幼女が大好きで・・・！？闘うヘンタイ家政婦 VS ロシア系小学生のほっこりしない系？ホームコメディ、開幕！,https://res.cloudinary.com/hggksoylm/image/upload/v1598233803/Animation/utinomeidogauzasugiru_te4zfu.png,う,うちのめいどがうざすぎる
0,有頂天家族,P.A.WORKS,2013,下鴨神社・糺ノ森に暮らす下鴨家。狸界の頭領であった父・総一郎は、ある日何の前触れもなく狸鍋にされた。残された四兄弟の中でも偉大な父の「阿呆の血」を色濃く継いだ三男・矢三郎は「面白きことは良きことなり」をモットーに、兄弟や母に囲まれて暮らしていた。隠居中の大天狗・赤玉先生の世話を焼いたり、神通力を得た人間の美女・弁天に振り回されたり、はたまた宿敵・夷川家と空中決戦を繰り広げる日々の果てに、突如下鴨家を襲う絶体絶命の危機！ 父が鍋にされた真相が明らかになる中、固い絆で結ばれた一家の運命はいかに！,https://res.cloudinary.com/hggksoylm/image/upload/v1598233803/Animation/uchotenkazoku_lliejw.png,う,うちょうてんかぞく
0,うどんの国の金色毛鞠,ライデンフィルム,2016,俵宗太は、東京在住のウェブデザイナー。父親の死をきっかけに故郷に帰った宗太は実家のうどん屋で、釜の中で眠りこける子どもを見つける。一見ふつうの人間の子どものように見えるが、実はその子は人間の姿に化けたタヌキだった！？ゆったりと時間が流れる通称“うどん県”こと香川県を舞台に、やさしくてあたたかい、ちょっと変わった家族の物語が始まる――。,https://res.cloudinary.com/hggksoylm/image/upload/v1598233803/Animation/udonnokuninokinirokemari_ssfykx.png,う,うどんのくにのきんいろけまり
0,うみねこのなく頃に,スタジオディーン,2009,｢これは永遠の拷問。｣ 伊豆諸島、六軒島。全周10kmにも及ぶこの島が、観光パンフに載ることはない。なぜなら、大富豪の右代宮家が領有する私的な島だからである。年に一度の親族会議のため、親族たちは島を目指していた。議題は、余命あと僅かと宣告されている当主、金蔵の財産分割問題。天気予報が台風の接近を伝えずとも、島には確実に暗雲が迫っていた…。 六軒島大量殺人事件(1986年10月4日～5日) 速度の遅い台風によって、島に足止めされたのは18人。 電話も無線も故障し、隔絶された島に閉じ込められた。 彼らを襲う血も凍る連続殺人、大量殺人、猟奇の殺人。 台風が去れば船が来るだろう。警察も来てくれる。 船着場を賑わせていたうみねこたちも帰ってくる。 そうさ、警察が来れば全てを解決してくれる。 俺たちが何もしなくとも、うみねこのなく頃に、全て。 うみねこのなく頃に、ひとりでも生き残っていればね…?,https://res.cloudinary.com/hggksoylm/image/upload/v1598233803/Animation/uminekononakukoroni_hdb4xp.png,う,うみねこのなくころに
0,URAHARA,白組×EMTスクエアード,2017,原宿。そこは文化・オシャレ・カワイイが集まる街。りと、まり、ことこの女子高生三人は、その街で『PARK』という期間限定ショップを展開している。ある日地球に宇宙人がやって来て、人間が生んだ文化を奪い去っていってしまう。そこにみさと名乗る不思議な少女が現れ――。大好きな原宿を守るため、三人の女の子が立ち上がる。,https://res.cloudinary.com/hggksoylm/image/upload/v1598233804/Animation/urahara_r5qbrx.png,う,うらはら
0,うらら迷路帖,J.C.STAFF,2017,"迷路町――そこは""うらら""と呼ばれる占師の町。うららになることを目指して国中から少女たちが集まってくる中、山育ちの女の子・千矢(ちや)もある思いを抱いて迷路町の門をくぐる―。果たして彼女を待ち受ける運命とは？占い乙女達の夢物語、ここに開幕です！",https://res.cloudinary.com/hggksoylm/image/upload/v1598233806/Animation/urarameiyocho_ymwral.png,う,うららめいろちょう
0,18if,GONZO,2017,そこは夢世界。欲望、希望、絶望が形を成した意識と無意識の狭間。いつも夢見る自分の部屋の中で、再び眠りにつこうとした月城遥人は、偶然にも他人の夢に紛れ込んでしまう。それは、この夢世界に心を囚われた魔女達の夢。現実を拒絶し、夢に逃げ、眠り続ける「眠り姫病」に陥った彼女達の夢の姿。魔女の夢世界に迷い込んだ遥人は出口の扉を探し、彼女達と出会い言葉を交わしていく。,https://res.cloudinary.com/hggksoylm/image/upload/v1598234674/Animation/18if_zhfovt.png,え,えいてぃーんいふ
0,衛宮さんちの今日のごはん,ufotable,2018,Fate×料理が織りなす美味しく優しい世界───そこは少し賑やかなどこにでもある食卓の光景。春も、夏も、秋も、冬も、衛宮さんちでは毎日美味しい料理がふるまわれる。さて今日は何を作ろうか,https://res.cloudinary.com/hggksoylm/image/upload/v1598234674/Animation/emiyasantinokyounogohan_sxutfe.png,え,えみやさんちのきょうのごはん
0,エリアの騎士,シンエイ動画,2012,主人公・駆（かける）は自分の弱さに悩みつつも、ストライカー＝“エリアの騎士”に憧れていた。兄・傑（すぐる）は弟の天性を信じ、将来ワールドカップで駆に”ラストパス”をつなぐことを夢みていた。駆、傑、幼なじみの奈々、そしてサッカーを愛する個性豊かなチームメイトやライバルたちが、ひたむきに、サッカーという青春に向き合っていく群像劇。「エリアの騎士」は世代を超えて多くの人達の共感を呼ぶ、熱いサッカーアニメです。,https://res.cloudinary.com/hggksoylm/image/upload/v1598234674/Animation/erianokisi_vvensw.png,え,えりあのきし
0,エロマンガ先生,A-1 Pictures,2017,高校生兼ラノベ作家の和泉正宗には、引きこもりの妹がいる。和泉紗霧。一年前に妹になった彼女は、全く部屋から出てこない。そんなある日、衝撃の事実が正宗を襲う。 彼の小説のイラストを描いてくれているイラストレーター『エロマンガ先生』、その正体が、なんと妹の紗霧だったのだ！ 一つ屋根の下でずっと引きこもっている可愛い妹が、いかがわしいPNで、えっちなイラストを描いていたなんて!?,https://res.cloudinary.com/hggksoylm/image/upload/v1598234674/Animation/eromangasensei_zpjwzy.png,え,えろまんがせんせい
0,炎炎ノ消防隊,david production,2019,全人類は怯えていた―――。何の変哲もない人が突如燃え出し、炎を操る怪物“?ビト”となって、破壊の限りを尽くす“人体発火現象”。炎の恐怖に立ち向かう特殊消防隊は、現象の謎を解明し、人類を救うことが使命！とある理由から“悪魔”と呼ばれる、新入隊員の少年・シンラは、“ヒーロー”を目指し、仲間たちと共に、“?ビト”との戦いの日々に身を投じる！！,https://res.cloudinary.com/hggksoylm/image/upload/v1598234674/Animation/enennosyouboutai_oixysx.png,え,えんえんのしょうぼうたい
0,エンジェル・ハート,トムス・エンタテインメント,2005,台湾の黒社会組織の殺人兵器として養成された少女グラス・ハート。彼女は自殺を図るが、シティーハンターのパートナー、香の心臓を移植され一命を取りとめる。蘇ったグラス・ハートは組織を抜け出し、香の記憶に導かれるように新宿のリョウの元へ。やがて二人は香の心臓という絆で強く結ばれた、父と娘としての生活を送り始めるのだった。,https://res.cloudinary.com/hggksoylm/image/upload/v1598234674/Animation/anjelheart_rv0pxh.png,え,えんじぇるはーと
0,Angel Beats!,P.A.WORKS,2010,舞台は死後の世界　運命に立ち向かう少年少女たちの物語　なんらかの理由で最後を遂げた少年・音無は、死後の世界の学校で、ゆりと名乗る少女と出会う。彼女は神に反逆する「死んだ世界戦線」のリーダーで、天使と日夜激戦を繰り広げていた。そして、立ちはだかるは神の使い・天使。それは、可憐なひとりの少女だった。生前の記憶が無く、この死後の世界で何が起きているのかも分からず戸惑う音無。彼は、ゆりたちと共に戦う道を選ぶことにしたのだが…。,https://res.cloudinary.com/hggksoylm/image/upload/v1598234674/Animation/anjelbeats_nxd9pr.png,え,えんじぇるびーつ
0,えんどろ～！,Studio五組,2019,人々とモンスターが共存して暮らす剣と魔法の大陸「ナラル島」。そこには恐ろしい「魔王」が存在していました。はるかはるかの大昔、ナラル島に現れた魔王を倒した初代勇者――それからも、様々な時代で何度も何度も魔王は蘇り、同時にそれに対抗する勇者もまた現れ…。少女たちは、いつの日か出ずる魔王を倒すべく冒険者学校へ通います。ちょっと抜けているけど勇者体質の、ユーシャ。生真面目ゆえに苦労が絶えないエルフの聖者、セイラ。食べることが大好きで明るい戦士、ファイ。物静かなヲタク魔法使いの、メイ。勇者パーティーを目指す４人の、いつまでたっても魔王をたおす様子のないゆる～いファンタジーライフがはじまります。,https://res.cloudinary.com/hggksoylm/image/upload/v1598234675/Animation/endro_vwzfp0.png,え,えんどろー
0,AKB0048,サテライト,2012,21世紀初頭、惑星間航行技術を巡って世界大戦が勃発。宇宙へ生活の場を移した人類の新たな歴史、それは｢星暦00年｣をもってスタートする。間もなくして、深銀河貿易機構(D.G.T.O)の支配・統制により、 “芸能”や“歌”が“人のココロを乱すモノ”として規制される“芸能禁止法”が成立。かつて“アイドル”と呼ばれた存在は絶滅したかに思えた。だが、そんな時代に復活したアイドルグループがあった。その名は、｢AKB0048｣。彼女たちの｢奇跡のライブ｣は、夢を失いかけた人々に未来への希望の光を与え続けていく!,https://res.cloudinary.com/hggksoylm/image/upload/v1598234676/Animation/akb0048_rzvtbx.png,え,えーけいびー48
0,Aチャンネル,Studio五組,2011,大好きな先輩、るんとの高校生活を夢見て、見事同じ高校へ入学を果たしたトオル。しかし高校で彼女を待っていたのは、るんとの甘い（?!）日々ではなかった！ スーパー天然娘なるん、るんが大好きなトオル、冷静な（？）ツッコミ役のナギ、 怖がりでいじられ役のユー子のゆるゆるとしたハイスクールライフが始まる…！,https://res.cloudinary.com/hggksoylm/image/upload/v1598234677/Animation/achannel_dm1aru.png,え,えーちゃんねる
0,王様ゲーム The Animation,セブン,2017,遠く離れた高校に転校してきた金沢伸明は、前の学校で経験したある出来事が原因で、クラスメイト達と親しくなることを恐れ、心を閉ざしていたが、体育祭でのクラス対抗リレーをきっかけに打ち解けはじめていた。そんな中、クラスメイト全員の携帯に「王様」と名乗るモノからの一通のメールが届く。単なるいたずらだと思って真面目に受け止めないクラスメイト達だったが、その意味を知る伸明だけは、これから始まる「死」のゲームに立ち向かおうと葛藤するのだった…。,https://res.cloudinary.com/hggksoylm/image/upload/v1598235867/Animation/ousamagame_tjturr.png,お,おうさまげーむじあにめーしょん
0,桜蘭高校ホスト部,BONES,2006,超お金持ちのご令息・ご令嬢が通う名門校・桜蘭学院高校に、奨学特待生として入学した庶民の藤岡ハルヒ。母を亡くし男手ひとつで育てられたハルヒは、おしゃれに興味がなく、何事にも無頓着で男の子のような格好で学校に通っていた。ある日、ハルヒは、ホスト部の部室に迷い込み、部室内の800万円の花瓶を割ってしまう。部員からその代金を請求されるが、庶民のハルヒは払えるわけがない・・。ところが、ホスト部部長・環は「100人の指名客を集められたら800万円はチャラにしてやる」と宣言。こうしてハルヒは、7人目のホスト部員として、女生徒たちを接待することになる。,https://res.cloudinary.com/hggksoylm/image/upload/v1598235867/Animation/ourankoukouhosutobu_io9kib.png,お,おうらんこうこうほすとぶ
0,狼と香辛料,IMAGIN,2008,馬車で各地を巡り、数々の物品を取り引きする行商人クラフト・ロレンスは、収穫祭に沸くパスロエの村を発つ道すがら、荷台に積んだ麦束に埋もれて眠る少女を見つける。少女は狼の耳と尻尾を有した美しい顔立ちで、自らを豊作を司る神“ホロ”だと名乗った。｢わっちは神と呼ばれていたがよ。わっちゃあホロ以外の何者でもない｣老獪ともとれる話術を巧みに操るホロに翻弄されるロレンス。ホロが本当に豊穣の狼神なのか疑いつつも、北の故郷へ帰りたいという彼女の言葉に絆され、ロレンスは共に旅することを了承する。そんな二人旅に思いがけない儲け話が持ち掛けられる。近い将来、ある国の銀貨が値上がりするというのだ。その儲け話のカラクリを探るべく、ロレンスは話に乗って事件へと巻き込まれていく。,https://res.cloudinary.com/hggksoylm/image/upload/v1598235867/Animation/oukamitokousinryo_zlbcpe.png,お,おおかみとこうしんりょう
0,おおきく振りかぶって,A-1 Pictures,2007,三橋廉は、すぐメソメソと泣いてしまう性格の野球少年。ポジションはピッチャー。彼は中学時代、“学園の経営者の孫”という理由でエースになっていた。そのくせ、3年間マウンドを誰にもゆずらなかった事でチームメイトに嫌われ、野球部は負け続けた。その罪悪感から、彼は完全に自信を失ってしまっていた。やがて中学を卒業した三橋は、エスカレーター式の三星学園ではなく、野球をやめる覚悟で西浦高校へ入学するが、その足はまっすぐに野球部のグラウンドへ向かっていた。,https://res.cloudinary.com/hggksoylm/image/upload/v1598235867/Animation/ookikuhurikabutte_kvkzqu.png,お,おおきくふりかぶって
0,大家さんは思春期！, セブン・アークス・ピクチャーズ,2016,就職を機に6畳風呂なしのアパートで一人暮らしを始めた前田さんと、そのアパートの女子中学生・大家さんとの日常を描くピュアほっこりな半同居コメディ。,https://res.cloudinary.com/hggksoylm/image/upload/v1598235867/Animation/ooyasanhasisyunki_c9tygh.png,お,おおやさんはししゅんき
0,Occultic;Nine -オカルティック・ナイン-,A-1 Pictures,2016,我聞悠太は高校2年生。一攫千金狙いのオカルト板まとめ系アフィブログ“キリキリバサラ”を運営し、世に数多存在する超常現象を科学的に｢バッサリと斬り斬りしちゃう！｣べく、日夜オカルトに挑んでいた。ところが、そんな彼のブログをきっかけに、徹底的にマニアックでおかしな同志たちが大集結。自己矛盾型自称救世主　神癒霊能媒介者　全否定型超理論派大学生　萌え系占い大先生　死後の世界案内人　未来予知型同人漫画家姉さん　黒魔術代行屋　リア充系雑誌記者　残念系コスプレオタク刑事　出会うはずのなかった彼らの運命が不思議と交差してしまう。そして、彼らの周囲で巻き起こり始める、小さな小さな“違和感”の数々。それらは次第に大きなうねりとなり、やがて想像を絶する大事件へと発展していく──,https://res.cloudinary.com/hggksoylm/image/upload/v1598235867/Animation/occulticnine_jjleef.png,お,おかるてぃっくないん
0,おそ松さん,studioぴえろ,2015,古き良き昭和の時代―。日本中を沸かせた名作ギャグ漫画「おそ松くん」。 そしてその昭和の最後を華々しく飾った前作アニメ。それから時は流れ、現代。街並みも、ライフスタイルも変わった今、あの６つ子たちも、ひそかに成長を遂げて帰ってきた！あの頃と同じ家に住み、大人になってもマイペースに生きる、おそ松達。はたして、イヤミやチビ太、トト子にハタ坊、ダヨーン、デカパンなど個性豊かなキャラクター達の現在の姿は…？！赤塚不二夫生誕80周年という記念の年に、TVアニメ「おそ松さん」としてよみがえる伝説的作品。その約束された問題作が、今再び幕を開ける！,https://res.cloudinary.com/hggksoylm/image/upload/v1598235867/Animation/osomatusan_ply0v4.png,お,おそまつさん
0,ヲタクに恋は難しい,A-1 Pictures,2018,2014年4月、イラストSNS・pixivに投稿された、ふじたによるマンガ『ヲタクに恋は難しい』。隠れ腐女子のOL・成海と、重度のゲームヲタク・宏嵩。そんなふたりの恋愛は、ヲタクなら思わずクスッとする笑いあり、そうじゃない人もキュンキュンするシチュエーションあり。ヲタクの恋愛をポジティブに描写した新しいラブコメが読者の心を掴み、pixiv内オリジナルマンガ作品でのブックマーク数歴代1位を記録。同年創設された「次にくるマンガ大賞」では“本にしてほしいWebマンガ部門”1位を受賞。翌2015年4月に書籍化が実現し、同年12月に発表された「このマンガがすごい！2016」では“オンナ編”1位を獲得するなど、ファンの応援とともに展開を広げてきた「ヲタ恋」。シリーズ5巻発売時点のコミックス累計発行部数は、550万部を突破！ここまで応援していただいたファンの皆さまのおかげを持ちまして・・・！TVアニメ『ヲタクに恋は難しい』2018年4月、放送開始！,https://res.cloudinary.com/hggksoylm/image/upload/v1598235867/Animation/otakunikoihamuzukasii_wb8zgg.png,お,おたくにこいはむずかしい
0,乙女ゲームの破滅フラグしかない悪役令嬢に転生してしまった…,SILVER LINK.,2020,公爵令嬢、カタリナ・クラエスは、頭を石にぶつけた拍子に前世の記憶を取り戻す。ここが前世で夢中になっていた乙女ゲーム『FORTUNE LOVER』の世界であり、自分がゲームの主人公の恋路を邪魔する悪役令嬢であることを！ゲームでカタリナに用意されている結末は、ハッピーエンドで国外追放バッドエンドで殺されてしまう…そんな破滅フラグはなんとしても回避して、幸せな未来を掴み取ってみせる!!勘違い？人たらしラブコメディの幕が上がる。,https://res.cloudinary.com/hggksoylm/image/upload/v1598235868/Animation/otomegameno_zyllm6.png,お,おとめげーむのはめつふらぐしかないあくやくれいじょうにてんせいしてしまった
0,俺の妹がこんなに可愛いわけがない,AIC Build,2010,ごく普通な男子高校生・高坂京介は、数年前から妹・桐乃とはろくに挨拶もかわさないという冷え切った関係になっていた。ところがある日、京介が萌えアニメのDVDケースが玄関に落ちているのを発見したことから事態は急変する。興味に駆られた京介が持ち主を探すと、それは人生勝ち組でリア充な妹・桐乃のものだったのだ。意外な事態に驚く京介だが、それから数日後のある晩さらに驚く出来事が起こる。ほとんど無視に近い態度をとっていた桐乃が突如として京介の部屋に押しかけて来て｢人生相談がある｣と言うのだ。その内容とは…,https://res.cloudinary.com/hggksoylm/image/upload/v1598235868/Animation/oreimo_fak8qo.png,お,おれのいもうとがこんなにかわいいわけがない
0,俺の彼女と幼なじみが修羅場すぎる,A-1 Pictures,2013,主人公・季堂鋭太は成績優秀で恋愛アンチな高校一年生。妹みたいな幼なじみ・春咲千和と普通の高校生活を過ごしていたが、ある日校内一の美人と評判の帰国子女・夏川真涼から告白されてしまう。しかしその真意は、周囲の目をごまかすための偽装カップルを演じることだった。真涼にある“秘密”を握られてしまった鋭太は無理矢理“彼氏”を演じることに……。さらに“元カノ”の秋篠姫香や、“婚約者”冬海愛衣も加わり、鋭太をめぐる壮絶な『修羅場』が幕を開ける!!,https://res.cloudinary.com/hggksoylm/image/upload/v1598235869/Animation/orenokanojotoosananazimiga_inv2dr.png,お,おれのかのじょとおさななじみがしゅらばすぎる
0,俺物語!!,マッドハウス,2015,剛田猛男(ごうだたけお)は高校1年生。身長2m・体重120kg(いずれも推定)。真っ直ぐで不器用で鈍感な猛男は、女子からはモテないけど、男子からは超モテモテ!今まで好きになった子は、いつも幼馴染みで超イケメンの親友・砂川誠(すなかわまこと)の方を好きになってしまう。ある朝、猛男と砂川は通学電車の中で、痴漢に遭っていた女子高生・大和凛子(やまとりんこ)を救う。大和に一目惚れした猛男だけど・・・。,https://res.cloudinary.com/hggksoylm/image/upload/v1598235870/Animation/oremonogatari_b2kzrj.png,お,おれものがたり
0,俺を好きなのはお前だけかよ,CONNECT,2019,ここで質問。もしも、気になる子からデートに誘われたらどうする？しかもお相手は一人じゃなく、クール系美人・コスモス先輩と可愛い系幼なじみ・ひまわりの二大美少女!!もちろん、意気揚々と待ち合わせに向かうよね。そしてそこで告げられた『想い』とは―――。……「俺じゃないヤツが好き」っていう『恋愛相談』だった。ハハハ。……やめだ！やめやめ！『鈍感系無害キャラ』から、つい本来の俺に戻ってしまった。でも、俺はここでへこたれない。恋愛相談に乗れば、俺を好きになってくれるかもしれないからな！そんな俺の悲しい孤軍奮闘っぷりを、傍で見つめる少女がいた。三つ編みメガネの陰気な少女・パンジーこと三色院董子。俺はコイツが嫌いです。なのに……俺を好きなのはお前だけかよ！！鈍感クール系巻き込まれ型主人公（？）と個性的な華々しいガールズの学園青春イチャラブ（？）コメディー、ここに始まる！？,https://res.cloudinary.com/hggksoylm/image/upload/v1598235870/Animation/orewosukinanohaomaedakekayo_rsczjy.png,お,おれをすきなのはおまえだけかよ
0,終わりのセラフ, WIT STUDIO,2015,ある日突然、未知のウイルスにより世界は滅びた。生き残ったのは子供だけ。そして、その子供たちは地の底より現れた、吸血鬼たちに支配された。百夜優一郎は、家族同然の絆を持つ百夜ミカエラら孤児たちと、吸血鬼に血を捧げることで生きていた。家畜同然の扱いに耐えかねた優一郎は、ミカエラや幼い孤児たちと共に、外の世界へと脱出を図るが……。時は４年後。百夜優一郎は日本帝鬼軍の吸血鬼殲滅部隊「月鬼ノ組」に入隊。恐るべき吸血鬼たちとの戦いに、その身を投じていく…！！／【第13話～第24話】新宿攻防戦にて、優一郎はミカエラと再会を果たした。しかし、ミカエラはその身を吸血鬼へと変貌させていた…。「家族」を救うため、仲間を守るため、知識と力を求める優一郎は、吸血鬼を人間に戻す方法を模索すると同時に、鬼呪装備の訓練に邁進する。一方、グレンは暮人に呼び出しを受け、衝撃の事実を告げられる。「１か月後、吸血鬼の本隊が東京に攻めてくる」。暮人は吸血鬼に対し先手を打つため、グレンに名古屋へ赴くことを命令。貴族殲滅作戦の火蓋が切って落とされる！！,https://res.cloudinary.com/hggksoylm/image/upload/v1598235871/Animation/owarinoserahu_axzig5.png,お,おわりのせらふ
0,終物語,シャフト,2015,高校三年の十月、阿良々木暦は神原駿河から、転校してきた一年生の忍野扇を紹介される。暦に相談があるという扇。直江津高校の図面を作成したところ不思議なことがあると言い出した。それをきっかけに、暦の高校生活を決定付けた、このまま語られるはずのなかった物語が明らかになる……。これは、阿良々木暦が「何」でできているかを知る物語。これは、すべての「始まり」を知る物語。,https://res.cloudinary.com/hggksoylm/image/upload/v1598235871/Animation/owarimonogatari_dhzgc6.png,お,おわりものがたり
0,オーバーロード,マッドハウス,2015,時は2138年。一大ブームを巻き起こした仮想現実体感型オンラインゲーム《ユグドラシル》はサービス終了を迎えようとしていた。プレイヤーであるモモンガも仲間と栄華を誇ったギルドで一人静かにその時を待っていた。しかし、終了時間を過ぎてもログアウトしないゲーム。突如として意思を持ち始めたNPCたち。ギルドの外には見たこともない異世界が広がっていた。現実世界ではゲーム好きの孤独で冴えない青年が、骸骨の姿をした最強の大魔法使いとなる！世界を掌中におさめる死の支配者、ここに光臨！！,https://res.cloudinary.com/hggksoylm/image/upload/v1598235872/Animation/overload_kfgf20.png,お,おーばーろーど
