0,TIGER ＆ BUNNY,サンライズ,2011,様々な人種、民族、そして『NEXT』と呼ばれる特殊能力者が共存する都市シュテルンビルト。そこには『NEXT』能力を使って街の平和を守る『ヒーロー』が存在した。仕事も私生活も崖っぷちのベテランヒーロー、ワイルドタイガー（鏑木・ T・虎徹）は、突然新人ヒーローのバーナビー・ブルックスJr.とコンビを組む ことに。二人は対立しながらも悪に立ち向かう…！,https://res.cloudinary.com/hggksoylm/image/upload/v1598000406/Animation/tiger_bunny_xtcosu.png,た,たいがーあんどばにー
0,対魔導学園35試験小隊,SILVER LINK.,2015,強大な魔法で人々を恐怖に陥れた「魔女」たちと、人類の間で繰り広げられた「魔女狩り戦争」が終結してから150年。残存する魔導の脅威を取り締まる「異端審問官」の育成機関「対魔導学園」では、今日も若き志願者たちが訓練に励んでいた。剣では誰にも負けない腕前を持つ草薙タケルもまた、対魔導学園に通う生徒のひとり。しかし武力の頂点は、剣から魔法、そして銃へと移り、彼が振るう“剣”はすでに時代遅れのものとなっていた。絶望的に銃の才能に欠けるタケルが隊長を務める「35試験小隊」、通称「雑魚小隊」は、彼を含め、劣等生たちの寄せ集め部隊。そんな小隊にある日、元異端審問官である夕焼け色の髪を持つ少女・鳳桜花が入隊することに。魔女に対し異常なほどの憎しみを抱えた彼女との出会いを機に、35小隊の運命の歯車は大きく回り始める……。「あなたは目的のためならば大切なものを捨てられますか？」突きつけられる“瑠璃色”の問い。魔女、死霊術師、錬金術師、魔導遺産……、世界を巻き込む様々な脅威に立ち向かっていく“最弱”の雑魚小隊。それぞれに“秘密”を背負い出会った問題児たちの歩む道とは…！？,https://res.cloudinary.com/hggksoylm/image/upload/v1598000408/Animation/taimdougakuen35sikensyotai_cmtk7t.png,た,たいまどうがくえんさんじゅうごしけんしょうたい
0,タイムトラベル少女～マリ・ワカと8人の科学者たち,ワオワールド,2016,中学2年生の早瀬真理は、何事にも一生懸命で元気な女の子。3年前に失踪した世界的科学者である父・永司からもらったペンダント・アーミラリーコンパスをいつも大切にしている。ある時真理は、親友の水城和花の兄・旬の部屋で、かつて永司の研究室で見かけた本(『磁石と電気の発明発見物語』)を見つける。真理は開いたその本からあふれたゆらぎに包まれて、タイムスリップしてしまうのだった。アーミラリーコンパスが示すタイムスリップの先々で、真理は様々な科学者たちと出会い、和花や旬と共に行方不明の永司の足跡を追ってゆく。そこへ、同じく永司の行方を追っていた実業家・御影丞の動きが影を落とす。現代での永司失踪をめぐるドラマが縦軸に、過去で真理たちと科学者が繰り広げる発明・発見に関わるドラマが横軸に展開され、それらが次第にシンクロして行く。,https://res.cloudinary.com/hggksoylm/image/upload/v1598000411/Animation/timetravelgirl_hhkbtv.png,た,たいむとらべるしょうじょ
0,タイムボカン,タツノコプロ,1975,ついに完成したタイムマシン・タイムボカンの試運転で、どこかの時代へとタイムスリップした木江田博士。しかし、戻ってきたタイムボカンには博士の姿は無く、オウムのペラ助と、宇宙一高価と言われる宝石「ダイナモンド」が残されていた。博士の助手の丹平と孫娘の淳子は、タイムボカンで博士の捜索を開始。しかし、悪玉トリオのマージョ一味も、ダイナモンドを狙って丹平たちを追いかける。,https://res.cloudinary.com/hggksoylm/image/upload/v1598000415/Animation/timebocan_tjsstr.png,た,たいむぼかん
0,たくのみ。,プロダクションアイムズ,2018,転職のため東京にやってきた天月みちる、20歳。上京したての彼女は、女性専用シェアハウス「ステラハウス春野」に住むことに！同居人たちとは仕事も年齢もバラバラだけど、美味しいお酒と料理があれば、いつも楽しい！！みんなでカンパイ、ほろ酔い“宅呑み”コメディー！！開封(プシュッ！！)※未成年者の飲酒は法律で禁じられています。20歳以上になってから楽しみましょう。,https://res.cloudinary.com/hggksoylm/image/upload/v1598000419/Animation/takunomi_ejbu3s.png,た,たくのみ
0,黄昏乙女×アムネジア,SILVER LINK.,2012,度重なる増築により迷路のように入り組んだ私立誠教学園。中等部一年の新谷貞一(にいや ていいち)はある日、旧校舎で迷い偶然たどりついた部屋で、不思議な雰囲気を纏う少女・庚夕子(かのえ ゆうこ)と出会う。彼女は自分を“旧校舎の幽霊”だと言う。自分の過去を思い出せない夕子の為、貞一と夕子は｢怪異調査部｣を立ち上げ、この学園で語り継がれる数々の怪異を解き明かしていく。,https://res.cloudinary.com/hggksoylm/image/upload/v1598000422/Animation/tasogareotomeamnezia_dcuynp.png,た,たそがれおとめあむねじあ
0,多田くんは恋をしない,動画工房,2018,カメラを手に、満開の桜の写真を撮りにきていた少年・多田光良(ただ・みつよし)は、異国の少女・テレサに出会う。ヨーロッパのラルセンブルクという国から留学してきたテレサは、日本に着いて早々、一緒にやってきた連れとはぐれてしまい、迷子になっていた。成り行きからテレサを助けることになった光良は、祖父が営んでいる東京・銀座にある多田珈琲店へと連れていくのだが……。,https://res.cloudinary.com/hggksoylm/image/upload/v1598000427/Animation/tadakunhakoiwosinai_xtodxz.png,た,ただくんはこいをしない
0,立花館To Lieあんぐる,Creators in Pack,2018,ラッキースケベでハーレムな漫画の主人公が、女の子だった！？高校進学に合わせて、6年ぶりに帰ってきた田舎の街。お洒落なデザイナーズマンション風の寮“橘館”から優雅に登校…と思ったら、手違いでボロアパート“立花館”に入居するハメになった夏乃はなび。立花館では入居初日から謎の全裸の美少女に遭遇したり、年上お姉さんの恥ずかしいトコロをうっかり目撃してしまったり、なぜかつっかかってくる幼馴染みの恥ずかしいトコロを凝視してしまったり。…って、全然「ラッキー♪」なんか思ってないんだからっ！,https://res.cloudinary.com/hggksoylm/image/upload/v1598000430/Animation/tatibanakantriangle_mbwx1w.png,た,たちばなかんとらいあんぐる
0,『タッチ』TVシリーズ,グループ・タック,1985,"上杉達也と和也は双子の兄弟。お隣の浅倉家に生まれた南とは、小さな頃からいつも一緒。あまりにも仲良く、元気なのに手を焼いた（？）親たちは共同出費で子供たちのために、３人で学び遊べる家まで建ててしまった。ところが、彼らも中学生に入る頃から、この""男２人+女１人""という状況の持つ意味を、それなりに意識し始めた。周囲は明るく可愛い南、成績優秀の和也を似合いのカップルと思っている。それに反し、兄の達也はだれもが認める""出がらし""。成績、スポーツ共に、和也に比べて数段見劣りするのだ。だが努力することは嫌いでも、その隠れた才能を見抜いてるのが和也。しかしいつも達也に反発しながらも、内心は彼にまんざらではないようすの南に、和也も気が気ではなくなって・・・。日常的な情景の中に、青春の繊細な心の動きを織り込んで描く、あだち充の""タッチ・ワールド""。明るくさわやかなその世界は、時が経つにつれ、甘酸っぱい想い出と共に、くっきりと心の中に蘇ってきます。魅力溢れるキャラクター、エピソードを完璧に収録した永遠の名作、ついに待望のプレイボールです。",https://res.cloudinary.com/hggksoylm/image/upload/v1598000434/Animation/touch_cyulpm.png,た,たっち
0,盾の勇者の成り上がり,キネマシトラス,2019,ごく平凡なオタク大学生・岩谷尚文は、図書館で出会った1冊の本に導かれ異世界へと召喚されてしまう。与えられた使命は、剣、槍、弓、盾をまとう四聖勇者の一人「盾の勇者」として、世界に混沌をもたらす災い「波」を振り払うこと。大冒険に胸を膨らませ、仲間とともに旅立った尚文。ところが、出発から数日目にして裏切りに遭い、金も立場もすべて失ってしまう。他人を信じられなくなった尚文は奴隷の少女・ラフタリアを使役し、波に、世界に、立ち向かおうとするが―。果たして、この絶望的状況を打破することはできるのか?すべてを失った男の成り上がりファンタジー、開幕。,https://res.cloudinary.com/hggksoylm/image/upload/v1598000437/Animation/tatenoyusyanonariagari_jjycyg.png,た,たてのゆうしゃのなりあがり
0,田中くんはいつもけだるげ,シルバーリンク,2016,とある高校の教室の片隅。眠そうな目で頬杖をついている男子高校生・田中はいつもけだるげ。授業中は居眠り。体育の時間も動かない。登校も下校もできるだけ歩きたくない。変化の無い日々をゆるゆる過ごしたい。なのに田中の周りは意外とにぎやか。外見は怖いけどおかん気質な太田。全力全開猪突猛進な宮野。才色兼備(？)な委員長の白石。ヤンキーリスペクトの越前。しっかり者すぎる妹……etc。こんな個性豊かな面々に囲まれてもマイペースにダラダラのんびり。そんな田中のけだるい日常を描くインセンシティブ青春コメディがゆるゆると開幕……するかもしれない。,https://res.cloudinary.com/hggksoylm/image/upload/v1598000441/Animation/tanakakunhaitumokedaruge_vc9g6j.png,た,たなかくんはいつもけだるげ
0,たまこまーけっと,京都アニメーション,2013,うさぎ山商店街にある餅屋の娘･北白川たまこは、お餅と、生まれ育った商店街のことが大好きな高校1年生。商店街が特に忙しくなる年末に、突然、高飛車な鳥がやって来る。人の言葉を話すその鳥は、ひょんなことからたまこの家に居候する事になって……？たまこと不思議な鳥が繰り広げる、お騒がせな一年が始まります！,https://res.cloudinary.com/hggksoylm/image/upload/v1598000444/Animation/tamakomarket_wabp7o.png,た,たまこまーけっと
0,たまこラブストーリー,京都アニメーション,2014,春｡高校3年生に進級しても北白川たまこの頭の中は相変わらずおもちのことばかり｡春の夕暮れ､学校の帰り道｡たまこやみどりたち仲良し4人組は進路の話をしていた｡みんな不安を抱えながらも将来のことをちゃんと考えている様子｡たまこも､何気なく将来は家業を継ぐと答える｡同じ頃､たまことお向かいの家でずっと一緒に過ごしてきたもち蔵も､ある決心をしていた｡周りの色んなことが変わっていって､少しずつ､少しずつ､たまこの心は揺れ始める･･･｡,https://res.cloudinary.com/hggksoylm/image/upload/v1598000447/Animation/tamakolovestory_rkb56p.png,た,たまこらぶすとーりー
0,球詠,studio A-CAT,2020,埼玉県、新越谷高校。この春入学した武田詠深(たけだ・よみ)は、そこで幼なじみの山崎珠姫(やまざき・たまき)に再会する。中学時代、受け止められるキャッチャーがいないために鋭く変化する「魔球」を投げられず、野球への気持ちをあきらめかけていた詠深。だが、強豪チームで実力を磨いていた珠姫は、詠深の変化球を受け止めることができた。幼い頃の約束を果たし、再びめぐり逢った二人は、クラスメイトの川口姉妹や仲間たちと共に停部中の野球部を復活させる。目指すは全国！新生・新越谷高校野球部の挑戦がここから始まる――。,https://res.cloudinary.com/hggksoylm/image/upload/v1598000451/Animation/tamayomi_j6ewbf.png,た,たまよみ
0,TARI　TARI,P.A.WORKS,2012,大人と呼ぶには幼く、でも自分たちはもう子供ではないと思っている高校生。　ある日を境に音楽から離れた坂井和奏。歌うことを諦めきれない宮本来夏。親友のために力を貸す沖田紗羽。笑ったり喧嘩したり悩んだり恋をしたり・・・・・・。ありふれた日常を送りつつ、少しずつ少しずつ前に進む少女達。時には回り道をしながら、ひとりでは無理かもしれないけれど親友がいればいつかきっと--。和奏、来夏、紗羽そして彼女達の奏でるアンサンブルが、音楽の力が小さくも煌びやかな物語を紡ぎ出す。　高校生活最後の夏。それは夢を諦めるにはまだ早い季節　江の島に響く歌声が今日も僕らを勇気付ける。,https://res.cloudinary.com/hggksoylm/image/upload/v1598000454/Animation/taritari_wgvcxm.png,た,たりたり
0,DIVE!!,ゼロジー,2017,「そこには、僕にしか見えない景色がある――」幼少の頃からひたむきに飛び込みを続けてきた14歳の少年・坂井知季。はじまりは3つ年上の天才ダイバー・富士谷要一との出会いだった。仲間とともにミズキダイビングクラブ・通称MDCに通う知季だったが、ある日、新任コーチとして麻木夏陽子という女性が現れる。「この中の誰かがオリンピックに行かなければ、クラブは潰れるわ」夏陽子が告げたMDC存続への条件はあまりにも厳しいものだった。身体一つを武器に宙を舞い、その一瞬にすべてを賭けた、少年達の熱く長い闘いがいま幕を開ける！！,https://res.cloudinary.com/hggksoylm/image/upload/v1598000458/Animation/dive_zfmzwe.png,だ,だいぶ
0,ダイヤのA,MADHOUSE×Production I.G,2013,捕手・御幸一也との出会いが、少年の人生を一変させる。沢村栄純１５歳。己の力を試すため、仲間に別れを告げ、野球名門校・青道の扉を叩く。そこには己のすべてをかけた誇り高き球児達がいた！,https://res.cloudinary.com/hggksoylm/image/upload/v1598000461/Animation/daiyanoa_jiax4w.png,だ,だいやのえーす
0,だがしかし,feel.,2016,家業の駄菓子屋を継ぎたくない鹿田ココノツは夏休みのある日、駄菓子マニアの不思議な美少女・ほたるに出会う。実在の駄菓子とともに少年×少女のおかしな夏が今始まる！美味し懐かし駄菓子コメディー、お腹いっぱい召し上がれ！！,https://res.cloudinary.com/hggksoylm/image/upload/v1598000465/Animation/dagasikasi_jwwqpy.png,だ,だがしかし
0,ダンガンロンパ　The Animation,ラルケ,2013,卒業するだけで人生の成功が約束されるという、｢私立 希望ヶ峰学園｣。“超高校級”と呼ばれる、突出した才能を持つ生徒たちだけが集められるエリート高校への入学を抽選によって許された苗木誠。学園の門に足を踏み入れた途端に身体を走る衝撃。そして次に目を覚ました時、彼は14人の仲間たちと封鎖された校舎に閉じ込められていることを知る。戸惑う苗木たちに学園長を名乗る｢モノクマ｣は、｢これからみなさんには一生、ここで暮らしていただきます。学園から卒業したければ、仲間を殺さなければなりません｣と告げて…。,https://res.cloudinary.com/hggksoylm/image/upload/v1598000468/Animation/danganronpa_olbo3a.png,だ,だんがんろんぱ
0,男子高校生の日常,サンライズ,2012,真田北高校（男子校）に通うタダクニ、ヒデノリ、ヨシタケを中心に、とてつもなくバカだけど、なぜか愛らしい男子高校生たちが繰り広げるハイスクールリアルライフコメディ！,https://res.cloudinary.com/hggksoylm/image/upload/v1598000472/Animation/dansikokoseinonitijou_hqxtl2.png,だ,だんしこうこうせいのにちじょう
0,ダンジョンに出会いを求めるのは間違っているだろうか,J.C.STAFF,2015,迷宮都市オラリオ──『ダンジョン』と通称される壮大な地下迷宮を保有する巨大都市。未知という名の興奮、輝かしい栄誉、そして可愛い女の子とのロマンス。人の夢と欲望全てが息を潜めるこの場所で、少年は一人の小さな「神様」に出会った。「よし、ベル君、付いてくるんだ! 【ファミリア】入団の儀式をやるぞ! 」「はいっ! 僕は強くなります! 」どの【ファミリア】にも門前払いだった冒険者志望の少年と、構成員ゼロの神様が果たした運命の出会い。これは、少年が歩み、女神が記す、── 【眷族の物語(ファミリア・ミィス)】──,https://res.cloudinary.com/hggksoylm/image/upload/v1598000476/Animation/danjonnideaiwomotomerunohamatigatteirudarouka_yitvia.png,だ,だんじょんにであいをもとめるのはまちがっているだろうか
0,ダンベル何キロ持てる？,動画工房,2019,「ひびき……お前、また太った？」食べることが大好きな女子高生・紗倉 ひびき(さくら・ひびき)の心に突き刺さった友人の非情な一言。 夏休みまでに絶対に痩せてみせるとダイエットを決意したひびきだったが、 一人ではまともに運動も続けられない体たらく。こうなったらとひびきが足を運んだ先はトレーニングジムだった！そして入会したジムで同級生のカリスマ美少女生徒会長・奏流院朱美(そうりゅういん・あけみ)と出会ったひびきは、深くて楽しい筋トレの世界へ足を踏み入れることに……。,https://res.cloudinary.com/hggksoylm/image/upload/v1598000480/Animation/danbelnankiromoteru_i4h4we.png,だ,だんべるなんきろもてる
0,ダーリン・イン・ザ・フランキス,TRIGGER/A-1 Pictures,2018,彼らは夢を見る。いつの日か大空へはばたく夢を。ガラスによって遮られたその空が、どれだけ遠いものだと知っていても。遠い未来。人類は荒廃した大地に、移動要塞都市“プランテーション”を建設し文明を謳歌していた。その中に作られたパイロット居住施設“ミストルティン”、通称“鳥かご”。コドモたちは、そこで暮らしている。外の世界を知らず。自由な空を知らず。教えられた使命は、ただ、戦うことだけだった。敵は、すべてが謎に包まれた巨大生命体“叫竜”。まだ見ぬ敵に立ち向かうため、コドモたちは“フランクス”と呼ばれるロボットを駆る。それに乗ることが、自らの存在を証明するのだと信じて。かつて神童と呼ばれた少年がいた。コードナンバーは０１６。名をヒロ。けれど今は落ちこぼれ。必要とされない存在。フランクスに乗れなければ、居ないのと同じだというのに。そんなヒロの前に、ある日、ゼロツーと呼ばれる謎の少女が現れる。彼女の額からは、艶めかしい二本のツノが生えていた。「――見つけたよ、ボクのダーリン」,https://res.cloudinary.com/hggksoylm/image/upload/v1598000483/Animation/daringinthekiss_gjiggz.png,だ,だーりんいんざふらんきす
0,ちおちゃんの通学路,ディオメディア,2018,どこにでもある学校「鮫島学園」に通う高校１年生・三谷裳ちおの座右の銘は「中の下」。目立たないスクールライフを送ろうとする彼女だが、登校途中にはなぜか様々な障害が待ち受ける。ちおは日頃の洋ゲーライフで鍛えた（ムダな）能力を駆使し、脱オタを目指す幼なじみの野々村真奈菜、完全無欠のスクールカースト最上位・細川雪、そして街を行き交う名もなき人々をも巻き込みつつ、無事「登校」を達成すべく、今日も通学に挑む！,https://res.cloudinary.com/hggksoylm/image/upload/v1598001318/Animation/chipchannotugakuro_kofbot.png,ち,ちおちゃんのつうがくろ
0,ちはやふる,マッドハウス,2011,姉が日本一のモデルになることが夢である小学6年生の綾瀬千早は、転校生・綿谷新に｢自分のことでないと夢にしてはいけない｣と諭される。そんな新の夢は、競技かるたで名人になること。普段は大人しい新が真剣に札を払うその姿に衝撃を受けた千早は、幼なじみの真島太一も巻き込んでかるたの魅力に引きこまれていく。聴力に優れた千早の才能に、そしてかるたを一緒にできる友達ができたことに新は喜ぶが、卒業後はみな別の道を歩むのだった。それから4年後。高校生になった千早は、福井に戻った新がかるたから離れてしまったことを知るが、それでも、かるたを続けていれば再会できると信じ、太一と2人、瑞沢高校かるた部を設立する。,https://res.cloudinary.com/hggksoylm/image/upload/v1598001322/Animation/tihayahuru_v57dja.png,ち,ちはやふる
0,中二病でも恋がしたい！,京都アニメーション,2012,残念だが告白しよう。俺こと、富樫勇太は中学の時――中二病だった。だが、そんな黒歴史も中学と共に卒業して、順風満帆な高校ライフを満喫中というわけだ。このまま黒歴史も忘れていけるはず…。そう、はずだったんだ。しかし、事件は起きてしまった。いや、起こるべくして起きたというべきか…。そして、その事件をきっかけに現在進行形で中二病感染者の小鳥遊六花と強制的に契約を結ばれてしまった！俺の日常はぶち壊し――って六花！これ以上、俺の中二病心を刺激するのはやめてくれ！中二病を軸として、コミカルかつ切なく描く青春学園ラブコメディ！ここに爆誕！！第１回京都アニメーション大賞＜奨励賞＞受賞作のアニメ化！,https://res.cloudinary.com/hggksoylm/image/upload/v1598001325/Animation/tyunibyoudemokoigasitai_avmjl7.png,ち,ちゅうにびょうでもこいがしたい
0,厨病激発ボーイ,スタジオディーン,2019,わけあって中途半端な時期に皆神高校に転入した高校生、聖瑞姫。瑞姫がそこで運命的に出会ったのは、厨二病をこじらせまくった残念男子たち――「ヒーロー部」。なぜかヒーロー部の活動に巻き込まれていく瑞姫は、彼らが繰り広げるノンストップな妄想と暴走に振り回されて、もはやツッコミが追いつかない！疲れている暇もない！｢……おかしい。私が望んだのは平穏な高校生活だったはずなのに……！｣平穏な高校生活を望む瑞姫と、厨二病男子たちが織りなす、妄想炸裂なドタバタ厨二病学園コメディ、開幕☆,https://res.cloudinary.com/hggksoylm/image/upload/v1598001329/Animation/chunigekihtuboy_ffmt5f.png,ち,ちゅうにげきはつぼーい
0,超次元ゲイム ネプテューヌ,david production,2013,ここは、ゲイムギョウ界。｢女神｣と呼ばれる存在が国を司る、現実とは異なる世界である。 四人の女神が統治する四つの国家の名は、プラネテューヌ、ラステイション、ルウィー、リーンボックス。各国の間では、女神の力の源｢シェア｣をめぐる争いが、長年にわたって続けられてきた。しかし、互いの国力をいたずらに削る状況を危惧した女神たちは、シェアを武力で奪うことを禁じる｢友好条約｣を結ぶ。 友好条約のもと、新たな関係への一歩を踏み出す四人の女神たちと、その妹たち。ときに笑い合い、ときにぶつかり合い、ときに手を取り合う、カラフルな日々の幕が開ける。 ゲイムギョウ界には、どんな明日が待っているのだろうか──。,https://res.cloudinary.com/hggksoylm/image/upload/v1598001332/Animation/chozigengameneptunu_zintch.png,ち,ちょうじげんげいむねぷてゅーぬ
0,超人高校生たちは異世界でも余裕で生き抜くようです！,project No.9,2019,飛行機事故に巻き込まれた七人の高校生。彼らが目を覚ますとそこは魔法や獣人の存在する異世界だった。突然の事態に彼らは混乱― ― することもなく（！？）電気もない世界で発電所を作ったり、 ちょっと出稼ぎに出ただけで大都市の経済を牛耳ったり、 あげく悪政に苦しむ恩人たちのために悪徳貴族と戦争したり、やりたい放題！？そう。彼らは誰一人普通の高校生ではなく、それぞれが政治や経済、科学や医療の頂点に立つ超人高校生だったのだ！これは地球最高の叡智と技術を持つドリームチームによる、オーバーテクノロジーを自重しない異世界革命物語である！,https://res.cloudinary.com/hggksoylm/image/upload/v1598001336/Animation/chozinkokoseihaisekidemoyoyudeikinukuyoudesu_a7u8n4.png,ち,ちょうじんこうこうせいたちはいせかいでもよゆうでいきぬくようです
0,チーズスイートホーム,マッドハウス,2008,元気でいたずらっ子な子猫のチー。生まれて初めてのお散歩で迷子になり、親切な山田家に拾われることに。体は小さいけれど、態度は大きくて好奇心も旺盛なチーが、マンションや公園を舞台に小さな大冒険を繰り広げます。チーといつも愉快な山田家との、何気ない日常の小さな幸せを描いたハートフルストーリーです。,https://res.cloudinary.com/hggksoylm/image/upload/v1598001339/Animation/chissweethome_xh7um4.png,ち,ちーずすいーとまいほーむ
0,つうかあ,SILVER LINK.,2017,今日はレーシングニーラー女子高生部門のエキシビションレースが開催される日！全国から集まった「ニーラーレース」の淑女達が、闘志の炎を燃やしている。今季のドライバーとパッセンジャーをみなさんに知っていただく、お披露目レース。デモンストレーション走行で無理な競り合いや追い越しはしませんが、それは本戦でご期待ください。今季優勝を狙って戦う女子レーサーたちが、今！駆（はし）りだす！,https://res.cloudinary.com/hggksoylm/image/upload/v1598001901/Animation/tukare_npfs7d.png,つ,つうかあ
0,通常攻撃が全体攻撃で二回攻撃のお母さんは好きですか？,J.C.STAFF,2019,「マー君。これからお母さんと一緒にたくさん冒険しましょうね」夢にまでみたゲーム世界に転送された高校生、大好真人だが、なぜか真人を溺愛する母親の真々子もついてきて!?母親同伴の新感覚冒険コメディ開幕！,https://res.cloudinary.com/hggksoylm/image/upload/v1598001904/Animation/tujokougekiganibainookaasanhasukidesuka_xdd3zb.png,つ,つうじょうこうげきがぜんたいこうげきでにかいこうげきのおかあさんはすきですか
0,憑物語,シャフト,2014,貝木泥舟の暗躍で、千石撫子の一件が解決した２月。受験勉強に追い込みをかける阿良々木暦の体には“見過ごすことのできない”変化が現れ始めていた。これまでの報いとも言える、その変化とは！？,https://res.cloudinary.com/hggksoylm/image/upload/v1598001908/Animation/tukimonogatari_uau4s7.png,つ,つきものがたり
0,つくもがみ貸します,テレコム・アニメーションフィルム,2018,江戸は深川、仲町にて損料屋・出雲屋を営む、お紅と清次という姉弟がいた。損料屋というのは、日用品から骨董品、そして美術品とありとあらゆる品をいくらかで客に貸し出す商いのこと。ただこの出雲屋が取り扱う道具たちが、他の店のものと一味も二味も違うのは、作られてから百年以上が過ぎ、魂を宿した「つくもがみ」という一種の妖のようなものになってしまっているところ。お客の元に貸し出されては、色々な話を聞いて来て、噂話を繰り広げる「つくもがみ」たち。人が良く情け深いお紅と清次は、そんな「つくもがみ」たちの力を借りながらこの町で起こる大小さまざまな騒動を解決していく。江戸の町に花開く「つくもがみ」と人間たちとが織り成す悲喜こもごもの人情噺、骨の髄までとくとご堪能あれ―――。,https://res.cloudinary.com/hggksoylm/image/upload/v1598001911/Animation/tukumogamikasimasu_c8jyen.png,つ,つくもがみかします
0,つり球,A-1 Pictures,2012,舞台は湘南・江の島。懐かしさと瑞々しさの同居した町。他人とのコミュニケーションが異常なほど苦手なため、これまでの人生でまともに友達がいた試しのない高校生・ユキ。自称宇宙人、ユキに釣りをさせようとする少年・ハル。生まれも育ちも江の島の地元っ子、周囲のいろんな事になんだかムカついているらしい少年・夏樹。青春をこじらせてしまっている4人が出会い、釣りをして、小さな島は、大きな物語の中心となり――。ここから始まる、SF(=青春フィッシング)物語!,https://res.cloudinary.com/hggksoylm/image/upload/v1598001915/Animation/turitama_hg0ddt.png,つ,つりたま
0,徒然チルドレン,Studio五組,2017,どこにでもいる様な、ごく普通の高校生たちが、恋に燃えたり、揺れたり、悩んだり、笑ったり、泣いたり、傷ついたり、うまくいったり、いかなかったりしながらも、かけがえのない青春の日々を過ごしていく様子を描いた、青春群像劇。主人公は、登場人物全員。あなたもきっと、誰かの気持ちに乗っかれるはず。,https://res.cloudinary.com/hggksoylm/image/upload/v1598001919/Animation/turedurechildren_o5nzsw.png,つ,つれづれちるどれん
0,テイルズ オブ ゼスティリア ザ クロス,ufotable,2016,人の目には見えない霊的な存在｢天族(てんぞく)｣に囲まれて育った人間の青年・スレイ。｢かつて、人間の誰もが天族の姿を見ることができた｣という伝承を信じる彼は、古代の謎を解明し、人と天族がともに生きる世界を実現したいという夢を抱いていた。ある日、生まれて初めて訪れた人間の都で妙な事件に巻き込まれたスレイは、なりゆきから石に突き刺さる聖剣を引き抜き、世界の災厄を払う｢導師｣となる。重き使命を刻み込む胸の中、人と天族の共存という夢はより熱さを増し??仲間とともに、｢導師｣は大冒険の旅路への一歩を、今、踏み出す。,https://res.cloudinary.com/hggksoylm/image/upload/v1598003632/Animation/talsofzestiria_fyiftw.png,て,ているずおぶぜすてぃりあ
0,手品先輩,ライデンフィルム,2019,「ボクは、出会ってしまった…、カワイイけど“ヘンな”先輩に！」手品が大好きだけど、アガリ症のせいで失敗率は100%!?　そんな「先輩」に、無理やり奇術部に入部させられ、あげくに「助手」扱い…。大道芸姉弟の「咲ちゃん」と「まーくん」、それに化学部の「斑さん」まで巻き込んで、先輩は、今日も元気に、ちょっぴりエロスに大失敗！見てられないけど、見ていたい、ポンコツ手品ＧＡＧアニメ!!,https://res.cloudinary.com/hggksoylm/image/upload/v1598003637/Animation/tezinasenpai_sjemqe.png,て,てじなせんぱい
0,テニスの王子様,トランス・アーツ,2001,テニスの名門校・青春学園中等部に入学してきた越前リョ－マは、伝説のテニスプレーヤー・越前南次郎を父に持ち、アメリカ各州のJr.大会で4連続優勝の経歴を持つ天才少年。テニス部入部早々、そのクールで生意気な態度を誤解され先輩達から試合を挑まれるはめになるが、圧倒的なテニスセンスで戦い抜く。一筋縄ではいかない青学(せいがく）レギュラー陣との校内ランキング戦や、強豪校との激戦が繰り広げられる地区大会など、ライバルとの対戦を通じて、リョ－マをはじめとする登場人物の成長を描いていく。,https://res.cloudinary.com/hggksoylm/image/upload/v1598003643/Animation/tenissnoprince_ng8acw.png,て,てにすのおうじさま
0,TERRAFORMARS,LIDENFILMS,2014,｢バグズ2号｣の惨劇から20年…地球では火星より飛来した未知のAEウイルスが猛威をふるっていた。AEウイルスのワクチンを作るには、火星へ向かい、ウイルスのサンプルを入手する必要がある。｢テラフォーマー｣の攻撃をくぐりぬけて…20年前の生存者、小町小吉を艦長としたクル―は、大型宇宙船｢アネックス1号｣に乗り、人類の存亡を懸けて、火星へと飛ぶ。予想だにしないアクシデント、交差する各国の陰謀、更なる進化を遂げたテラフォーマー…再び火星で繰り広げられる、極限サバイバル。新たなる人体改造-MO手術-を引っ提げて、万物の霊長と害虫の王が、種の存続を懸けて戦う。,https://res.cloudinary.com/hggksoylm/image/upload/v1598003648/Animation/terraformars_rnnt34.png,て,てらふぉーまーず
0,天気の子,新海誠,2019,高１の夏。離島から家出し、東京にやってきた帆高。しかし生活はすぐに困窮し、孤独な日々の果てにようやく見つけた仕事は、怪しげなオカルト雑誌のライター業だった。彼のこれからを示唆するかのように、連日降り続ける雨。そんな中、雑踏ひしめく都会の片隅で、帆高は一人の少女に出会う。ある事情を抱え、弟とふたりで明るくたくましく暮らす少女・陽菜。彼女には、不思議な能力があった。「ねぇ、今から晴れるよ」少しずつ雨が止み、美しく光り出す街並み。それは祈るだけで、空を晴れに出来る力だった。,https://res.cloudinary.com/hggksoylm/image/upload/v1598003654/Animation/tenkinoko_b634jm.png,て,てんきのこ
0,天元突破グレンラガン,GAINAX,2007,遥かな未来。人々は地中に穴を掘って家を造り家畜を飼い、時折起きる地震と落盤に怯えながら何百年も息を潜めるように暮らしてきた。そんな村の一つ・ジーハ。村を広げるための穴掘りをしていた少年・シモンは、ある日、掘り進んだ先で偶然、不思議に光る小さなドリルを見つける。そして、シモンの兄貴分である青年・カミナ。彼は、村の上には「地上」があることを信じ、グレン団というチンピラグループを率いて天井を突き破って外へ出ようと目論んでいた。そんなある日、地震と共に村の天井が崩れ巨大なロボットが落ちてくる!カミナは確信する「やっぱり地上はあった!」そして、無謀にも村で暴れるロボットに立ち向かおうとする。その時、更に地上から何かがやって来た。それは、巨大なライフルを持った少女・ヨーコだった。彼女は、ロボットを地上から追って来たのだ。しかし、ライフルの威力では、倒すどころか足止めをするのが精一杯。そんなピンチの中、シモンは、以前、地中から掘り出したモノをカミナとヨーコに見せる。それは、顔だけの謎のロボットだった…。,https://res.cloudinary.com/hggksoylm/image/upload/v1598003659/Animation/tengentoppagurenragan_swlxqw.png,て,てんげんとっぱぐれんらがん
0,天才バカボン,東京ムービー,1971,奇天烈なパパと美人なママを持つ、お人よしで天然ボケな小学生バカボンがある町に引っ越してきた。その町には、いつも掃除をしながら「おでかけですか？」と言う“レレレのおじさん”や、「タイホするぞ！」といいながらピストルを連発するおまわりさん等変わった人々が住んでいた。そこに天才児ハジメちゃんも誕生し、次々と珍騒動が巻き起こるのだが…。赤塚不二夫の出世作でもある名作ギャグ漫画を原作に、昭和46年から放送されたアニメシリーズの第一弾。,https://res.cloudinary.com/hggksoylm/image/upload/v1598003664/Animation/tensaibakabon_zlyisb.png,て,てんさいばかぼん
0,天使の3P！,project No.9,2017,過去のトラウマからひきこもり気味の高校生、貫井響は、密かに歌唱ソフトで曲を制作し、動画サイトに投稿するのが趣味だった。そんな彼に会って話がしたいとメールしてきたのは、小学五年生の少女たち。子供の頃から姉妹のように一緒に育った三人からお願いされたことは、お世話になった人への感謝のために、彼女たちが過ごした思い出の場所でライブを成功させる事だった・・・。,https://res.cloudinary.com/hggksoylm/image/upload/v1598003670/Animation/tensino3p_hufqmf.png,て,てんしのすりーぴー
0,転生したらスライムだった件,エイトビット,2018,サラリーマン三上悟は通り魔に刺され死亡し、気がつくと異世界に転生していた。ただし、その姿はスライムだった！リムルという新しいスライム人生を得て、さまざまな種族がうごめくこの世界に放り出され、「種族問わず楽しく暮らせる国作り」を目指すことになる――！,https://res.cloudinary.com/hggksoylm/image/upload/v1598003676/Animation/tenseisitarsuraimdattaken_srvx1r.png,て,てんせいしたらすらいむだったけん
0,D.Gray-man,トムス・エンタテインメント,2006,これは、仮想１９世紀ヨーロッパから始まる、〈エクソシスト〉と〈ＡＫＵＭＡ（アクマ）〉の物語である…。〈ＡＫＵＭＡ〉とは、世界を終末へ導こうとする「千年伯爵」なる者に製造された『機械』『魂』『悲劇』を材料とする哀しき悪性兵器。そのアクマを破壊できる力を唯一持つのが、黒の教団と呼ばれる組織に属し、そのなかでも神の結晶イノセンスに選ばれた〈エクソシスト〉。主人公「アレン・ウォーカー」もその一人。左腕に宿したイノセンスを武器に、仲間たちと共にアクマを破壊し千年伯爵に立ち向かう戦いへ、その身を投じていく…。,https://res.cloudinary.com/hggksoylm/image/upload/v1598003682/Animation/dgrayman_mexgpw.png,で,でぃーぐれいまん
0,ディーふらぐ！,ブレインズ・ベース,2014,府上高校でも有名な不良の風間堅次がひょんな事からゲーム製作部の部室を覗いてみると、その中では小火災が発生していた。中にいた部員たちと消火する事には成功するものの、火災を隠蔽するために堅次たちの記憶を奪おうと部員たちに襲われてしまう。必死に逃げる堅次だったが、部長・柴崎芦花に助けられた事をきっかけにゲーム製作部に入部する事になってしまう。,https://res.cloudinary.com/hggksoylm/image/upload/v1598003688/Animation/dflag_bmnbfa.png,で,でぃーふらぐ
0,｢DAYS｣,MAPPA,2016,何のとりえもない、特技もない、けれど人知れず、熱い心を秘めた少年・柄本つくし。彼が西東京の名門、聖蹟高校サッカー部に入部した時、運命は激しく回転を始める。孤独なサッカーの天才・風間陣、超高校級プレイヤーの主将・水樹寿人、トップ下に君臨するクールな司令塔・君下敦、唯我独尊系大型フォワード・大柴喜一……。クセ者の集う厳しくも優しい部活の中で、少年たちはかけがえのない絆を結び始める。これは、ひたすらに熱く、どこまでも純粋な、聖蹟高校サッカー部の汗と奇跡と友情の物語！！,https://res.cloudinary.com/hggksoylm/image/upload/v1598003693/Animation/days_svbru6.png,で,でいず
0,デジモンアドベンチャー,東映アニメーション,1999,サマーキャンプにいた７人は何も知らずにいた。それが誰も知らない世界への冒険のはじまりになることを……。洪水。干ばつ。真夏にふる雪……。世界中がおかしかったその年の夏。サマーキャンプに来ていた太一たち７人の少年少女は、日本では見えるはずのないオーロラから飛来した謎の機械の力によって異世界デジタルワールドに吸い込まれてしまう。謎と危険に満ちたその世界で彼らを待っていたのは、なぜか太一たちの名前を知る奇妙な生物、デジタルモンスターだった。世界を狂わせる黒い歯車。次々と襲いかかる強大な敵。戦いの中で進化するデジモンたちの火花散る熱いバトル！！はたして太一たち７人の少年少女は無事に元の世界に帰ることが出来るのだろうか？そしてデジタルワールドに隠された大いなる秘密とは……！？１９９９年３月７日より２０００年３月２６日まで、フジテレビ系列にて放送された人気アニメ・デジモンシリーズの１作目です。本作は９７年、バンダイより発売された携帯液晶ゲーム機「デジタルモンスター」をベースに、ほぼ完全なオリジナルストーリーでＴＶアニメ化された人気アニメーションです。未知の世界「デジタルワールド」にいきなり飛び込んでしまった７人の子供たち。そこで出会った「パートナー」デジモンとの冒険。一人ひとりの子供たちの成長が、パートナーであるデジモンの「進化」に結びつくという「自分探しの旅」の魅力が子供たちの共感を呼びました。,https://res.cloudinary.com/hggksoylm/image/upload/v1598003699/Animation/degimonadventure_vpulbo.png,で,でじもんあどべんちゃー
0,DEATH NOTE -デスノート-,マッドハウス,2006,2003年より｢週刊少年ジャンプ｣（集英社刊）で連載がスタートし、コミックスの累計発行部数が2100万部を超える大ヒット作品｢DEATH NOTE（デスノート）｣。｢そのノートに名前を書かれた人間は死ぬ｣という力を持つ、死神が落とした恐るべき“デスノート”。天才的な頭脳を持ち、退屈を持て余していた高校生･夜神月（ヤガミ･ライト）がそれを拾った時から、すべては始まった。デスノートを使って、世の中に溢れる犯罪者たちに次々と死の制裁を下していく月は、いつしか“キラ”と呼ばれるようになる。果たして月＝キラは、世界を救う救世主なのか。それとも独裁的な殺人者なのか。キラを崇拝する者、その行為を否定する者。世界は大きく揺れ動いていく…。,https://res.cloudinary.com/hggksoylm/image/upload/v1598003705/Animation/dathnote_aabkwj.png,で,ですのーと
0,デス・パレード,マッドハウス,2015,「いらっしゃいませ　クイーンデキムへようこそ」 何も知らない二人の客を迎えたのは、不思議なBAR『クイーンデキム』と白髪のバーテンダー『デキム』。彼の口から語られるデスゲームへの誘い。やがて剥き出しになる客達の本性。ゲームの果てに自らを『裁定者』と明かすデキム。裁定者デキムが二人の客へ下す裁定とは…。,https://res.cloudinary.com/hggksoylm/image/upload/v1598003711/Animation/dathparede_hzq2zm.png,で,ですぱれーど
0,デスマーチからはじまる異世界狂想曲,SILVER LINK. × CONNECT,2018,デスマーチ真っ最中のプログラマー“サトゥー”こと鈴木一郎。仮眠を取っていたはずが、気が付くと異世界に…!?視界の端には、仮眠前に作っていたゲームを思わせるメニュー画面。レベル１の初期状態。ただし初心者救済策として実装したばかりの「全マップ探査」とマップ殲滅ボム「流星雨」×３付。目の前には蜥蜴人の大軍が!助かるために「流星雨」を使用したサトゥーは、その結果レベルが310となり莫大な財宝を手に入れる――。夢か現か、ここにサトゥーの旅が始まる!,https://res.cloudinary.com/hggksoylm/image/upload/v1598003717/Animation/deathmarchkarahazimaruisekairhapsody_ylnt9m.png,で,ですまーちからはじまるいせかいらぷそでぃー
0,亜人ちゃんは語りたい,A-1 Pictures,2017,サキュバス、デュラハン、雪女、そしてバンパイア――。僕ら人間とちょっとだけ違う、それが「亜人（あじん）」。最近じゃデミと呼ばれてます。そんな個性的な「亜人（デミ）」ちゃんたちと、彼女たちに興味津々な高校生物教師・高橋鉄男が繰り広げる、ちょっと刺激的でハートフルな学園亜人コメディ！,https://res.cloudinary.com/hggksoylm/image/upload/v1598003723/Animation/demichanhakataritai_oyjjyr.png,で,でみちゃんはかたりたい
0,デュラララ!!,ブレインズ・ベース,2010,東京・池袋。都会の非日常に憧れる少年・竜ヶ峰帝人(りゅうがみねみかど)は、幼馴染の紀田正臣(きだまさおみ)の誘いもあり、地元を離れて池袋にある来良学園に入学することに。正臣曰く、池袋に住む上で敵に回してはいけない存在が何人かいるらしい。特には、喧嘩上等のチンピラ・平和島静雄(へいわじましずお)と、趣味で情報屋を営む折原臨也(おりはらいざや)の二人。そして、奇妙な組織体系を取る詳細不明のカラーギャング“ダラーズ“。上京した初日、そんな正臣の話に不安をおぼえた帝人が目撃したのは、漆黒のバイクを駆る都市伝説“首なしライダー”だった……。,https://res.cloudinary.com/hggksoylm/image/upload/v1598003728/Animation/dulalala_vuomal.png,で,でゅららら
0,電波女と青春男,シャフト,2011,宇宙人が見守ると噂される町で、叔母の家に住むことになった丹羽真。彼を待ち受けていたのは、布団で簀巻きになった電波女だった！ しかも、地球は狙われているだの、自分は宇宙人の血を引くだの、言動も電波そのもの。だが学校では天然癒し系なリュウシさんや、モデル体型のコスプレイヤー前川さんと出会って青春を満喫…してみたり。 宇宙への憧れにのせてお送りする、ちょっと不思議な物語。,https://res.cloudinary.com/hggksoylm/image/upload/v1598003734/Animation/denpaonnatoseisyunotoko_uzzab0.png,で,でんぱおんなとせいしゅんおとこ
0,デート・ア・ライブ,AIC PLUS+,2013,精霊――異世界より舞い降りし、謎に包まれた存在。かの存在は、空間震と呼ばれる凄惨な災害を伴って出現する。だが、精霊自身が持つ力は、そんな人知を超えた災害さえも比較にならない――。それまで、普通の高校生活を送っていた五河士道は、空間震の中心でひとりの美しい少女に出会う。望まぬ争いを強いられ、欲さぬ破壊を繰り返す彼女こそ、精霊と呼ばれる存在だった。彼女を苦しみから解放する方法。それは、武力をもって殲滅するか、もしくは――デートしてデレさせること！,https://res.cloudinary.com/hggksoylm/image/upload/v1598003738/Animation/datealive_zv0ak2.png,で,でーとあらいぶ
0,とある魔術の禁書目録,J.C.STAFF,2008,舞台は総人口230万人弱、東京西部の大部分を占める巨大な都市。その人口の約8割が学生ということから、『学園都市』と呼ばれていた。学園都市の生徒達は、超能力を発現させるための特殊なカリキュラムが組まれていて、その能力によって、『無能力』(レベル0)から『超能力』(レベル5)までの6段階で査定されていた。主人公・上条当麻(かみじょうとうま)は、学園都市の高校生だが、その評価は落第寸前の無能力(レベル0)。なぜなら彼の右手には、“異能の力ならなんでも打ち消す”『幻想殺し』(イマジンブレイカー)と呼ばれる能力が宿っていたからだ。そして彼はこの右手のおかげで、“神のご加護”まで打ち消してしまい、常に不幸な人生を送っていた。しかし、そんな日常に突如変化が訪れる。夏休みに入ったばかりの日、彼の部屋に、純白の修道服のシスターがいきなり空から降ってきた。不思議少女が空から登場という展開に｢ありえねぇ……｣と上条当麻はつぶやくが、その少女はこう言った。自分は“魔術”の世界から逃げてきた――と。そして彼女は自らを『禁書目録』(インデックス)と名乗る。ここは“超能力”が一般(あたりまえ)として認知された、“科学”の象徴である学園都市。どう考えても偽名な少女のオカルト発言に、上条はいぶかしむが――――次の瞬間。上条の前にインデックスを追ってきたという“魔術師”が現れた。異能を打ち消す右手を持つ少年の、少女を守る戦いが今始る……!,https://res.cloudinary.com/hggksoylm/image/upload/v1598075303/Animation/toarumajutunoindex_kx5jsk.png,と,とあるまじゅつのいんでっくす
0,とある科学の超電磁砲,J.C.STAFF,2009,総人口二三〇万人、東京都西部のほとんどを占める巨大な都市。その人口の約八割が学生ということから、｢学園都市｣と呼ばれるその都市では、超能力の開発が行われていた。特殊な授業(カリキュラム)を受け、能力を得た学生たちは、定期的な身体検査(システムスキャン)によって、｢無能力(レベル0)｣から｢超能力(レベル5)｣の6段階に評価されている。その頂点に立ち、最強と謳われるのが、七人の｢超能力者(レベル5)｣である。そのひとり、御坂美琴。『電撃使い(エレクトロマスター)』最上位の能力者にして『超電磁砲(レールガン)』の異名を持つ彼女は、名門お嬢さま学校・常盤台中学に通う14歳の女子中学生。後輩で｢風紀委員(ジャッジメント)｣の白井黒子たちと、学園都市的日常生活を送っていた――。この物語は、平和で平凡で、ちょっぴり変わった能力者の少女たちの日常を描くものである。,https://res.cloudinary.com/hggksoylm/image/upload/v1598075308/Animation/toarukagakunorailgun_t5qjgo.png,と,とあるかがくのれーるがん
0,とある科学の一方通行,J.C.STAFF,2019,東京西部に位置する巨大な『学園都市』。総人口230万人を数え、その約８割を学生が占めるこの都市では、超能力開発のための特殊なカリキュラムが実施され、学生たちの能力は『無能力レベル０』から『超能力レベル５』までの六段階で評価されていた。そんな学園都市で、能力者たちの頂点に君臨する最強の能力者・アクセラレータ。 ７人しかいない『超能力者』の中でも、飛び抜けた能力を誇る第一位は、その力ゆえに殺伐とした日常を送っていた。繰り返される常軌を逸した『実験』と、絶対的な力を求めた末に経験した敗北。その先に待っていた、とある少女――ラストオーダーとの出会いによって、運命が大きく変わることになる。最強にして最凶の『悪』 ――アクセラレータが、学園都市の『闇』をなぎ払う!!,https://res.cloudinary.com/hggksoylm/image/upload/v1598075313/Animation/toarukagakunoakuserareta_gnouwi.png,と,とあるかがくのあくせられーた
0,true tears,P.A.WORKS,2008,幼い頃のトラウマによって涙を流すことが出来なくなった少女・石動乃絵。彼女は高校生になった今も変わってはいなかった。そんなある日、高校で飼っていたニワトリが誰かに殺されてしまう。その時に知り合った同級生の仲上眞一郎と心を通わせる中で、乃絵は過去のトラウマから開放され、変わって行けるのだろうか…？,https://res.cloudinary.com/hggksoylm/image/upload/v1598075318/Animation/truetears_xdv4of.png,と,とぅるーてぃあーず
0,東京マグニチュード８．０,ボンズ × キネマシト,2009,夏休みに入ったばかりのお台場。中学1年生の未来は、弟の悠貴に付き合わされロボット展を見に来ていた。はしゃぐ弟を横目に、反抗期真っ盛りの未来は退屈そうにケータイをいじっている。「毎日毎日ヤなことばっかり…。いっそのこと、こんな世界、壊れちゃえばいいのに」そう思った瞬間、突然地面が激しく揺れた。東京を襲った、マグニチュード8.0の海溝型大地震。連絡橋は崩れ落ち、東京タワーは倒壊―。一瞬にしてすべてが変わった東京。未来は悠貴の手をひき、お台場で出会ったバイク便ライダー・真理の力を借りながら世田谷にある自宅へ向かう。果たして3人は無事に家に帰ることができるのか―。,https://res.cloudinary.com/hggksoylm/image/upload/v1598075323/Animation/tokyomagnitude_konyqn.png,と,とうきょうまぐにちゅーどはちてんぜろ
0,東京レイヴンズ,エイトビット,2013,『ぼく、シキガミになる。ずっと一緒にいて、ずっと護ってあげる』それは遠い昔の約束。彼がまだ“将来”の意味を知る前の――。霊的災害＜霊災＞が多発し、陰陽師たちが活躍する現代。土御門春虎はトコトン運の悪い少年だった。陰陽師の名門に生まれながら才能はからっきし。この16年の人生で、死にかけた回数12回。そしてある夏の日、極めつきの受難が、彼の前に訪れる。「久しぶりです――春虎君」土御門家次代当主である幼なじみの少女、夏目。彼女との再会が、春虎をかつて見た“将来”へ――波乱に充ちた“未来”へと導き始める！闇に舞う鴉(レイヴンズ)たちの、時を超える陰×陽ファンタジー！！,https://res.cloudinary.com/hggksoylm/image/upload/v1598075330/Animation/tokyoravens_ld3dk7.png,と,とうきょうれいぶんず
0,刀剣乱舞-花丸-,動画工房,2016,時は西暦二二〇五年。歴史改変を目論む“歴史修正主義者”による、過去への攻撃がはじまった。歴史を守る使命を与えられた“審神者(さにわ)”によって励起された最強の付喪神“刀剣男士”。これは、そんな彼らが“とある本丸”を舞台に、ひたむきに、そしてほがらかに生きる“花丸”な日々の物語――,https://res.cloudinary.com/hggksoylm/image/upload/v1598075336/Animation/toukenranbu_gcgony.png,と,とうけんらんぶ
0,図書館戦争,プロダクション I.G,2008,2019年(正化31年)。公序良俗を乱し人権を侵害する表現を取り締まる『メディア良化法』の成立から30年が経ち、メディア良化委員会と図書隊が抗争を繰り広げる日本。念願の“図書隊員”として採用された笠原 郁は、両親に、図書隊の中でも危険の伴う防衛員志望だとは言い出せないまま、軍事訓練に励む毎日を送っていた。郁は高校時代、書店でメディア良化隊員に本を奪われそうになったところを、一人の図書隊員に救われたことがある。その｢正義の味方ぶり｣に憧れ、顔も憶えていない図書隊員を王子様と慕い、自分も図書隊に入隊して本を守ることを決意したのだ。やがて、卓越した運動能力と情熱が買われ、郁は、エリートによる精鋭部隊である“ライブラリー・タスクフォース(図書特殊部隊)”に配属されるのだが……。,https://res.cloudinary.com/hggksoylm/image/upload/v1598075342/Animation/librarywar_dbar5w.png,と,としょかんせんそう
0,となりの怪物くん,ブレインズ・ベース,2012,勉強にしか興味がなかった水谷雫は、入学初日の流血事件以来、一度も学校に来ない吉田春にたまたまプリントを届けたことで、勝手に懐かれてしまって…！？不器用な少年少女が織りなす恋愛＆友情の物語　誰かと向き合うこと、それは、自分自身と正直に向き合うこと―,https://res.cloudinary.com/hggksoylm/image/upload/v1598075347/Animation/tonarinokaibutukun_tplq7f.png,と,となりのかいぶつくん
0,となりの吸血鬼さん,Studio五組、AXsiZ,2018,天野灯はひょんなことからソフィー・トワイライトという吸血鬼の女の子に助けられ、一目でソフィーを気に入ってしまう。灯は彼女の家に押し掛け、強引に同居を始めることになる。ソフィーは吸血鬼だが、人間を襲うようなことはなく、通販で血液や趣味のアニメグッズを購入している現代的で庶民的な生活をしていた。,https://res.cloudinary.com/hggksoylm/image/upload/v1598075353/Animation/tonarinokyuketukisan_jfr1tf.png,と,となりのきゅうけつきさん
0,トム・ソーヤーの冒険,日本アニメーション,1980,トムはいたずら好きの腕白少年。親友のハックと一緒に、森で野豚を捕まえたり、ミシシッピー川で海賊ごっこをしたり、気球に乗ったりと、ワクワクするような冒険を楽しみます。ある日トムとハックはインジャン・ジョーが人を殺すのを目撃します。インジャンが恐ろしい二人は、そのことを誰にも話さないでおこうと思っていましたが、それでも勇気を出して裁判所で真実を話そうと決心します…。,https://res.cloudinary.com/hggksoylm/image/upload/v1598075358/Animation/tomsoyanobouken_wajzss.png,と,とむそーやのぼうけん
0,トライナイツ,GONZO,2019,未来がみえないまま高校に入学した遥馬理久 (はるまりく) は、グラウンドでふと目に入った、野生の獣のような動きに目を奪われる。誰よりも高く跳び、早く駆け、トライを決める。狩矢光 (かりやあきら) がプレーするのは、かつて理久が諦めたラグビーだった。粗削りな走りに、思わずアドバイスをする理久。その言葉で理久の中にあるラグビーへの熱を感じ取った光。頭脳＜タクティクス＞と肉体＜フィジカル＞、2人の出会いによって、理久の未来を新たな光が照らし始める…,https://res.cloudinary.com/hggksoylm/image/upload/v1598075364/Animation/tryknigts_i0qk0r.png,と,とらいないつ
0,とらドラ!,J.C.STAFF,2008,生まれつきの鋭い目つきが災いして、まわりには不良だと勘違いされている不憫な高校2年生・高須竜児は、高校2年に進級した春、新しいクラスで1人の少女に出会う。彼女は、超ミニマムサイズな身長の美少女でありながら、ワガママで短気・暴れ始めたら誰にも手が付けられない通称“手乗りタイガー”と呼ばれる逢坂大河であった。そして放課後、竜児は誰もいない教室に1人残っていた“手乗りタイガー”のある一面を知ってしまう・・・。竜虎相打つ恋の共同戦線、超弩級のハイテンション学園ラブコメディーここに始まる!,https://res.cloudinary.com/hggksoylm/image/upload/v1598075371/Animation/toradora_jqzeik.png,と,とらどら
0,To LOVEる-とらぶる-ダークネス,XEBEC,2012,今回のメインはモモとヤミ。モモが企む、ちょっとHな“楽園(ハーレム)計画”とは・・・？おなじみのヒロインたちももちろん登場、シリアス要素からサービスシーンまで、更にパワーアップ！,https://res.cloudinary.com/hggksoylm/image/upload/v1598075377/Animation/toloverudarkness_jnfrx3.png,と,とらぶるだーくねす
0,トリコ,東映アニメーション,2011,舌の上でとろける霜降り肉で全身ができた獣、ぷりっぷりのタラバ蟹やオマール海老の身がなる樹、香り芳醇なブランデーが絶え間なく湧き出る泉…未開の美味溢れるこの時代を、人は「グルメ時代」と呼んだ！ 貴重な食材が国際経済すら揺がすこの時代、未知の食材を探し、調達するプロフェッショナル達がいた。それが、「美食屋」！　あらゆる食材の知識と、未踏の地に潜む危険を乗り越える強さを兼ね備えた食の探求者たち…中でもカリスマと呼ばれる腕利きの美食屋がトリコだ！ ホテルグルメの料理人、小松から猛獣・ガララワニ調達の依頼を受けた事を皮切りに、２人は入手困難な食材を目指す旅に出る！　トリコは自らの夢である幻の食材・ＧＯＤを発見して、「人生のフルコースメニュー」を完成できるのか!? 美食を求める大冒険が、今、幕を開ける！,https://res.cloudinary.com/hggksoylm/image/upload/v1598075385/Animation/toriko_gyzknn.png,と,とりこ
0,トリニティセブン,セブン・アークス・ピクチャーズ,2014,「傲慢(ごうまん)」「嫉妬(しっと)」「憤怒(ふんど)」「怠惰(たいだ)」「強欲(ごうよく)」「暴食(ぼうしょく)」「色欲(しきよく)」それは、王立ビブリア学園に君臨する、7人の少女にかせられた罪(テーマ)。世界を取り戻すため、少年はこの罪(テーマ)を支配することを決断した?-その少年、春日アラタの知る日常は、「崩壊現象」と呼ばれる不可思議な事件によって、従姉妹の聖ごと異空間に消えてしまった。崩壊現象を解明し、聖を取り戻すため、王立ビブリア学園に入学したアラタ。そこに待っていたのは、テーマにより魔道を操る７人の少女たちだった。,https://res.cloudinary.com/hggksoylm/image/upload/v1598075390/Animation/trinityseven_zhizdv.png,と,とりにてぃせぶん
0,東京喰種トーキョーグール,studioぴえろ,2014,人を喰らう怪人“喰種（グール）”がのさばる東京。日常に隠れて生きる、正体が謎に包まれた“喰種”の脅威に、人々は恐れを感じ始めていた。読書好きの平凡な大学生・金木研（カネキ　ケン）は、通いつめる喫茶店「あんていく」にて、自分の好きな作家・高槻泉（タカツキ　セン）の小説を愛読する神代利世（カミシロ　リゼ）と出会う。それが自らの運命を大きく変えることになるとは知らずに…。人間の命を奪い、喰い、生き永らえる怪人の存在に疑問と葛藤を抱きつつ、あるべき世界のあり方を模索する青年の未来は――？,https://res.cloudinary.com/hggksoylm/image/upload/v1598075396/Animation/tokyoghoul_ylfmil.png,と,とうきょうぐーる
0,東京喰種トーキョーグール√A,studioぴえろ,2015,――これは「絶望」に囚われた、青年の物語――人間の死肉を喰らう怪人“喰種”が潜む街――東京。大学生のカネキは、ある事故がきっかけで“喰種”の内臓を移植され、半“喰種”となる。人を喰らわば生きていけない、だが喰べたくはない。人間と“喰種”の狭間で、もがき苦しむカネキ。どちらの世界にも「居場所」が無い、そんな彼を受け入れたのは“喰種”芳村が経営する喫茶店「あんていく」だった。そしてカネキは自らが“喰種”と人間、ふたつの世界に「居場所」を持てる唯一人の存在であると知る。互いが歪めた世界を正すため、カネキは“喰種”と人間の想いが交錯する迷宮へと立ち入るが…。――僕は“喰種”だ――全てを守れる「強さ」を欲したカネキが取った究極の選択は、自らの人間的な部分を葬り“喰種”として生きることだった。走り出してしまった決意。暴走する優しさ。「強さ」の果てに、カネキが見たものとは…？原作者・石田スイが紡ぎ出す、もうひとつの「東京喰種」が幕を開ける。,https://res.cloudinary.com/hggksoylm/image/upload/v1598075402/Animation/tokyoghoula_ze3d4s.png,と,とうきょうぐーるるーとえー
0,東京喰種トーキョーグール：re,studioぴえろ,2018,群衆に紛れ、ヒトの肉を喰らう。ヒトの形をしながら、ヒトとは異なる存在…“喰種（グール）”。“喰種”を駆逐・研究する〔ＣＣＧ〕は、あるひとつの命題を果たすため、実験体集団を新設する。──その名は「クインクス(Qs)」。「まともな人間」ではない彼らと、佐々木琲世一等捜査官が“ 東京（このまち）” で向き合うものとは──！？「東京喰種√Ａ」の２年後を描く新章「東京喰種：re」いよいよ始動。,https://res.cloudinary.com/hggksoylm/image/upload/v1598075408/Animation/tokyoghoulre_sno4tf.png,と,とうきょうぐーるり
0,同居人はひざ、時々、頭のうえ。,ゼロジー,2018,不器用な青年と、一匹の猫がおくる大人気漫画がついにアニメ化決定！発売後、たちまち重版が決定し、現在もCOMICポラリスにて好評連載中の「同居人はひざ、時々、頭のうえ。」が待望のTVアニメ化！他人が苦手で、人見知りの小説家・朏 素晴（みかづき すばる）と人に捨てられ、過酷なノラ生活を生き抜いてきた猫。ふとしたきっかけで一人と一匹はいっしょに暮らし始めるが･･･？日々の暮らしをひと目線とねこ目線で描き、それぞれの想いが交互に織りなされるストーリーが “ 心があたたまる”と話題に。些細な時間を積み重ねて、僕らは「家族」になっていく――ふたりでみつける幸せ一緒ぐらし。,https://res.cloudinary.com/hggksoylm/image/upload/v1598075414/Animation/tokyoninhahizanoue_kzeqkb.png,ど,どうきょうはひざときどきあたまのうえ
0,ど根性ガエル,東京ムービー,1972,下町中学2年のひろしは、悪友ゴリライモとのケンカの最中、つまずいてカエルをシャツに貼りつかせてしまった。この世で一匹、平面ガエルピョン吉の誕生である。ひろしを女でひとつで育てた、かあちゃん、おてんば娘の京子ちゃん、古風な相棒五郎、江戸っ子気質の寿司屋の職人梅三朗、教師生活25年の町田先生、果ては悪ガキ新八に恋愛仕掛人くに子ちゃんも加わって、ひろしとピョン吉の住む下町は、騒動があとを絶たない。,https://res.cloudinary.com/hggksoylm/image/upload/v1598075420/Animation/dokonjogaeru_tgtq62.png,ど,どこんじょうがえる
0,ドラゴンボール,東映アニメーション,1986,山奥で一人で暮らしていた少年・孫悟空の前に、ブルマという女の子が現れた。ブルマは七つ揃えればどんな願いでも叶うというドラゴンボールを探して、世界中を旅していたのだ。今は亡きじいちゃんの遺した不思議な宝珠、それこそがドラゴンボールだったことから、二人の冒険の旅が始まった！　武天老師こと亀仙人、牛魔王と娘のチチ、変身が得意なウーロン、砂漠の盗賊ヤムチャとウーロン…様々な出会いと冒険を繰り返しながら、悟空はドラゴンボールを集めてゆく。ドラゴンボールの力を使って世界征服を企むピラフ一味の野望も、ウーロンの機転（？）によって阻止された。石になって再び世界中に散らばっていったドラゴンボールが、力を取り戻すのは一年後。悟空は今よりもっと強くなるため、小坊主のクリリンと共に、亀仙人のもとで修行に励むことになる。,https://res.cloudinary.com/hggksoylm/image/upload/v1598075426/Animation/dragonball_wbtbyy.png,ど,どらごんぼーる
0,ドラゴンボールＺ,東映アニメーション,1989,天下一武道会の壮絶な闘いから５年。大人になった孫悟空は、結婚したチチとの間に息子の悟飯をもうけ、平穏な日々を過ごしていた。だが、ある日突然、宇宙からやって来た謎の男によって、平和はもろくも崩れ去ってしまう。ラディッツと名乗る彼は、強靱な尻尾を持ち、悟空やクリリンさえも一撃で吹き飛ばしてしまうほどのパワーを持っていた。このラディッツこそ、惑星ベジータを出身地にもつ戦闘民族サイヤ人にして、星が滅亡した際に生き残った、孫悟空の実の兄だった！　ラディッツは力なき悟飯を人質に取り、自分たちの仲間に加わるよう悟空に迫る。サイヤ人の狙いは地球人を絶滅させ、星を我がものにすること。邪悪な野望に手を貸すことなど出来るはずがない。悟空は宿命のライバル・ピッコロとコンビを組み、ラディッツとの闘いに挑む！,https://res.cloudinary.com/hggksoylm/image/upload/v1598075432/Animation/dragonballz_kpajqb.png,ど,どらごんぼーるぜっと
0,ドラゴンボール超,東映アニメーション,2015,"ドラゴンボールの力によって""魔人ブウ”の記憶が人々から消え去り、さらに月日が流れた地球。悟空は、チチの言いつけで働くことになって農業をしつつもさぼりながら修業の毎日。そして結婚したての悟飯とビーデルは幸せな日々を過ごしていた。一方、宇宙の彼方では39年ぶりに目覚めた破壊神ビルスが、予知夢で見た自分のライバルになり得るであろう何者かの名前を思い出すべく奮闘していた。果たしてその者の名前は！？",https://res.cloudinary.com/hggksoylm/image/upload/v1598075439/Animation/dragonballsuper_tc7tfb.png,ど,どらごんぼーるすーぱー
0,曇天に笑う,動画工房,2014,時は明治十一年。急速な欧米化に伴い、政府に不満を持つ人々が増え、監獄は囚人で埋まり、脱獄も後を絶たなかった。そこで政府は、滋賀県琵琶湖に重犯罪者専用の檻、日本最大・脱出不可能な湖の監獄、獄門処を設ける。その監獄への橋渡し人を請け負う曇家の三兄弟が織り成す大冒険活劇の幕が上がる……！,https://res.cloudinary.com/hggksoylm/image/upload/v1598075444/Animation/dontenniwarau_scom7j.png,ど,どんてんにわらう
