0,痛いのは嫌なので防御力に極振りしたいと思います。,SILVER LINK,2020,人気のVRMMO「NewWorld Online」に超大型新人現る?あらゆる攻撃を無効化し、致死毒スキルでモンスターもプレイヤーも徹底蹂躙！異常な戦いぶりから「歩く要塞」とも「ラスボス」とも呼ばれるそのプレイヤーの正体は、ただの美少女初心者だった！何を隠そうこのメイプルは、友人のサリーに勧められてゲームをスタートさせたばかり。ゲーム知識に乏しく、ステータスポイントをVIT（防御力）に極振りしてしまい、最初はザコモンスターにすら翻弄される始末だったが……。痛っ......くない!?モンスターにどつき回されてもダメージゼロ、さらには運良く一撃必殺のカウンタースキルまで手に入れてしまう！ひと癖もふた癖もある仲間たちも加わり、ますます成長していくメイプル。ノーダメージな大冒険が幕を開ける！,itaino.jpg,い
0,Re:ゼロから始める異世界生活,WHITE FOX,2020,コンビニからの帰り道、突如として異世界へと召喚されてしまった少年、菜月昴。目の前に広がるファンタジーな異世界に目を輝かせるスバルだったが、自分を召喚したであろう美少女の姿はどこにも見当たらない。やがて右も左もわからない状況にスバルは頭をかかえてしまう。さらに強制イベントと言わんばかりにチンピラに絡まれ、異世界に招かれた人間が超常の力を発揮するといったお約束の展開もなく、容赦なく叩きのめされるスバル。そんなスバルの前に一人の少女が現れ……。,rezero.jpg,り
0,とある科学の超電磁砲T,J.C.STAFF,2020,"総人口230万人を数える、東京西部に広がる巨大な都市。 その人口の約八割を学生が占めることから、「学園都市」と呼ばれているその都市では、世界の法則を捻じ曲げて超常現象を起こす力――超能力の開発が行われていた。特殊な授業カリキュラムを受け、能力を得た学生たちは、定期的な『身体検査（システムスキャン）』によって、『無能力（レベル0）』から『超能力（レベル5）』の6段階に評価されている。その頂点に立ち、最強と謳われるのが、7人の『超能力者』たちである。そのひとり、御坂美琴。電気を自在に操る『電撃使い（エレクトロマスター）』最上位の能力者にして、『超電磁砲（レールガン）』の異名を持つ彼女は、名門お嬢さま学校・常盤台中学に通う14歳の女子中学生。後輩で『風紀委員（ジャッジメント）』の白井黒子。その同僚でお嬢様に憧れる初春飾利と、都市伝説好きな彼女の友人、佐天涙子。そんな仲間たちとの、平和で平凡で、ちょっぴり変わった学園都市的日常生活に、年に一度の一大イベントが迫っていた。
『大覇星祭』。 7日間にわたって開催され、能力者たちが学校単位で激戦を繰り広げる巨大な体育祭。期間中は学園都市の一部が一般に開放され、全世界に向けてその様子が中継されるにぎやかなイベントを前に、誰もが気分を高揚させていた。その華やかな舞台の裏側で蠢くものには、まったく気づくこともなく――。",toarut.jpg,と
0,虚構推理,ブレインズ・ベース,2019,怪異”たちの知恵の神となり、日々“怪異”たちから寄せられるトラブルを解決している少女・岩永琴子が一目惚れした相手・桜川九郎は、“怪異”にさえ恐れられる男だった！？そんな普通ではない２人が、“怪異”たちの引き起こすミステリアスな事件に立ち向かう［恋愛×伝奇×ミステリ］！！２人に振りかかる奇想天外な事件と、その恋の行方は――！？,kyokousuiri.jpg,き
0,ハイキュー!! TO THE TOP,Production I.G,2020,春の高校バレー宮城県予選、激闘を制し悲願の全国大会出場を決めた烏野高校排球部。全国大会を控えた彼らのもとに、影山の全日本ユース強化合宿招集の報せが舞い込んだ。さらに月島にも宮城県1年生選抜強化合宿への招集がかかる。同じ1年生との差に焦る日向は、宮城県1年生選抜強化合宿に押しかけるも……！？全国大会本番に向け、日向、影山、そして烏野高校排球部の更なる挑戦が始まる――！！,haikyu_top.jpg,は
0,ダーウィンズゲーム,Nexus,2020,平凡な高校生である須藤 要のもとに見知らぬアプリ「ダーウィンズゲーム」の招待メールが届く。アプリを起動させてしまったカナメは、プレイヤー同士が異能(シギル)を駆使して戦うゲームに巻き込まれてしまう。わけもわからぬまま、襲い来る強力なプレイヤーとのバトルを切り抜け、カナメは生き残ることが出来るのか!?,darwins.jpg,だ
0,プランダラ,GEEKTOYS,2020,「廃棄戦争」と呼ばれた未曾有の大戦後の世界、アルシア。そこは、強者が弱者から自らの存在を示す「数字(カウント)」を奪い取る、弱肉強食の世界。そんな世界で、2人は出逢う。仮面で素性を隠しながらも、エッチなことが大好きで、弱き者たちのために太刀を振るう青年・リヒトー。母の遺言を頼りに「伝説の撃墜王」を探して旅をする、健気でひたむきな少女・陽菜。2人の出逢いをきっかけに、「数字(カウント)」がすべてを支配する世界の謎が、少しずつ明らかになっていく---「そらのおとしもの」の水無月すうがおくる、渾身のヒロイックアクションファンタジー開幕！,purandara.jpg,ぷ
0,マギアレコード 魔法少女まどか☆マギカ外伝,シャフト,2020,願いの成就とひきかえに、人知れず戦い続ける魔法少女たち。しかし環いろはは、自分の願いを忘れてしまっていた。『魔法少女になった時、私は何を願ったんだっけ？』日常の中にぽっかりと空いた穴。失われてしまった大切ななにか。理由もわからないまま、戦いつづける毎日……。そんなとき、魔法少女たちの間で噂が流れはじめる。『神浜に行けば、魔法少女は救われる』魔法少女とウワサの集まる街、神浜市。失われた願いを求める、環いろはの物語がはじまる――。,magiarecord.jpg,ま
0,へやキャン△,C-Station,2019,野クル、旅に出る！野外活動サークル、略して野クル。部員はたったの３人。山梨県の片隅に校舎を構える本栖高校、さらにその隅にある部室棟の、「うなぎのねどこ」みたいな一角を部室として使用するゆるーいアウトドアサークル。今日も今日とて各務原なでしこが狭い部室で暇を潰していたところ、大垣千明と犬山あおいが突然「今から旅に出るぞ！」と告げる。おろおろするなでしこを連れ回し、野クルメンバーたちが山梨中を東奔西走。各地の名物を味わい尽くして繰り広げる女子高生の珍道中、旅のゴールはどこだ！？,heyakyan.jpg,へ
0,＜Infinite Dendrogram＞-インフィニット・デンドログラム-,NAZ,2019,2043年7月15日、各々のプレイヤーによって千差万別、否、“無限”のパターンの進化を辿る独自のシステム<エンブリオ>を有するダイブ型VRMMO<Infinite Dendrogram>が発売された。それまでのVRMMOが実現できず、技術的に不可能とされてきた要素を備えていた<Infinite Dendrogram>は瞬く間に一大ムーブメントとなって世界を席巻した。大学受験を終えて東京で1人暮らしを始めた青年・椋鳥玲二は、長い受験勉強の終了を記念して、かねてより兄に誘われていた<Infinite Dendrogram>を始めるのだった──。,infinitedendrogram.jpg,い
0,地縛少年花子くん,Lerche,2020,ねえ、知ってる？　この学園にある七不思議の話……かもめ学園に伝わる一番有名な七不思議の噂。旧校舎3階女子トイレ3番目には花子さんがいて、呼び出した人の願いをなんでも叶えてくれるんだって。呼び出し方は簡単、ノックを3回。それから―――「花子さん、花子さん、いらっしゃいますか？」「はーあーい……」自分の願いをかなえてもらうため、花子さんを呼び出したオカルト少女の八尋寧々。しかし、彼女の前に現れたのは男の子の幽霊、”花子くん”だった。おばけなのにドSでちょっとエッチな花子くんに振りまわされて様々な怪談に巻き込まれていく寧々。果たして寧々は無事に学園生活をおくれるのか誰も見たことのないハートフル便所コメディが今、始まる,zigoku.jpg,じ
0,異世界かるてっと２,スタジオぷYUKAI,2020,ある日突如として現れた謎のボタンを押したら、さらなる異世界に転移してしまった！！転移先は…まさかの「学校」！？新たな転校生が加わり、更に賑やかさを増す学園生活の行方は…！？,isekaikaru2.jpg,い
0,ソマリと森の神様,サテライト,2020,地上は異形たちが支配する世界。人間は迫害され、絶滅の危機に瀕していた。そんなある日、森の番人である「ゴーレム」とひとりの人間の少女が出会う。滅びゆく種族「人間」と森の番人ゴーレムの父娘の絆を綴った旅の記録。,somaritomorinokamisama.jpg,そ
0,ランウェイで笑って,Ezo'la,2020,身長158cmの藤戸千雪の夢は、パリコレモデル。モデルとして致命的な低身長を理由に、周囲は「諦めろ」と言うが、それでも折れない。そんなとき、家族を養うためにファッションデザイナーの夢を諦めようとする都村育人に出会う。――これは一途に夢を追って走り続ける、2人の物語。,ranway.jpg,ら
0,恋する小惑星（アステロイド）,動画工房,2020,幼いころ、キャンプ場で出会った男の子と“小惑星を見つける”という約束をした木ノ幡みら。高校では天文部へ入部しようとしたが、今年から「天文部」と「地質研究会」が合併して「地学部」になっていた……！？地学系女子（ジオジョ）たちと一緒に、いろんなキラキラを探しに行きませんか？,koisuru.jpg,こ
0,宝石商リチャード氏の謎鑑定,朱夏,2020,正義感の強い大学生・中田正義はある夜、酔っ払いに絡まれていた美貌の外国人・リチャードを助ける。彼が宝石商であることを知り、祖母が死ぬまで隠し持っていたいわくつきの指輪の鑑別を依頼した正義。リチャードの鑑別により明らかになったのは彼女の過去、真実、そして想いだった。それをきっかけに、正義はリチャードが店主を務める銀座の宝石店「ジュエリー・エトランジェ」でアルバイトとして働くことになる。エトランジェに日々持ち込まれる様々な“謎”を紐解く中で、少しずつ変化していくリチャードと正義の関係性。しかし２人には、それぞれ誰にも明かすことのない秘密があった―。～美しき宝石商と正義感溢れる大学生が紡ぐジュエル・ミステリー、開幕～,housekisyou.jpg,ほ
0,魔術士オーフェンはぐれ旅,スタジオディーン,2020,大陸最高峰の魔術士養成機関《牙の塔》で暮らしていたキリランシェロは、大陸最強の魔術士・チャイルドマンの下で、彼の持つ戦闘技術と暗殺術のすべてを受け継ぎサクセサー・オブ・レザー・エッジ《鋼の後継》と称されるエリート魔術士だった。ある実験により異形の姿となって失踪した義姉・アザリーを探すため《牙の塔》を出奔したキリランシェロは過去を捨ててオーフェンと名乗り、トトカンタ市でモグリの金貸業に身をやつしていた。そこで出会ったおしかけお嬢様クリーオウ、弟子の少年マジクという新たな仲間と共にアザリーを救う旅が始まる。いっぽうアザリー討伐に向かうかつての師チャイルドマンやハーティア、コミクロン、学友たちと運命的な再会を果たすも思いは交錯し、再び袂を分かつことになる。旅はフェンリルの森を抜け、タフレムへ。そう、かつてオーフェンが修行を積んだ《牙の塔》が存在する街へとたどり着く。そこでオーフェン達を待ち受けていたのは、想像を絶する巨大な敵だった。,majutusi.jpg,ま
0,ID:INVADED イド：インヴェイデッド,NAZ,2020,殺意を感知するシステム「ミヅハノメ」を用いて、犯罪事件を捜査する組織、通称「蔵」。そして、「ミヅハノメ」のパイロットとして犯人の深層心理「殺意の世界（イド）」に入り、事件を推理する名探偵・酒井戸。頻発する凶悪かつ謎多き事件と、そこに見え隠れする連続殺人鬼メイカー「ジョンウォーカー」の影を追っていく。,idinvaded.jpg,い
0,A3!,P.A.WORKS×Studio 3Hz,2020,東京郊外の街・天鵞絨（ビロード）町には『ビロードウェイ』と呼ばれる通りがあり、多くの劇団が拠点にし、劇団員の聖地となっている。そんな街に、一通の手紙を頼りにMANKAIカンパニーを訪れた立花いづみはその劇団は父親が立ち上げたものだと知る。しかし父は不在、くわえてお客はゼロ、借金もあり、劇団員は1名という事実を知る。いづみはそんな劇団を立て直すため、主宰兼『総監督』となり立て直すため奔走することになる。はたして、MANKAIカンパニーの運命はーーー,a3.jpg,え
0,ぼくのとなりに暗黒破壊神がいます。,EMTスクエアード,2020,超ツッコミ気質の高校生・小雪芹は、そんな自分の気質のため、ツッコミ待ちな人間が大嫌い！！そんな彼が目をつけられたのは、外見も言動も空気も存在そのものも、全てがツッコミ待ち要素でできている最強中二高校生・花鳥兜。そんな彼には絶対に突っ込まないと誓う「芹」であったが、やはり突っ込んでしまう。そして彼の周りには、ちょっと変わった面々がどんどんと・・・。笑って笑って時々可愛い。男子高校生コメディが今始まる。,bokunotonarini.jpg,ぼ
0,おーばーふろぉ,studio H?KIBOSHI,2020,「お兄ちゃん、ほんとに一緒にお風呂入るの…？」ひょんなことから始まった禁断の入浴体験！仲良し姉妹と幼馴染のお兄ちゃん、男女3人バスタブに肩まで浸かったら思わず溢れ出したのは…姉妹の秘めたる恋心!?オーバーだなんて言わせない、等身大の青春ラブコメディー！,overflow.jpg,お
0,ネコぱら,FelixFilm,2020,水無月嘉祥は伝統ある老舗和菓子屋である実家を出て、パティシエとして自身のケーキ屋『ラ・ソレイユ』の開店準備を進めていた。そこに送られてきた荷物の中に、実家で飼っていた人型ネコのショコラとバニラが紛れ込んでいた。追い返そうとするも二匹の必死の嘆願に嘉祥が折れ、いっしょにソレイユをオープンする。妹の時雨やショコラとバニラのお姉さんネコであるアズキ、メイプル、シナモン、ココナツといった実家ネコたちもお店に手伝いにきてくれ、楽しくもにぎやかな生活を送っていた。ある日、ショコラはおつかいの途中で見知らぬ仔ネコに出会う…。どこか気になる仔ネコとの出会いから始まるハートフルネコストーリーがここに開幕！,nekopara.jpg,ね
0,7月22日,A-1 Pictures,2020,滝川みうに突然届いた1通の手紙。新プロジェクトのメンバーとして選ばれたという。半信半疑で手紙に書かれた場所へ行くと、そこには同様に集められた7人の少女たちが。彼女たちが目にした巨大な極秘施設。途方に暮れる中、こう告げられる。『あなた方にはアイドルユニットとしてメジャーデビューしていただきます』未だかつてない新しいアイドルが、ここに誕生する――,722.jpg,な
0,群れなせ！シートン学園,Studio五組,2019,ここは様々な動物が共に生活する、動物たちの学園。その名も「私立シートン学園」生徒たちが弱肉強食の精神を育むための神聖なる檻。各々の生存を懸け、絶えず異なる種族間での争いが日々巻き起こる。動物嫌いの”人間”間様 人(マザマ ジン)と独りぼっちの”オオカミ少女”大狼ランカ（オオカミ ランカ）1人と1匹の運命的な出会いによって、ハチャメチャ学園ライフが始まる―！姿形は違っても、ペロペロすれば群れなせる！「ペロペロしたら仲間！私の群れへようこそ！！」,murenase.jpg,む
0,BanG Dream! 3rd Season,サンジゲン,2019,ポピパ主催ライブから4ヶ月。楽しい夏休みを経て、季節は秋。蔵練、バイト、生徒会――いつもの日々を過ごす香澄たちPoppin'Partyは、ライブハウスGalaxy で、あるポスターを見つける。一方、運命のバンドメンバーを探す六花の元に、一通の招待状が届いて……再びはじまるキラキラドキドキなステージ！みんなと一緒なら、どんな夢だって撃ち抜ける！,bangdream3.jpg,ば
0,アイドルマスター,A-1 Pictures,2011,人気ゲーム「アイドルマスター」が待望のTVアニメ化。都内某所にある芸能事務所『765プロダクション』。その『765プロダクション』に所属する、天海春香をはじめとした個性豊かな13人の女の子たち。それぞれの夢に向かって頑張る彼女たちの活躍と成長を描いた物語。夢は大きく、めざせトップアイドル!!,idlemaster.jpg,あ
0,アイドルマスター シンデレラガールズ,A-1 Pictures,2015,歴史ある芸能プロダクション「３４６プロダクション」には数多くのアイドルが在籍している。そこで新たにスタートする「シンデレラ プロジェクト」！普通の毎日を送っていた女の子。アイドルの卵に選ばれた彼女達が、初めて見る世界で紡ぐシンデレラストーリー。みんなと一緒にお城へと続く階段を登っていく事が出来るのか。今、魔法がかかり始める――,idlemaster_sinderera.jpg,あ
0,青の祓魔師,A-1 Pictures,2011,人間の住む「物質界（アッシャー）」と、悪魔の住む「虚無界（ゲヘナ）」。本来は干渉することすらできない二つの次元だが、悪魔はあらゆる物質に憑依し、物質界に干渉していた。しかし人間の中には、そんな悪魔を祓う―祓魔師（エクソシスト）が存在した。,aono.jpg,あ
0,青の祓魔師　京都不浄王篇,A-1 Pictures,2017,人間の住む「物質界(アッシャー) と悪魔が住む「虚無界(ゲヘナ)」。本来は干渉することすらない二つの次元だが、悪魔はあらゆる物質に憑依し、物質界に干渉していた。しかし人間の中には、そんな悪魔を祓う『祓魔師』が存在した―。魔神（サタン）の落胤として生まれた奥村燐は、己の出自を隠し祓魔師になることを決意。正十字学園内部に存在する祓魔師養成機関・祓魔塾に通っていたが、地の王・アマイモン襲撃の際、魔神の落胤であることが露見してしまう。魔神の「青い炎」を恐れ、燐と距離を置く仲間たち……。そんな最中、学園最深部に封印されていた「不浄王の左目」が何者かに盗まれてしまい、燐たちは予期せぬ事態に巻き込まれていく―。,aono2.jpg,あ
0,蒼の彼方のフォーリズム,GONZO,2016,反重力を発生させるシューズ、通称“グラシュ”の発明により、人が簡単に空を飛ぶことが出来るようになった世界。久奈浜学院に転校してきた倉科明日香は、同級生の鳶沢みさき、日向晶也達との出会いを通じて、グラシュを使った新興スカイスポーツ『フライングサーカス』(通称FC)を知り、その魅力に惹かれていく。学院のFC部に入部した明日香は、仲間達と共に、時にはぶつかり、励まし合い、それぞれの目標に向かいながら、強力なライバル達に立ち向かっていく――。――目指すは、夏の大会。,aonokanata.jpg,あ
0,青春×機関銃,ブレインズ・ベース,2015,とある事件から、なかば無理やりサバゲーをやることになった高校生・立花蛍。ホスト・松岡正宗とエロマンガ家・雪村透といった個性豊かな仲間に囲まれ、仕方なくプレイしつつも徐々にその遊びにハマっていき……,aoharu.jpg,あ
0,赤髪の白雪姫,ボンズ,2015,林檎のような赤髪の娘、白雪。その珍しさを気に入ったラジ王子の愛妾にされかかり、生まれ育った国を出ることに。隣国の森に辿り着き、そこで出会い、力を貸してくれたのはクラリネス王国の第二王子・ゼン。これは出会った二人が互いの手をとり、様々な人との出会いの中で足音を重ね、道を行く物語――。,akagami.jpg,あ
0,赤髪の白雪姫 2ndシーズン,ボンズ,2016,林檎のような赤髪の娘、白雪。その珍しさを気に入ったラジ王子の愛妾にされかかり、生まれ育った国を出ることに。隣国の森に辿り着き、そこで出会い、力を貸してくれたのはクラリネス王国の第二王子・ゼン。これは出会った二人が互いの手をとり、様々な人との出会いの中で足音を重ね、道を行く物語――。,akagami2.jpg,あ
0,赤毛のアン,日本アニメーション,1979,19世紀も終わりに近付いたカナダのプリンスエドワード島でのこと。空想好きの女の子アンは、手違いから男の子を希望していたグリーンゲイブルズのカスバート家にやって来ます。最初は孤児院へ戻そうと思っていたマリラも、アンの身の上話を聞いて引き取ることに決めます。マシュウ、マリラとの生活、心の友ダイアナとの学校生活は楽しい失敗の連続です。そしてマシュウ、マリラにとっても、アンは欠くことのできない家族の一員になっていくのでした…。,akagenoan.jpg,あ
0,暁のヨナ,studioぴえろ,2014,建国神話・四龍伝説が伝わる高華王国。緋龍城では当時、王の他には世継ぎの王子も、世継ぎを産むお妃も無くただ齢十五の王女・ヨナが、大切に大切に育てられていた――。そして迎えた十六歳の誕生日。武器を厭う心優しい父王・イル、幼馴染で護衛のハクや、ヨナが想いを寄せていた従兄のスウォンと共に、幸せな一日を過ごす…はずだった。宴の夜、スウォンとの婚姻を反対するイルに、ヨナは自分の気持ちを伝えに行く。しかし、イルの部屋で彼女が遭遇したのは思いもよらぬ過酷な現実で…!?ヨナと四龍、それぞれの運命が絡みあう、激動の大河ファンタジー・ロマン――！,akatukinoyona.jpg,あ
0,アカメが斬る！,WHITE FOX,2014,帝国の圧政によって苦しむとある村の少年剣士・タツミは、村を救う希望とお守りを胸に、幼馴染みと共に帝都へ出稼ぎに出発する。道中、夜盗の襲撃に遭い散り散りになりながらも、たった1人帝都に辿り着いたタツミを待ち受けていたのは、絶句するほどに腐敗しきった帝都の真の姿だった。｢最近、帝都の重役や富裕層の人間を狙う恐るべき殺し屋集団がいる。｣一方でそういった噂を耳にしたタツミは、身をよせた貴族の家で闇夜に潜む彼らの存在に気がつく。殺し屋集団――――――ナイトレイドたちの存在に。,akamegakiru.jpg,あ
0,ＡＫＩＲＡ,東京ムービー新社,1988,2019年のネオ東京。ある夜、金田をリーダーとするバイクの一団のメンバー・鉄雄が負傷した。彼は突如現れた軍用へリでラボに運ばれ、不思議な力に覚醒する。一方、街ではゲリラたちの銃撃戦が始まる中、謎の軍用兵器｢アキラ｣の覚醒が予言される。暴走する鉄雄と、鉄雄を取り戻そうとする金田の戦いが始まった!,akira.jpg,あ
0,アクセル・ワールド,サンライズ,2012,2046年、ニューロリンカーと呼ばれる携帯端末を用いることで生活の多くが仮想ネットワーク上で行われるようになった世界。だが、どんなに時代が進んでも｢いじめられっ子｣はなくならない……。ハルユキもそんな中学内格差(スクールカースト)最底辺に位置する一人であった。ローカルネットの片隅で、ひたすらにスカッシュゲームに打ち込むだけの暗く陰鬱な日々を過ごしていた彼だったが、ある日突然、校内一の有名人《黒雪姫》に声をかけられる。｢もっと先へ――《加速》したくはないか、少年｣彼女から謎のプログラム《ブレイン・バースト》を託され、《加速世界》の秘密を教えられたハルユキは、黒雪姫の『騎士』として戦うことを決意する……！！,akuseru.jpg,あ
0,アクセル・ワールド－インフィニット・バースト－,サンライズ,2016,ウェブ上の仮想世界で行われるオンライン型対戦格闘ゲーム≪ブレイン・バースト≫。プレイヤーである《バーストリンカー》たちは、現実の1000倍に≪加速≫した世界で、戦いを楽しんでいた。私立梅郷中学に通う有田春雪（ハルユキ）もそのひとり。高円寺を拠点とする≪ネガ・ネビュラス≫に所属する彼は、≪軍団≫の長である黒雪姫と共に、渋谷エリアでの≪領土戦≫を戦っていた。そこに訪れた≪変遷≫と漆黒の巨大な竜巻、そして突然の回線切断。本来、起こるはずのない不可思議な現象は、≪加速世界≫を徐々に侵食し、竜巻に包まれたエリアでは、≪加速≫することができなくなってしまっていた。いったい、≪加速世界≫に何が起こっているのか？原因を突き止めるべく、ハルユキと仲間たちは、黒い竜巻に立ち向かう――！,akuseru2.jpg,あ
0,あした世界が終わるとしても,クラフタースタジオ,2019,幼いころに母を亡くして以来、心を閉ざしがちな真。彼をずっと見守ってきた、幼なじみの琴莉。高校三年の今、ようやく一歩を踏み出そうとしたふたりの前に突然、もうひとつの日本から、もうひとりの「僕」が現れる――。,asitasekaiga.jpg,あ
0,あしたのジョー２,東京ムービー新社,1980,力石徹の死後、逃げるようにリングを離れ、街から街へ流れ続けた矢吹丈。しかしかつてのライバルたちに出会うことで、再びリングに立つことを決意する。カーロス・リベラ、金　竜飛といった数々の世界ランカーと死闘を繰り広げ、遂にチャンピオンに君臨するホセ・メンドーサとのタイトルマッチにまでたどり着く。ボクシングに青春をかけたハングリーな生き様を描いた不朽の名作。真っ白に燃え尽きる感動のラストシーンは、見る者の心に深い感動を焼き付ける。,asitano2.jpg,あ
0,ASTROBOY 鉄腕アトム,手塚プロダクション,2003,2003年。世界では様々なロボットが開発され、人間の手足となって活躍していた。しかしそれらは命令のままに動くただの機械でしかない。そんな中でアトムは世界初の心を持つロボットとして、お茶の水博士の手によって誕生した。心を持つロボットの存在は、人間達の間に波紋を広げる。憧れるもの、恐れるもの、中には｢心を持つロボットを排除しろ！｣と声高々に叫ぶものもいる。そんな中でアトムは、素晴らしい能力を使って、人々を危機から救うために活躍していく。人間と同じように、学校に通いはじめたアトムには、仲良しの友達もたくさん出来る。心を持つロボット、アトムの存在は、徐々に人々に間に受け入れられていくかにみえた。しかしロボットに反対する人々の策略のために、ロボットは時に信用を失い、人間から迫害を受ける事も…。そんな中で、不当な扱いを受けるロボットを救うために、人間と敵対し、ロボットだけの国を作ろうとするロボットも現れる。また、元科学省長官天馬は、人間に敵対するロボットを作り、アトムに挑戦状を叩きつけてくる。天馬博士はなぜ執拗にアトムを試そうとするのか？ その理由を探るうち、アトムは天馬博士に関わる自分の出生の秘密を知ってしまう。アトムを作ったのは実はお茶の水博士ではなかったのだ。天馬博士の目的は？ アトムの出生の秘密とは？ ロボットと人間の未来はどうなるのか？ 様々な出来事に翻弄されながらも、アトムは常にまっすぐな心で前に進んでいく。アトムの願いは一つ。それは｢人間とロボットが友達でいられる世界を作る事｣だった。2003年、実際の誕生年を迎え、(ソニーピクチャーエンタテインメントと手塚プロダクションの手によって、)ついにアトムが蘇る。半世紀もの間世界中で愛されてきたアトムの、新たな物語を是非御覧下さい。,atom.jpg,あ
0,アズールレーン,バイブリーアニメーションスタジオ,2019,「アズールレーン」の少女たちは、世界の外より訪れた謎の敵「セイレーン」の大攻勢を退けた。しかし、戦いはいつの世も変わることはない。かつて人類が海の覇権を争ったのと同じように、理念の違いから「アズールレーン」と「レッドアクシズ」は対立。そして時は流れ――,azuru.jpg,あ
0,あそびあそばせ,Lerche,2018,コメディの新境地を切り拓く鬼才・涼川りんが描くヤングアニマルで大好評連載中のJCガールズコメディ「あそびあそばせ」が待望のTVアニメ化決定！日本生まれ日本育ちでまったく英語ができない金髪の美少女・オリヴィア、真面目で知的な雰囲気を漂わせながら英語がまったくできないショートカットの眼鏡っ娘・香純(かすみ)、そして明るいけれど、リア充になれないおさげ髪の少女・華子(はなこ)、３人の女子中学生が作ったのは「遊び人研究会」！？　最高に可愛くて最高に楽しい抱腹絶倒のJCガールズコメディが今、幕を開ける！,asobiasobase.jpg,あ
0,アタックNo.1,東京ムービー,1969,富士見学園中等部に転校してきた鮎原こずえは、やり場のない力を持てあました不良グループを率いて、バレーボール部に挑戦。その技量を見込まれて新キャプテンとしてバレー部に迎えられる。チーム内でのエース争いの末に無二の親友となる早川みどり、ボーイフレンドの一ノ瀬努、新たな技を生み出させるために猛特訓を課した本郷コーチ……。鮎原は、様々な人々に支えられて、中学、高校、そして世界のアタックNo.1に成長していく。,atack.jpg,あ
0,Another,P.A.WORKS,2012,死者は、誰――? その学校のそのクラスには、誰にも話してはならない“秘密”がある――1998年、春｡ 夜見山北中学に転校してきた 榊原恒一(15歳)は、何かに怯えているようなクラスの雰囲気に違和感を覚える｡不思議な存在感を放つ美少女、見崎鳴に惹かれ、接触を試みる恒一だが、いっそう謎は深まるばかり｡そんな中、予想もしなかった惨事が!・・・・・・この“世界”ではいったい、何が起こっているのか・・・? “新本格ミステリ”ムーブメントの旗手・綾辻行人がおくる、いまだかつてない学園ミステリ&ホラー｢Another｣驚天動地の学園本格ミステリホラーがついにTVアニメ化!キャラクター原案は｢涼宮ハルヒの憂鬱｣などの大ヒット作品を手掛ける【いとう のいぢ】が担当!監督:水島努、キャラクターデザイン:石井百合子、そして…アニメ制作:P.A.WORKS大ヒットを連発しているスタッフ&スタジオが、超豪華チームを結成し、ホラーアニメの決定版に挑む｡,another.jpg,あ
0,あの日見た花の名前を僕達はまだ知らない。,A-1 Pictures,2011,昔は仲良しだった幼馴染たち。でも、高校生になった彼らの距離はいつの間にか離れてしまっていた。ヒキコモリぎみの主人公”じんたん”。ギャル友達に流され気味の”あなる”。進学校に通う”ゆきあつ”と”つるこ”。高校に進学せず旅を重ねる”ぽっぽ”。そして、仲良しだった小学生の頃から、それぞれが変わっていく中で変わらない少女”めんま”。あの日、”お願いを叶えて欲しい”とじんたんにお願いをするめんま。困りながらも”めんまのお願い”を探るじんたん。そのめんまの願い事がきっかけとなり、それぞれの領域でそれぞれの生活を送っていた幼馴染達は再びかつてのように集まりはじめる。,anohimita.jpg,あ
0,アブソリュート・デュオ,エイトビット,2015,《焔牙(ブレイズ)》――それは超化された精神力によって、自らの魂を具現化させて創り出す武器。千人に一人と言われる《焔牙》の適性を持った者に戦闘技術を教える学校・昊陵学園では、生徒達が《絆双刃(デュオ)》と呼ばれるパートナー制度で絆を結び、ともに魂を高め合う。今、《焔牙》が武器の形ではなく、防具――《楯（シールド）》の形をとってしまった《異能（イレギュラー）》の少年・九重 透流と、銀色の髪を持つ少女・ユリエ=シグトゥーナの物語の幕が上がる。パートナーとの絆で未来を掴みとる、学園バトルアクション！！,absolute.jpg,あ
0,アホガール,ディオメディア,2017,テストが5教科全て0点でも気にしない！どこまでもアホな女子高生・花畑よしこ。バナナが大好き。幼なじみのあっくんが大好き。食って、寝て、遊ぶだけ、以上！「アホガール」2017年夏、待望のTVアニメーション化、大決定！ 見るときっとあなたも元気になる！？,aho.jpg,あ
0,甘々と稲妻,トムス・エンタテインメント,2016,ひとり娘と二人で暮らす高校教師が、ふとしたきっかけから教え子の女子高生と三人でごはんを作って食べることに。三人とも料理はまったくできないけれど、美味しいごはんはとっても大好き！あったかくって楽しいひとときが、きっとあなたを夢中にさせる！,amama.jpg,あ
0,アマガミSS,AIC,2010,橘純一はとある過去の経験から、クリスマスに苦手意識をもっている高校２年生。すっかり恋に臆病になった彼は彼女を作ろうともせず、寂しい学園生活を送り続けていた。そんな生活を続けていた純一は、ふと「このまま何もしないで高校生活を終えて本当にいいのか？」と思う。そして恋に対する苦手意識をなんとか跳ね除け、今年のクリスマスは女の子と過ごせるようにと一念発起する。,amagami.jpg,あ
0,あらいぐまラスカル,日本アニメーション,1977,1918年、アメリカ・ウィスコンシン州の森と湖と農地に囲まれた小さな町ブレールスフォード。動物好きの少年スターリングは、お母さんが入院してしまったのでお父さんと二人で生活しています。ある日、オスカーや犬のハウザーと一緒にウェントワースの森に釣りに出掛け、そこで猟師に母親を撃たれた赤ん坊のあらいぐまを見付けます。かわいそうに思ったスターリングは家へ連れ帰り、ラスカルと名付けて飼い始めます。,araiguma.jpg,あ
0,荒ぶる季節の乙女どもよ。,Lay-duce,2019,高校の文芸部に所属する小野寺和紗たち女子5人。｢死ぬ前にしたいこと｣という話題で沸いたある日、部員の一人が投じたある一言……｡その瞬間から、彼女たちは“性”に振り回され始める。,araburu.jpg,あ
0,ARIA The ANIMATION,ハルフィルムメーカー,2005,惑星改造によって生まれ変わった水の星｢アクア｣。その観光都市ネオ・ヴェネツィアを舞台に、ウンディーネ(水先案内人)を夢みてマンホーム(地球)からやってきた15歳の少女、水無灯里を主人公に優しくてちょっぴり切ない物語が広がります。,aria.jpg,あ
0,アリスと蔵六,J.C.STAFF,2017,彼女はそれまで“外の世界”を知らなかった。初めて触れるモノ、初めて見る風景、そして初めて出会う人々……。そんな“世界”の広がりに、戸惑い、驚き、目を見開く。名前は紗名(さな)。“研究所”と呼ばれる施設で、“外の世界”を知らずに生まれ育った少女。しかも、あらゆる想像を具現化する??｢アリスの夢｣と呼ばれる特殊な能力の持ち主でもあった。そして初めての“外”で、彼女はひとりの老人と出会う。名前は樫村蔵六。｢曲がったことが大嫌い｣で｢悪いことは悪い｣という頑固じいさん。そんな蔵六との出会いが、紗名の運命を大きく変えていく。紗名を追う謎の組織、次々と現れる能力者たち、そして心優しい人々との出会い……。世間知らずだった“アリス”は、鏡の門(ルッキング・グラス)を抜けて、世界の本当の姿を知ることになる。??そう、これは、私がまだ、自由に夢の国へ行けた頃の話。,arisuto.jpg,あ
0,ありふれた職業で世界最強,asread.×WHITE FOX,2019,“いじめられっ子”の南雲ハジメは、クラスメイトと共に異世界へ召喚されてしまう。つぎつぎに戦闘向きのチート能力を発現するクラスメイトとは裏腹に、錬成師という地味な能力のハジメ。異世界でも最弱の彼は、あるクラスメイトの悪意によって迷宮の奈落に突き落とされてしまい――!?脱出方法が見つからない絶望の淵のなか、錬成師のまま最強へ至る道を見つけたハジメは、吸血鬼のユエと運命の出会いを果たす――。「俺がユエを、ユエが俺を守る。それで最強だ。全部薙ぎ倒して世界を越えよう」奈落の少年と最奥の吸血鬼による“最強”異世界ファンタジー、開幕！――そして、少年は“最強”を超える。,arihureta.jpg,あ
0,アルスラーン戦記,ライデンフィルム×サンジゲン,2015,東西を結ぶ陸路の中心地・エクバターナを王都に掲げ、各地からの人や物資、そして豊かな文化が集まる強国パルス。この国の王太子として生まれた少年・アルスラーンは、幸福のうちに国を引き継ぐはずだった。土煙が舞う平原に、パルスの誇る騎馬隊が葬り去られるその日までは……。パルスの豊かな領土を狙って、異教徒の国・ルシタニアが侵攻を開始。初めて直面する本物の戦いに、不安を隠しきれない“気弱な”王太子・アルスラーン。彼の不安が的中したかのように、戦場には不穏な空気が渦巻き始める。敵の策略にはまり、これまでにない脅威を感じるパルス軍と、混乱する戦況に翻弄されるアルスラーンの父王であるアンドラゴラス三世……。駆けつけた｢戦士の中の戦士(マルダーンフ・マルダーン)｣の異名を持つ騎士・ダリューンとともに、次々と襲いかかる敵、そして過酷な運命へと立ち向かうアルスラーン。運命という名の嵐が吹き荒れるなか、彼は信頼できる仲間たちとともに“王太子”として最初の一歩を踏み出す!,arusuran.jpg,あ
0,アルスラーン戦記　風塵乱舞,ライデンフィルム,2016,交易と肥沃な大地に支えられた大国パルスは、異教徒の国・ルシタニアの侵攻によって、一夜にして、その永きに渡る平和をおびやかされた。パルスとルシタニアの戦いにおいて、初陣にして大敗を経験し、帰るべき土地を奪われて亡国の王子となった少年・アルスラーンは、｢戦士の中の戦士(マルダーンフ・マルダーン)｣の異名を持つ最強の騎士・ダリューンと、たったふたりで奪われた王都エクバターナを取り戻すための旅を始める。そんな二人のもとに、ナルサス、エラム、ギーヴ、ファランギース、アルフリード、ジャスワント――苛酷な戦いを切り抜ける中、力強い仲間たちが次々と集う。また、アルスラーン自身も、さまざまな経験を積むことで、ただ守られるだけの頼りない存在から、周囲を守り導く存在へと、たくましく成長していくのだった。しかし、王都は未だ遠い。シンドゥラの王位継承争いにまつわる戦いを無事乗り切り、パルスの土地へと凱旋したアルスラーンたちの前には、銀仮面の猛将・ヒルメスが立ちふさがる。そして、ヒルメスをなんとか退け、ふたたび王都を目指そうというときには、さらなる脅威がパルスの土地に迫っていた。今、新しい歴史の幕が開く。風塵の乱舞する戦場で、少年は何を見るのか……！,arusuran2.jpg,あ
0,アルドノア・ゼロ,A-1 Pictures+TROYCA,2014,宣戦を布告する　火星の騎士たちが空から降ってくる。鋼で作られた巨人を駆って。地球人類を殲滅するために。それが『アルドノア・ゼロ』。この壮大な物語を実現するために、圧倒的な力を持った作り手たちが集結した。心の奥底に踏み込む、強烈な筆力を持った書き手、虚淵玄。美麗かつ大胆な映像表現で、見る者の予想を遙かに超えてみせる、あおきえい。虚淵が原作、あおきが監督をつとめたアニメーション作品『Fate/Zero』以来、この二人が再びタッグを組む。アニメーション制作はA-1 Pictures、そしてあおき自身も参画するTROYCAが務める。またキャラクター原案として志村貴子が名を連ねる。その繊細な人物の佇まいは、星間戦争を生きる人々の姿を切なく写し出すものだ。さらにメカニックデザインは新鋭、I-Ⅳが担当。音楽では澤野弘之が作品に重厚な趣を与える。彼らが描き出すのは、鮮烈なアクション、微に入り細にわたる設定、真に迫る戦争の恐怖、そして、真摯な思いが織りなす人々のドラマだ。それは王道の、しかし誰も見たことのない、全く新しいロボットアニメとなる。『アルドノア・ゼロ』。この作品は、僕たち地球人類に宣戦布告する。君は迎え撃たねばならない。,arudonoa.jpg,あ
0,アルプスの少女ハイジ,ズイヨー映像（瑞鷹エンタープライズ）,1974,アルムの山に一人で住むおじいさんに引き取られることになった少女、ハイジ。そして、その純粋で天真爛漫なハイジは偏屈で知られるおじいさんの心をなごませ、すぐに打ち解けます。アルプスの大自然に初めて触れるハイジには見る物全てが珍しくて、驚くことばかり。今日もハイジは山々を思い切りかけめぐります。,haizi.jpg,あ
0,UN-GO,ボンズ,2011,探偵は二人組。人呼んで最後の名探偵、結城新十郎。そして、相棒の因果。わけあって世の謎と真実を解き明かす探偵業。西に刺殺された金持ちあれば行って犯人をあぶり出し、東に呪いで死んだ男あれば呪いではないと証明する。因果の協力と新十郎の推理。二人の不思議な絆が力を発揮する時、解けない謎はない。――なんて、いつもカッコつけちゃいるけれど、なかなか思うようにならないことも多かったりして。それでも二人は吸い寄せられるように事件に立ち向かっていく。「しかし私が呼ばれたってことは、なにか事件が起きるということですよ。大事件がね。」,ungo.jpg,あ
0,暗殺教室,Lerche,2015,ある日突然、月が爆発して7割方蒸発した。その犯人と称し、しかも来年三月には地球をも爆破するという超生物がやってきたのは、何故か中学校の教室。なんとここで教師をするというのだ。人知を超えた能力を持ち、軍隊でも殺せないその怪物の暗殺を、各国首脳はやむをえず、そのクラス、椚ヶ丘中学校3年E組の生徒に委ねることになる。なんと成功報酬は百億円。落ちこぼれクラス、「エンドのE組」の生徒たちは、卒業までにこの暗殺対象の教師、「殺せんせー」を殺せるのか・・・！？,ansatu.jpg,あ
0,暗殺教室(第2期),Lerche,2016,ある日突然、月が爆発して七割方蒸発した。その犯人と称し、しかも来年3月には地球をも爆破するという超生物がやってきたのは、何故か中学校の教室。なんとここで教師をするというのだ。人知を超えた能力を持ち、軍隊でも殺せないその怪物の暗殺を、各国首脳はやむをえずそのクラス・・・椚ヶ丘中学校3年E組の生徒に委ねる事になる。突如現れたとても奇妙な担任教師によって1学期の授業は始まった。落ちこぼれクラス｢エンドのE組｣と呼ばれた生徒たちは、暗殺教室というかつて経験したことのない特別授業や様々な試練を通じて、新たな仲間と絆、そして少しずつ自分たちに自信を持っていく。そして、1学期が終了し迎えた夏休みもいよいよ最後の日を迎えた。新たに始まる2学期、3?E組の生徒たちは、期限の卒業までに、担任教師である｢殺せんせー｣暗殺ミッションを成功させることができるのか・・・！？,ansatu2.jpg,あ
0,アンジュ・ヴィエルジュ,SILVER LINK. / CONNECT,2016,ある日、世界は連結した。突如として開いた門(ハイロゥ)と、5つの世界の連結。私たちの住む青の世界―――地球　夜と魔法が支配する黒の世界―――ダークネス・エンブレイス　祈りと神々が守護する赤の世界―――テラ・ルビリ・アウロラ　科学と電脳が管理する白の世界―――システム=ホワイト=エグマ　武器と軍隊が統治する緑の世界―――グリューネシルト　天使、悪魔、妖精、魔女、女神。お伽話の中にしかいなかった存在が、現実のものとして現れた。時を同じくして、特殊な能力――エクシードに目覚めた少女たちが、それぞれの世界に出現しはじめる。彼女たちは『プログレス』と呼ばれ、その保護・育成を掲げる巨大学園都市『青蘭学園』に集められた。この学園で少女たちは出会う。ともに絆を紡ぐ仲間たちと。5つの世界共通の敵、世界を終焉へと誘う『ウロボロス』に。,anju.jpg,あ
0,あしたのジョー,虫プロダクション,1970,泪橋と呼ばれる橋を渡ると広がる下町のドヤ街に､ある日フラリとひとりの少年･矢吹丈が訪れるところから物語は始まる。生まれついての風来坊である彼は､そこで喧嘩の腕を披露して､ヤクザにからまれている少女･サチを助ける。それを見ていた拳闘狂の丹下段平から､丈は､ボクシングへの道を勧められるが､その申し出をあっさりと断る。ところが､慈善家の財閥令嬢･白木葉子からお金を騙し取ったことが原因で丈は少年院に送られ､そこで後のライバル･力石徹と出会うことに。力石のパンチに沈み､初めての敗北感を味わった彼は､俄然ボクシングに対する興味を燃やし､段平の特訓を受けることを決意する。かくして､ふたりの若者の想像を絶する闘いの日々は始まった。,asitanojo.jpg,あ
0,あひるの空,ディオメディア,2019,バスケットボールでは決して有利ではない小柄な体格の車谷 空。身長を理由にスタメンに選ばれることのなかった空は、高校バスケ部に期待を膨らませて九頭龍高校、通称クズ高に入学。ところがバスケ部はほとんど機能停止状態。とてもバスケをできる環境ではなかった。しかし、空はバスケへの熱量で、クズ高バスケ部メンバーとぶつかり合いながらも、共に成長していく。次々に直面するあらゆる困難に、クズ高バスケ部メンバーはどのように立ち向かって行くのか…！？,ahirunosora.jpg,あ
0,甘城ブリリアントパーク,京都アニメーション,2014,謎の美少女転校生・千斗いすずから強引に遊園地デートの誘いを受けた可児江西也。わけもわからず連れて来られたのは、さびれたアトラクション、ダメダメなサービスの日本一残念な遊園地・甘城ブリリアントパーク。その支配人だという“本物の”お姫様・ラティファに引き合わされた西也は、なぜか突然、閉園の危機にあるパークの再建を託されてしまう。そして、そこはただの遊園地ではなく――！？,amaburi.jpg,あ
0,ISLAND,feel.,2018,本土から遠く離れた海に浮かぶ「浦島」 忘れられつつあるこの島に「タイムトラベラー」を自称するひとりの青年が流れ着く。その青年は、凛音、夏蓮、紗羅という3人の少女たちと出会い、やがて島の未来を変えるべく奔走をはじめる。排他的な因習と数々の謎を秘めた浦島をめぐる青年と少女たちの物語がひも解かれる――。,island.jpg,あ
0,イエスタデイをうたって,動画工房,2020,大学卒業後、定職には就かずにコンビニでアルバイトをしている”リクオ”。特に目標もないまま、将来に対する焦燥感を抱えながら生きるリクオの前に、ある日、カラスを連れたミステリアスな少女―“ハル”が現れる。彼女の破天荒な振る舞いに戸惑う中、リクオはかつて憧れていた同級生“?子”が東京に戻ってきたことを知る。,yesterday.jpg,い
0,行け！稲中卓球部,グルーパープロダクション,1995,『週刊ヤングマガジン』で連載された、古谷実のギャグ漫画をアニメ化。原作は1996年の第20回講談社漫画賞一般部門受賞作品で、個性的な登場人物たちによる強烈なギャグと、思春期の青春模様をたくみに描いた内容で、一躍大人気となった。舞台は稲豊市立稲豊中学校・通称「稲中」。下品な主人公・前野と、その盟友であるバカの井沢をはじめ、ムッツリスケベの田中、体臭が殺人的な田辺、そして彼らに振り回される部長の竹田と、副部長の木之下。彼ら６人の部員で構成される「稲中卓球部」が、抱腹絶倒ものの大騒動を巻き起こしていく。,inatyuu.jpg,い
0,ISUCA-イスカ-,アームス,2014,真実の名前「真名（まな）」を知られた者は、どんな命にも逆らえず、支配されてしまう―。貧乏学生・浅野真一郎（あさのしんいちろう）は、家政夫として働くことになった旧家の島津家で、朔邪（さくや）というガサツでワガママな美少女と出逢う。実は彼女、妖魔封じを生業とする島津流弓霊術の使い手で、名門島津家の37代目当主だった。朔邪に振り回されながら妖魔との戦いに巻き込まれていく真一郎だったが、どうやら彼女と出逢ったのは偶然ではなかったようで――!?,isuca.jpg,い
0,異世界かるてっと,スタジオぷYUKAI,2019,「オーバーロード」「この素晴らしい世界に祝福を！」「Re:ゼロから始める異世界生活」「幼女戦記」。総シリーズ累計1600万部超え、BD＆DVDシリーズ総売上枚数50万枚超えを誇る4作品が、ぷちキャラアニメになって大暴れ！ある日突如として現れた謎のボタン。ポチっと押すと、なんとさらなる異世界へ転移してしまう！！そこには他世界から転移したキャラクターたちも大集合していて…！？監督・脚本≪芦名みのる≫、キャラクターデザイン・総作画監督≪たけはらみのる≫、アニメーション制作は≪スタジオぷYUKAI≫が担当。「ぷれぷれぷれあです」「Re:プチから始める異世界生活」「ようじょしぇんき」と、ぷちキャラアニメ界を牽引してきたスタッフ陣が、異世界系ライトノベル4作品のクロスオーバーアニメーションに挑む！,isekaikaru.jpg,い
0,異世界食堂,SILVER LINK.,2017,オフィス街に程近い商店街の一角、雑居ビルの地下一階にある、猫の絵が描かれた看板が目印の「洋食のねこや」。どこにでもありそうなこの洋食屋の扉は、週に一度“特別営業”の土曜日にだけ「異世界」とつながる。向こうの世界の様々な場所に現れる扉を通じてやってくる、文化も、種族すらもバラバラな「向こうの世界」の客たちが舌鼓を打ってしまう、不思議な“魅力”を持った料理がここ「異世界食堂」にはある。この店で生まれる異世界と現代、食堂に集う人々と店主、そして料理との一期一会を描く、温かい出会いの物語。,isekaisyokudou.jpg,い
0,異世界チート魔術師,エンカレッジフィルムズ,2019,どこにでもいる普通の高校生・西村太一と、運動神経抜群でモデル体型の美少女・吾妻凛。平和な高校生活を送っていた二人はある日突然、不思議な魔法陣の光に包まれ、見知らぬ土地へ迷い込んでしまう。そこは恐ろしい魔物が生息し、獣人やドワーフ、エルフといった多様な種族が存在する、まるでファンタジーのような世界。異世界へと導かれた太一と凛は、ここで生き抜くために「冒険者」になることを決意するが、その適性検査で、二人が“チート”な魔力を持っていることが判明して……。,isekaitito.jpg,い
0,異世界はスマートフォンとともに。,プロダクション リード,2017,神様の手違いで死んでしまった主人公は、異世界で第2の人生をスタートさせる。彼にあるのは神様から底上げしてもらった身体と、異世界でも使用可能にしてもらったスマートフォン。様々な人達と出会い、大切な仲間を得ていく中で、いつしか主人公はこの世界の秘密を知る。古代文明の遺産を受け継ぎ、お気楽な世界の王たちと力を合わせながら、個性豊かな女の子たちと共に彼はのほほんと世界を巡っていく―――,isekaismartphone.jpg,い
0,異世界魔王と召喚少女の奴隷魔術,亜細亜堂,2018,「ゲームで魔王やってたら、異世界に召喚された！？」ＭＭＯＲＰＧクロスレヴェリにおいて坂本拓真（さかもとたくま）は、他プレイヤーから『魔王』と呼ばれるほど圧倒的な強さを誇っていた。ある日、彼はゲーム内の姿で異世界へと召喚されてしまう。そこには「私こそが召喚主」と言い張る少女が２人いた。拓真は彼女たちから召喚獣用の奴隷化魔術をかけられる―― しかし固有能力《魔術反射》発動！　奴隷と化したのは少女たちで……!?　魔王（演技）が絶対的な強さで突き進む異世界冒険譚、開幕！,isekaimaou.jpg,い
0,いつだって僕らの恋は10センチだった。,Lay-duce,2017,桜丘高校の入学式。合田美桜と芹沢春輝は桜の樹の下で出会う。「美しい桜って書いて、美桜」「俺は春輝。春が輝く」春生まれの二人は親近感を覚える。それ以来、気づいたらお互い目で追うようになっていた。美術部の美桜は大人しく、映画研究部の春輝は快活で周りにはいつも誰かがいた。二人は全く違うタイプだが、いつの間にか一緒に下校する仲になっていた。付き合っていると勘違いされることもあるが、ずっと友達以上恋人未満の関係。本当はお互いに「好き」という気持ちを抱えながら─。いつも帰り道に寄る高台の階段に腰をかける二人。「春輝君って、好きな人とか、いる？」思わず聞いてしまった美桜に答える春輝。「好きなやつ、いるよ。…美桜は？」二人のその手の距離は10センチ。たった10センチなのに、その距離が縮まらない─。,itudatte.jpg,い
0,イナズマイレブン フットボールフロンティア編,OLM TEAM WASAKI,2008,"雷門中学のサッカー部は、部員わずか7人の弱小クラブ。部室に集まってもそれぞれ好きなことをして、だらだらと時間を過ごすだけの毎日を送っている部員たち。そんな中、熱血サッカー少年のキャプテン・円堂守は部員たちに｢明日の試合に向けて練習しようぜ!｣と叱咤する。しかし｢なんで今日に限って、そんなに練習練習ってうるさいわけ?｣と、返ってくる反応は鈍い。円堂によると、なんと強豪で知られる帝国学園から試合の申込みがあったのだ。しかし、試合をするには4人足りない。さらに、試合に出なければサッカー部の存続を考え直す、と言われている。なんとしてでも帝国学園との試合を実現させたい円堂は、ひとり練習にはげむ。そんな時、円堂は必殺シュート""ファイアトルネード""を操る『伝説のストライカー』豪炎寺修也と出会う。",inazuma.jpg,い
0,犬とハサミは使いよう,GONZO,2013,ある日突然、強盗に殺された春海和人。だが本バカゆえの執念で奇跡の生還を果たした――ダックスフンドの姿で。「こんな姿じゃ本読めないじゃん!!」悶える彼の前に現れたのは、ハサミが凶器のサド女、夏野霧姫。でも、犬である和人の声が分かるし、しかもその正体は彼が大ファンの作家。そんな人生（犬生?）、いったいどうなるの!?,inutohasami.jpg,い
0,妖狐×僕SS,david production,2012,最強のセキュリティを誇ると言われている高級マンション｢メゾン・ド・章樫(あやかし)｣。そこは通称｢妖館(あやかしかん)｣と呼ばれていた。『変人ばかり住んでいる』、『中はおばけ屋敷になっている』等の噂が絶えない妖館だが、その実態は、妖怪の”先祖返り”の人間たちが住まう妖しいマンションだった・・・！人と上手く接することができないことが悩みの白鬼院凜々蝶(しらきいん りりちよ)は、そんな自分を変えるために妖館へやって来た。そこで出会ったのは入居者へ必ず1人割り当てられるSS(シークレットサービス)といわれるボディーガード、御狐神双熾(みけつかみ そうし)。双熾は凜々蝶へ懇願した---｢僕を貴女の犬にして下さい・・・！｣,inuboku.jpg,い
0,異能バトルは日常系のなかで,TRIGGER,2014,俺を含めた文芸部の五人は半年前、とてつもない能力に目覚めた。そして壮大なる学園異能バトルの世界へ足を踏み入れ――なかった!?｢なんも起きねえのかよ!!｣異能に覚醒してみたものの、日常は完全無欠に平和だ。世界を滅ぼす秘密機関などない! 異能戦争もない! 勇者も魔王もいやしないっ!だから俺たちはこの超級異能を、｢黒炎の龍にヒゲ生やせたーっ!!｣気軽に無駄遣いすることに決めた。｣だが異能バトルに憧れ続けた俺だけは、真なる戦いの刻が近づきつつあることを確信していた――神スキルとたわむれる何気ない日常。だが、それだけじゃ終わらない　新・異能バトル&ラブコメ、開幕!!,inoubatoru.jpg,い
0,妹さえいればいい。,SILVER LINK.,2017,「妹さえいれば人生は常に最高なのに、なぜ俺には妹がいないのか……」妹モノの作品ばかりを書き続けている妹バカの小説家・羽島伊月の周囲には、天才作家にして変態の可児那由多、女子大生の白川京、イラストレーターのぷりけつ、鬼畜税理士の大野アシュリーなど、個性豊かな人物たちが集まっている。それぞれ悩みを抱えながらも、小説を書いたりゲームをやったりお酒を飲んだり確定申告をしたりといった、賑やかな日常を送る伊月たち。そんな彼らを温かく見守る伊月の義理の弟・千尋には、ある大きな秘密があって――。楽しくも心に刺さる、天才や凡人や変人たちが繰り広げる青春ラブコメ群像劇、スタート！,imoutosae.jpg,い
0,色づく世界の明日から,P.A.WORKS,2018,物語の始まりは数十年後。日常の中に小さな魔法が残るちょっと不思議な世界。主人公の月白瞳美は17歳。魔法使い一族の末裔。幼い頃に色覚を失い、感情の乏しい子になった。そんな瞳美の将来を憂えた大魔法使いの祖母・月白琥珀は魔法で瞳美を2018年へ送り出す。突然、見知らぬ場所に現れ戸惑う瞳美の視界に鮮烈な色彩が飛び込んでくる……。,irozukusekai.jpg,い
0,IS<インフィニット・ストラトス>,エイトビット,2011,女性にしか扱えない飛行パワードスーツ、｢IS<インフィニット・ストラトス>｣。日本で開発・発表されて以降、世界は女性優位の社会となった。IS操縦者を育成するための学校｢IS学園｣は、世界各国より集められた代表候補生の少女達が通う女子校である。ところが、主人公・織斑一夏は、男でありながら何故かISの起動が出来てしまった為、IS学園に強制入学させられてしまう。女の園に男がひとり、幼なじみの剣道少女・箒をはじめ、多国籍多種多様な少女たちが織りなす、疾風怒濤のアクションバトルと恋模様。突如襲い来る敵、ISに秘められた謎、そして一夏をめぐる少女達の恋の行方は!?,infinits.jpg,い
0,IS<インフィニット・ストラトス>2,エイトビット,2013,女性にしか扱えない飛行パワードスーツ、｢IS<インフィニット・ストラトス>｣。日本で開発・発表されて以降、世界は女性優位の社会となった。IS操縦者を育成するための学校｢IS学園｣は、世界各国より集められた代表候補生の少女達が通う女子校である。ところが、主人公・織斑一夏は、男でありながら何故かISの起動が出来てしまった為、IS学園に強制入学させられてしまう。女の園に男がひとり、幼なじみの剣道少女・箒をはじめ、多国籍多種多様な少女たちが織りなす、疾風怒濤のアクションバトルと恋模様。突如襲い来る敵、ISに秘められた謎、そして一夏をめぐる少女達の恋の行方は!?,infinits2.jpg,い
0,W'z《ウィズ》,GoHands,2019,荒城ユキヤ、たぶん１４歳。普段はひとりでＤＪやってます。親の影響で、小さい頃からハウスミュージックを聴いてたから……プレイ動画もちょこちょこアップしたりして。誰かに何かを伝えたい。認められたい、必要とされたい。けど、傷つくのは怖い。どこか噛み合わない日常……ある日、視聴数を稼ぎたくてやったことが、取り返しのつかないことになってしまった。『あの世界』からの生放送。それをきっかけにボクは狙われ、人の願いと、想いの渦に巻き込まれていく。自分ひとりではどうにもできない状況……でも、誰かと一緒なら――。,wiz.jpg,う
0,ウィッチクラフトワークス,J.C.STAFF,2014,平凡なスクールライフを送る男子高校生・多華宮仄と、文武両道、容姿端麗で、生徒たちから『姫様』と呼ばれるほど絶大な人気を誇る学園一のマドンナ・火々里綾火。クラスメイトながら住む世界が違うふたりであったが、ある日の放課後、『塔の魔女』の事件に巻き込まれた多華宮仄のピンチを、魔女の姿をした火々里綾火に救われ急接近する。実は彼女は、多華宮仄を護ることを唯一の使命とする “魔女”だったのだ。平凡な高校生だった多華宮仄の日常は、いったいどこへ向かうのか…!?,witticraft.jpg,う
0,"Wake Up,Girls！", Ordet×タツノコプロ,2014,"時はアイドル戦国時代。これは、この荒波を生き抜く7人の少女達｢Wake Up, Girls!｣の物語である。東北・仙台にある廃業寸前の弱小プロダクション、グリーンリーヴズ・エンタテインメント。かつては手品師、グラビアアイドル、占い師などが所属していたが、唯一活動していた最後のタレントもついに辞めてしまう。所属タレント“0(ゼロ)”という危機的状況の中、事務所社長・丹下の思い付きでアイドルユニットをプロデュースする事を決意する。傍若無人な社長の元、マネージャー松田は不満を持ちながらも、アイドルの原石を探しに街へ出る。そんな中、マネージャー松田は、ある少女と必然的な出会いを果たし…。",wakeup.jpg,う
0,"Wake Up, Girls！ 新章",ミルパンセ,2017,"「Wake Up, Girls！」は、宮城県・仙台市で暮らす7人の少女たちがアイドルグループ「Wake Up, Girls！(以下、WUG)」を結成し、互いに切磋琢磨しながら、トップアイドルを目指していく姿が描かれた成長と絆の物語。仙台の弱小芸能プロダクション「グリーンリーヴス・エンタテインメント」に所属するWUGは、数多の挫折を経験しながらも、国民的アイドルグループ「I-1club」を「アイドルの祭典」で破り、優勝した。一躍トップアイドルに・・・と思ったのもつかの間、「アイドル経済不況」が叫ばれてきたこのご時世、現実は甘くない。7人は地道なアイドル活動に追われる日々が続いていた。一方、仙台市の中学に通う速志歩・守島音芽・阿津木いつかの３人は、次第にアイドルに憧れを持つようになり…。",wakeup2.jpg,う
0,上野さんは不器用,レスプリ,2018,"ココは、とある中学校の理科室━━━━。
科学部部長の上野さんは、部活の後輩・田中に恋する乙女。
天才的すぎる奇想天外な発明品を使って、あの手この手で気を引くためのアピールを試みる。
1年生部員の山下も冷静沈着なアシストで上野さんをバックアップ！
果たして上野さんの恋は成就するのか！？
それとも・・・",uenosan.jpg,う
0,宇崎ちゃんは遊びたい！,ENGI,2020,静かなキャンパスライフを満喫する大学3年生・桜井真一。一人で過ごしたいだけなのに、“ぼっち”扱いしてくる後輩・宇崎花に絡まれ、平穏な生活は一変！いじられ、けなされ、からかわれ……。毎日毎日、宇崎ちゃんのウザ絡みに振り回されることに！騒がしい日常はうんざりだけど、でも、一緒に過ごす時間はなんだか退屈しなくて――。「ぼっちより、二人のほうが絶対楽しいッスよ！」生意気なのに、どこか憎めない“ウザカワ系”後輩との青春ドタバタラブコメ、ついにスタート！,uzakichan.jpg,う
0,失われた未来を求めて,feel.,2014,21世紀の初めの、秋の内浜地区。内浜学園は歴代最高潮の盛り上がりを見せていた。執行部を中心に開催される、各文科会最大の見せ場・総合学会。それは新校舎建設とともに、廃校が決まった旧校舎での最後のお祭りだった。当然、各文化学会の会長たちをはじめ、学生たちは総力をあげてこの最後の文化祭を成功へと導こうとしていた。何度も賞を取っている美術会の展覧会、吹奏楽会総出演の大公演会、植物遺伝子の組み換えで実績のある生物学会。実力ある学会が参戦の名乗りをあげる度に、士気は高まっていく。そして――その士気の高さは主人公・秋山奏が所属する『天文学会』への期待へとつながった。活動内容不明・研究未発表・だけど彼らなら何かが起こる、何かが起こせる。そんな希望的観測を基に、この会に課せられた使命はただ一つ。『各学会による過剰なお祭り騒ぎの鎮圧や活動障害の撤去、そして夏前から先駆けて始まった不思議な事件の解決』だった。立ち上がる校内屈指のビッグネームな学会メンバー。校内の騒ぎの裏にこの人あり、合気道の達人・部長の支倉愛理。第三十三回・お嫁にほしい女の子選手権、二年の部ダントツ一位の佐々木佳織。時季外れの寡黙な転入生、古川ゆい。 毒舌お嬢様・華宮凪沙。さらには天文学会兼、アメリカからの交換留学生・長船・ＫＥＮＮＹ・英太郎。全校の期待を背負い、最後の文化祭に向けて彼らが動き出した――,usinawareta.jpg,う
0,うたの☆プリンスさまっ♪ マジLOVE1000％,A-1 Pictures,2011,超人気アイドル・HAYATOに憧れ、作曲家を夢見る七海春歌は、念願叶って競争率200倍の芸能専門学校｢早乙女学園｣作曲家コースに入学。そこで春歌は、アイドルコースの生徒の中から誰か1人とペアを組み、卒業時に行われる｢シャイニング事務所 新人発掘オーディション｣の合格を目指すことになる。しかし、春歌の前に現れるのは、アイドルを夢見るまばゆき6人のプリンスたち。さらに現役アイドルの講師陣、破天荒な学園長なども入り乱れて、学園はいつもハプニングの嵐。果たして、春歌のペアはいったい誰になるのか……!?キスより素敵な音楽が奏でる、ドキドキ青春ラブ☆コメディ♪,utanoprince.jpg,う
0,うたの☆プリンスさまっ♪ マジLOVE2000％,A-1 Pictures,2013,衝撃のアイドルデビューを飾ったST☆RISHの6人と、作曲家としての道を歩み始めた七海春歌。彼らはシャイニング事務所のマスターコースに所属し、一流のアイドルや作曲家を目指して本格的なレッスンを続ける傍ら、芸能活動を始めることになった。しかしその前には、ひと癖もふた癖もある異国のアイドル候補生や、教育係の先輩アイドルが登場し、果ては「幻の新人賞レース」にも巻き込まれてゆくことに…。ST☆RISHは、そして春歌は、この芸能界で夢を叶えることができるのか？！一億のキスよりもかがやく歌が奏でる、全力全開2000％ラブ☆コメディ♪,utanoprince2.jpg,う
0,うたわれるもの,OLMTEAMIWASA,2006,過去の記憶も、自分の名前さえも、一切を失って瀕死で倒れていた青年。彼が目覚めたのは亜人たちの暮らす自然豊かな世界。そして、彼の顔には、外すことのできない奇妙な“仮面”が被せられていた。青年は、村長(むらおさ)の孫娘・エルルゥに助けられ、傷が癒えるまで村長の家で暮らすことになる。集落の人々とも打ち解け始め、彼の知略と勇気によって集落が“危機”から救われたことがきっかけで、青年は村長から｢ハクオロ｣と名付けられ、人々にとって次第になくてはならない存在となっていく。そんなある日、事件は起こった。藩主の横暴に抵抗したことで、村長が凶刃に倒れたのだ。村人たちの抑えられていた怒りに火が付き、やがて一斉蜂起へと事態が急速に進展する。叛乱軍の長として、戻れぬ道を歩み始めたハクオロ。しかしそれは仮面に隠された謎と真実を探求する、長い旅路の始まりでもあった・・・。,utawarerumono.jpg,う
0,うたわれるもの　偽りの仮面,WHITE FOX,2015,目覚めたのは雪深き山間部。過去も名も思い出せぬまま彷徨う男に、世界は優しくはなかった。巨大な牙を持つ生物が襲い掛かり、闇に蠢く異形が男を追い詰める。そんな男に差し出されたのは白く美しい少女の手……その手を取った時、物語は始まった。,utawarerumono2.jpg,う
0,うちのメイドがウザすぎる！,動画工房,2018,母を亡くし父と二人で暮らす小学生女子・ミーシャ。 そんな父子家庭にやってきた新人家政婦は、やたらマッチョな上に三度の飯より幼女が大好きで・・・！？闘うヘンタイ家政婦 VS ロシア系小学生のほっこりしない系？ホームコメディ、開幕！,utinomeido.jpg,う
0,宇宙兄弟,読売テレビ・A-1 Pictures,2012,幼い日。宇宙飛行士になると星空に約束を交わした兄弟、六太と日々人。そして、2025年。弟・日々人は、夢を追い、宇宙飛行士となっていた。日本人初となる、月でのミッションクルーに選ばれた日々人は世界中から注目を浴びる。一方、日本の自動車メーカーに勤める兄・六太は、上司とのケンカで頭突き、見事にクビとなり実家に強制送還…。そこへ、六太に日々人から一通のメールが届く。｢二人で宇宙へ行く｣心の奥から呼び覚まされた幼い日の約束に突き動かされるように、六太は再び宇宙を目指す。星の数ほどのライバルと厳しい試験のその先に―待っとけ、宇宙!宇宙飛行士となった弟、無職の兄。約束をかなえた弟、約束を思い出す兄。約束の宙(そら)を目指す、宇宙兄弟の物語が始まる。,utyuukyoudai.jpg,う
0,有頂天家族,P.A.WORKS,2013,下鴨神社・糺ノ森に暮らす下鴨家。狸界の頭領であった父・総一郎は、ある日何の前触れもなく狸鍋にされた。残された四兄弟の中でも偉大な父の「阿呆の血」を色濃く継いだ三男・矢三郎は「面白きことは良きことなり」をモットーに、兄弟や母に囲まれて暮らしていた。隠居中の大天狗・赤玉先生の世話を焼いたり、神通力を得た人間の美女・弁天に振り回されたり、はたまた宿敵・夷川家と空中決戦を繰り広げる日々の果てに、突如下鴨家を襲う絶体絶命の危機！ 父が鍋にされた真相が明らかになる中、固い絆で結ばれた一家の運命はいかに！,utyouten.jpg,う
0,有頂天家族２,P.A.WORKS,2017,京都・下鴨神社、糺ノ森に暮らす下鴨家。狸界の頭領であった今は亡き父・総一郎の血を継ぐ四兄弟たちは、タカラヅカ命の母を囲んでそれなりに楽しく暮らしていた。総一郎の「阿呆の血」を色濃く継いだ三男・矢三郎を中心に起こった狂乱の一夜。次期「偽右衛門」選出も、叔父・夷川早雲の策略も、そして「金曜倶楽部」との一幕も、すべてが一陣の風と共に京の夜空に飛び去ったあの日から季節は流れ、洛中に心地よい香が溢れる若葉の候。毛玉たちは尻の冷えを気にもせず、うごうごと動き出す。天狗に拐かされ神通力を得た人間の美女・弁天は京を離れ、愛弟子である弁天に恋焦がれる隠居中の大天狗・赤玉先生こと如意ヶ嶽薬師坊は、寂しさと不機嫌を撒き散らしながら相変わらずボロアパートの万年床で、赤玉ポートワインを啜る日々を送っていた。そんな折、赤玉先生の息子であり、壮絶なる親子喧嘩の末、敗北し姿を消した“二代目”が英国紳士となって百年ぶりに帰朝を果たす。大驚失色。驚天動地。吃驚仰天。天狗界、そして狸界を揺るがす大ニュースは瞬く間に洛中洛外へと広がった。京の町を舞台に、人と狸と天狗の思惑が渦巻く毛玉絵巻第二集、ついに開幕！「面白きことは良きことなり」,utyouten2.jpg,う
0,ウマ娘　プリティーダービー,P.A.WORKS,2018,これは異世界から受け継いだ輝かしい名前と競走能力を持つ“ウマ娘”が遠い昔から人類と共存してきた世界の物語。田舎から都会のトレセン学園に転校してきたウマ娘・スペシャルウィークは、チームメイトたちと切磋琢磨しながら「日本一のウマ娘」の称号をかけて＜トゥインクル・シリーズ＞での勝利をめざす！,umako.jpg,う
0,うみねこのなく頃に,スタジオディーン,2009,｢これは永遠の拷問。｣ 伊豆諸島、六軒島。全周10kmにも及ぶこの島が、観光パンフに載ることはない。なぜなら、大富豪の右代宮家が領有する私的な島だからである。年に一度の親族会議のため、親族たちは島を目指していた。議題は、余命あと僅かと宣告されている当主、金蔵の財産分割問題。天気予報が台風の接近を伝えずとも、島には確実に暗雲が迫っていた…。 六軒島大量殺人事件(1986年10月4日～5日) 速度の遅い台風によって、島に足止めされたのは18人。 電話も無線も故障し、隔絶された島に閉じ込められた。 彼らを襲う血も凍る連続殺人、大量殺人、猟奇の殺人。 台風が去れば船が来るだろう。警察も来てくれる。 船着場を賑わせていたうみねこたちも帰ってくる。 そうさ、警察が来れば全てを解決してくれる。 俺たちが何もしなくとも、うみねこのなく頃に、全て。 うみねこのなく頃に、ひとりでも生き残っていればね…?,uminekono.jpg,う
0,URAHARA,白組×EMTスクエアード,2017,原宿。そこは文化・オシャレ・カワイイが集まる街。りと、まり、ことこの女子高生三人は、その街で『PARK』という期間限定ショップを展開している。ある日地球に宇宙人がやって来て、人間が生んだ文化を奪い去っていってしまう。そこにみさと名乗る不思議な少女が現れ――。大好きな原宿を守るため、三人の女の子が立ち上がる。,urahara.jpg,う
0,うらら迷路帖,J.C.STAFF,2017,"迷路町――そこは""うらら""と呼ばれる占師の町。うららになることを目指して国中から少女たちが集まってくる中、山育ちの女の子・千矢(ちや)もある思いを抱いて迷路町の門をくぐる―。果たして彼女を待ち受ける運命とは？占い乙女達の夢物語、ここに開幕です！",urara.jpg,う
0,浦和の調ちゃん,A-Real,2015,さいたま市の浦和地区を舞台にした、女子高生8人の日常を描いたオリジナルアニメ作品。調、常盤、南、桜、緑、子鹿、彩湖、美園の、個性豊かな8人の女子高生が巻き起こす、楽しくにぎやかな彼女らの学園生活が描かれていく。,urawano.jpg,う
0,AIR, 京都アニメーション,2005,大ヒットを記録した人気ゲーム｢AIR｣。その素晴らしいストーリーと音楽のハーモニーが織りなす世界観はそのままに、ゲーム版では創造しえなかった独自の演出を加えてアニメ化！DVDは驚異の売上を記録し、さらにアニメ作品としては異例の早さでブルーレイBOXが発売されるなど大人気の｢AIR｣をお届け！！,air.jpg,え
0,18if,GONZO,2017,そこは夢世界。欲望、希望、絶望が形を成した意識と無意識の狭間。いつも夢見る自分の部屋の中で、再び眠りにつこうとした月城遥人は、偶然にも他人の夢に紛れ込んでしまう。それは、この夢世界に心を囚われた魔女達の夢。現実を拒絶し、夢に逃げ、眠り続ける「眠り姫病」に陥った彼女達の夢の姿。魔女の夢世界に迷い込んだ遥人は出口の扉を探し、彼女達と出会い言葉を交わしていく。,18if.jpg,え
0,N・H・Kにようこそ!,GONZO,2006,ひきこもり歴4年の佐藤達広の前に立ちふさがるのは、悪の巨大組織N・H・K.(=日本・ひきこもり・協会)!?謎の美少女・中原岬ちゃんの協力で、なるか社会復帰!?青春を後ろむきに駆け抜ける驚愕の｢ノンストップひきこもりアクション｣今ここに開幕!!,nhk.jpg,え
0,ef - a tale of memories.,シャフト,2007,幼馴染の紘に恋心を抱く少女・景。だが、その紘は自由奔放な少女・みやこに振り回されていく…。景に興味を持った映画研究部員の京介。景の映画を撮るため、京介は彼女を追う…。建築家の父親を持つ蓮治。彼は駅のホームで景の双子の妹・千尋と出逢う…。音羽という街を舞台に少年少女たちが織り成すさまざまな恋物語。,ef.jpg,え
0,ef - a tale of melodies.,シャフト,2008,火村夕と久瀬修―――傷を背負った二人の男。音羽の恋人たちを見守り続けてきた火村。彼の心に去来する、かつて愛した女性・優子との喪われた日々……。病に侵され、夢を捨てた久瀬。天真爛漫な少女・ミズキとの出逢いが、彼の灰色の毎日を変えていく……。過去と現在、時間と場所が交錯し、美しくもせつないドラマの旋律（メロディー）が奏でられる。,ef2.jpg,え
0,衛宮さんちの今日のごはん,ufotable,2018,Fate×料理が織りなす美味しく優しい世界───そこは少し賑やかなどこにでもある食卓の光景。春も、夏も、秋も、冬も、衛宮さんちでは毎日美味しい料理がふるまわれる。さて今日は何を作ろうか,emiyasantino.jpg,え
0,えむえむっ！,XEBEC,2010,女性に罵倒されたり嗜虐されたりすると気持ち良くなってしまうという体質に目覚めてしまった砂戸太郎(ドM)。このままでは普通の恋なんてできるはずがない! この体質を治すため｢生徒たちの願いを叶えてくれる｣という第二ボランティア部を訪れるが、そこにいたのは自称・神を名乗る激しく勘違いな美少女・石動美緒(ドS)と、太郎がドMに目覚めるきっかけとなった結野嵐子(性格不明)だった--。女の子たちから次々に放たれる試練(快楽)の数々! がんばれ太郎! そこで喜んじゃダメなんだ!!,emuemu.jpg,え
0,エリアの騎士, シンエイ動画,2012,主人公・駆（かける）は自分の弱さに悩みつつも、ストライカー＝“エリアの騎士”に憧れていた。兄・傑（すぐる）は弟の天性を信じ、将来ワールドカップで駆に”ラストパス”をつなぐことを夢みていた。駆、傑、幼なじみの奈々、そしてサッカーを愛する個性豊かなチームメイトやライバルたちが、ひたむきに、サッカーという青春に向き合っていく群像劇。「エリアの騎士」は世代を超えて多くの人達の共感を呼ぶ、熱いサッカーアニメです。,erianokisi.jpg,え
0,エルドライブ,studioぴえろ,2017,この世界には、地球人の知らない数多くの宇宙人が存在する。宇宙の秩序と平和を守るため、日夜、悪と戦い続ける組織、それが“宇宙警察エルドライブ”である。地球で暮らす少年・九ノ瀬宙太には、物心ついたときから、ほかの誰にも聞こえない不思議な”声”が聞こえていた。そんな宙太がある日突然、宇宙警察エルドライブ・太陽系方面署の署員としてスカウトされる。採用試験を受けることにした宙太は、その最中、初めて“声”の主と対面することになるのだが、その声の主とは、“共生体（モニタリアン）”といわれる珍しい生命体。宙太はこのモニタリアンと協力して共生技を発動できる特殊な存在だった。採用試験に合格した宙太は、相棒のモニタリアン“ドルー”とともに、太陽系方面署の署長レイン・ブリックのもと、同僚の其方美鈴や仲間たちとともに、エルドライブ署員として働くことになる。,erudrive.jpg,え
0,エロマンガ先生,A-1 Pictures,2017,高校生兼ラノベ作家の和泉正宗には、引きこもりの妹がいる。和泉紗霧。一年前に妹になった彼女は、全く部屋から出てこない。そんなある日、衝撃の事実が正宗を襲う。 彼の小説のイラストを描いてくれているイラストレーター『エロマンガ先生』、その正体が、なんと妹の紗霧だったのだ！ 一つ屋根の下でずっと引きこもっている可愛い妹が、いかがわしいPNで、えっちなイラストを描いていたなんて!?,eromanga.jpg,え
0,炎炎ノ消防隊,david production,2019,全人類は怯えていた―――。何の変哲もない人が突如燃え出し、炎を操る怪物“?ビト”となって、破壊の限りを尽くす“人体発火現象”。炎の恐怖に立ち向かう特殊消防隊は、現象の謎を解明し、人類を救うことが使命！とある理由から“悪魔”と呼ばれる、新入隊員の少年・シンラは、“ヒーロー”を目指し、仲間たちと共に、“?ビト”との戦いの日々に身を投じる！！,enen.jpg,え
0,炎炎ノ消防隊 弐ノ章,david production,2020,"この「国」は、何かを隠しているー。""地下(ネザー)""での激戦を終え、シンラたちは「伝導者」の野望を知る。その目的は、特殊な炎「アドラバースト」の使い手を集めて弐佰伍拾年前の大災害を再び起こし、世界を滅ぼすことだった。自らもアドラバーストを持つシンラは、伝導者に追われる身ながら、その策略を潰すべく奔走を続ける。新たなアドラバーストを持つ少女との出会い、そして、ひた隠しにされてきた皇国の要たる天照<アマテラス>の大いなる秘密。炎に狂わされ、炎に導かれし少年は、一歩ずつ、真実へと近づいていく。",enen2.jpg,え
0,エンジェル・ハート,トムス・エンタテインメント,2005,台湾の黒社会組織の殺人兵器として養成された少女グラス・ハート。彼女は自殺を図るが、シティーハンターのパートナー、香の心臓を移植され一命を取りとめる。蘇ったグラス・ハートは組織を抜け出し、香の記憶に導かれるように新宿のリョウの元へ。やがて二人は香の心臓という絆で強く結ばれた、父と娘としての生活を送り始めるのだった。,engelheart.jpg,え
0,Angel Beats!,P.A.WORKS,2010,舞台は死後の世界　運命に立ち向かう少年少女たちの物語　なんらかの理由で最後を遂げた少年・音無は、死後の世界の学校で、ゆりと名乗る少女と出会う。彼女は神に反逆する「死んだ世界戦線」のリーダーで、天使と日夜激戦を繰り広げていた。そして、立ちはだかるは神の使い・天使。それは、可憐なひとりの少女だった。生前の記憶が無く、この死後の世界で何が起きているのかも分からず戸惑う音無。彼は、ゆりたちと共に戦う道を選ぶことにしたのだが…。,engelbeats.jpg,え
0,エンドライド,Brain’s・Base,2016,15歳の少年・浅永瞬は、前向きで明るい性格の普通の中学生。ある日、科学者かつ実業家の父の会社で不思議な水晶を見つけるがその水晶に触れた瞬間、突然世界が歪み地球の裏側の世界＜エンドラ＞へと吸い込まれてしまう。一方、エンドラの城で16歳の誕生日を迎えた王子・エミリオは現在の王・デルザインを強く憎んでいた。王位を継げる年齢になったことで、武器を持ち、いよいよ復讐を果たそうとするが力の差が大きいために全く歯が立たない。デルザインに捕まって投獄され、悲嘆に暮れるエミリオ。しかし突然牢獄の壁が歪み、そこに瞬が現れる。ひとりは元の世界へ帰るため、ひとりは復讐を成し遂げるため、＜エンドラ＞で生きる少年たち。違う世界で育った2人の少年が掴む未来とは・・・。,endride.jpg,え
0,えんどろ～！,Studio五組,2019,人々とモンスターが共存して暮らす剣と魔法の大陸「ナラル島」。そこには恐ろしい「魔王」が存在していました。はるかはるかの大昔、ナラル島に現れた魔王を倒した初代勇者――それからも、様々な時代で何度も何度も魔王は蘇り、同時にそれに対抗する勇者もまた現れ…。少女たちは、いつの日か出ずる魔王を倒すべく冒険者学校へ通います。ちょっと抜けているけど勇者体質の、ユーシャ。生真面目ゆえに苦労が絶えないエルフの聖者、セイラ。食べることが大好きで明るい戦士、ファイ。物静かなヲタク魔法使いの、メイ。勇者パーティーを目指す４人の、いつまでたっても魔王をたおす様子のないゆる～いファンタジーライフがはじまります。,endro.jpg,え
0,AKB0048,サテライト,2012,21世紀初頭、惑星間航行技術を巡って世界大戦が勃発。宇宙へ生活の場を移した人類の新たな歴史、それは｢星暦00年｣をもってスタートする。間もなくして、深銀河貿易機構(D.G.T.O)の支配・統制により、 “芸能”や“歌”が“人のココロを乱すモノ”として規制される“芸能禁止法”が成立。かつて“アイドル”と呼ばれた存在は絶滅したかに思えた。だが、そんな時代に復活したアイドルグループがあった。その名は、｢AKB0048｣。彼女たちの｢奇跡のライブ｣は、夢を失いかけた人々に未来への希望の光を与え続けていく!,akb0048.jpg,え
0,AKB0048 nextstage,サテライト,2013,21世紀初頭、惑星間航行技術を巡って世界大戦が勃発。宇宙へ生活の場を移した人類の新たな歴史、それは｢星暦00年｣をもってスタートする。間もなくして、深銀河貿易機構(D.G.T.O)の支配・統制により、 “芸能”や“歌”が“人のココロを乱すモノ”として規制される“芸能禁止法”が成立。かつて“アイドル”と呼ばれた存在は絶滅したかに思えた。だが、そんな時代に復活したアイドルグループがあった。その名は、｢AKB0048｣。彼女たちの｢奇跡のライブ｣は、夢を失いかけた人々に未来への希望の光を与え続けていく！,akb00482.jpg,え
0,Aチャンネル,Studio五組,2011,大好きな先輩、るんとの高校生活を夢見て、見事同じ高校へ入学を果たしたトオル。しかし高校で彼女を待っていたのは、るんとの甘い（?!）日々ではなかった！ スーパー天然娘なるん、るんが大好きなトオル、冷静な（？）ツッコミ役のナギ、 怖がりでいじられ役のユー子のゆるゆるとしたハイスクールライフが始まる…！,achannel.jpg,え
0,Aチャンネル＋smile,Studio五組,2011,女子高生4人のユルかわライフ、アニメ「Aチャンネル」新作OVA！ほんわかゆるゆる4人組、だけどギャグの切れ味は超抜群。可愛い絵柄とハイセンスギャグが大評判、芳文社 月刊「まんがタイムきららキャラット」掲載の黒田bb原作の四コマ「Aチャンネル」。2011年4月にTVアニメ化された本作が、なんと新作OVAになって帰ってきます！,achannel2.jpg,え
0,王様ゲーム The Animation,セブン,2017,遠く離れた高校に転校してきた金沢伸明は、前の学校で経験したある出来事が原因で、クラスメイト達と親しくなることを恐れ、心を閉ざしていたが、体育祭でのクラス対抗リレーをきっかけに打ち解けはじめていた。そんな中、クラスメイト全員の携帯に「王様」と名乗るモノからの一通のメールが届く。単なるいたずらだと思って真面目に受け止めないクラスメイト達だったが、その意味を知る伸明だけは、これから始まる「死」のゲームに立ち向かおうと葛藤するのだった…。,ousamagame.jpg,お
0,桜蘭高校ホスト部,ボンズ,2006,超お金持ちのご令息・ご令嬢が通う名門校・桜蘭学院高校に、奨学特待生として入学した庶民の藤岡ハルヒ。母を亡くし男手ひとつで育てられたハルヒは、おしゃれに興味がなく、何事にも無頓着で男の子のような格好で学校に通っていた。ある日、ハルヒは、ホスト部の部室に迷い込み、部室内の800万円の花瓶を割ってしまう。部員からその代金を請求されるが、庶民のハルヒは払えるわけがない・・。ところが、ホスト部部長・環は「100人の指名客を集められたら800万円はチャラにしてやる」と宣言。こうしてハルヒは、7人目のホスト部員として、女生徒たちを接待することになる。,ourankoukou.jpg,お
0,狼と香辛料,IMAGIN,2008,馬車で各地を巡り、数々の物品を取り引きする行商人クラフト・ロレンスは、収穫祭に沸くパスロエの村を発つ道すがら、荷台に積んだ麦束に埋もれて眠る少女を見つける。少女は狼の耳と尻尾を有した美しい顔立ちで、自らを豊作を司る神“ホロ”だと名乗った。｢わっちは神と呼ばれていたがよ。わっちゃあホロ以外の何者でもない｣老獪ともとれる話術を巧みに操るホロに翻弄されるロレンス。ホロが本当に豊穣の狼神なのか疑いつつも、北の故郷へ帰りたいという彼女の言葉に絆され、ロレンスは共に旅することを了承する。そんな二人旅に思いがけない儲け話が持ち掛けられる。近い将来、ある国の銀貨が値上がりするというのだ。その儲け話のカラクリを探るべく、ロレンスは話に乗って事件へと巻き込まれていく。,ookamitokousinryou.jpg,お
0,大家さんは思春期！,セブン・アークス・ピクチャーズ,2016,就職を機に6畳風呂なしのアパートで一人暮らしを始めた前田さんと、そのアパートの女子中学生・大家さんとの日常を描くピュアほっこりな半同居コメディ。,ooyasan.jpg,お
0,おおきく振りかぶって,A-1 Picture,2007,三橋廉は、すぐメソメソと泣いてしまう性格の野球少年。ポジションはピッチャー。彼は中学時代、“学園の経営者の孫”という理由でエースになっていた。そのくせ、3年間マウンドを誰にもゆずらなかった事でチームメイトに嫌われ、野球部は負け続けた。その罪悪感から、彼は完全に自信を失ってしまっていた。やがて中学を卒業した三橋は、エスカレーター式の三星学園ではなく、野球をやめる覚悟で西浦高校へ入学するが、その足はまっすぐに野球部のグラウンドへ向かっていた。,ookikuhurikabutte.jpg,お
0,Occultic;Nine -オカルティック・ナイン-,A-1 Pictures,2016,我聞悠太は高校2年生。一攫千金狙いのオカルト板まとめ系アフィブログ“キリキリバサラ”を運営し、世に数多存在する超常現象を科学的に｢バッサリと斬り斬りしちゃう！｣べく、日夜オカルトに挑んでいた。ところが、そんな彼のブログをきっかけに、徹底的にマニアックでおかしな同志たちが大集結。自己矛盾型自称救世主　神癒霊能媒介者　全否定型超理論派大学生　萌え系占い大先生　死後の世界案内人　未来予知型同人漫画家姉さん　黒魔術代行屋　リア充系雑誌記者　残念系コスプレオタク刑事　出会うはずのなかった彼らの運命が不思議と交差してしまう。そして、彼らの周囲で巻き起こり始める、小さな小さな“違和感”の数々。それらは次第に大きなうねりとなり、やがて想像を絶する大事件へと発展していく──,okarutikku.jpg,お
0,おそ松さん,studioぴえろ,2015,古き良き昭和の時代―。日本中を沸かせた名作ギャグ漫画「おそ松くん」。 そしてその昭和の最後を華々しく飾った前作アニメ。それから時は流れ、現代。街並みも、ライフスタイルも変わった今、あの６つ子たちも、ひそかに成長を遂げて帰ってきた！あの頃と同じ家に住み、大人になってもマイペースに生きる、おそ松達。はたして、イヤミやチビ太、トト子にハタ坊、ダヨーン、デカパンなど個性豊かなキャラクター達の現在の姿は…？！赤塚不二夫生誕80周年という記念の年に、TVアニメ「おそ松さん」としてよみがえる伝説的作品。その約束された問題作が、今再び幕を開ける！,osomatu.jpg,お
0,ヲタクに恋は難しい,A-1 Pictures,2018,2014年4月、イラストSNS・pixivに投稿された、ふじたによるマンガ『ヲタクに恋は難しい』。隠れ腐女子のOL・成海と、重度のゲームヲタク・宏嵩。そんなふたりの恋愛は、ヲタクなら思わずクスッとする笑いあり、そうじゃない人もキュンキュンするシチュエーションあり。ヲタクの恋愛をポジティブに描写した新しいラブコメが読者の心を掴み、pixiv内オリジナルマンガ作品でのブックマーク数歴代1位を記録。同年創設された「次にくるマンガ大賞」では“本にしてほしいWebマンガ部門”1位を受賞。翌2015年4月に書籍化が実現し、同年12月に発表された「このマンガがすごい！2016」では“オンナ編”1位を獲得するなど、ファンの応援とともに展開を広げてきた「ヲタ恋」。シリーズ5巻発売時点のコミックス累計発行部数は、550万部を突破！ここまで応援していただいたファンの皆さまのおかげを持ちまして・・・！TVアニメ『ヲタクに恋は難しい』2018年4月、放送開始！,otakunikoi.jpg,お
0,おとなの防具屋さん,IMAGICA Lab.,2018,青年・カウツは大量のスライムに追われているところを、謎の美少女・リリエッタに助けられる。リリエッタの落とし物を届けようと町の中を探すカウツは、運よく彼女の働く防具屋を見つけるが …。 そこで目にした光景とは…？ 旅の冒険者たち。ようこそ、おとなの防具屋さんへ。,otonano.jpg,お
0,乙女ゲームの破滅フラグしかない悪役令嬢に転生してしまった…,SILVER LINK.,2020,公爵令嬢、カタリナ・クラエスは、頭を石にぶつけた拍子に前世の記憶を取り戻す。ここが前世で夢中になっていた乙女ゲーム『FORTUNE LOVER』の世界であり、自分がゲームの主人公の恋路を邪魔する悪役令嬢であることを！ゲームでカタリナに用意されている結末は、ハッピーエンドで国外追放バッドエンドで殺されてしまう…そんな破滅フラグはなんとしても回避して、幸せな未来を掴み取ってみせる!!勘違い？人たらしラブコメディの幕が上がる。,otomegame.jpg,お
0,お兄ちゃんだけど愛さえあれば関係ないよねっ,SILVER LINK.,2012,この作品は『とある事情でしばらく離れ離れになっていたものの、ゆえあって再び一つ屋根の下で暮らすようになったふたりの兄妹が、特に波乱もない平和な日常をのんべんだらりと送っていく様子を、これといった起承転結もなくつづっていくだけの単調な物語』のはずだったが…、主人公・姫小路秋人が6年ぶりに再会した双子の妹・姫小路秋子は極度のブラコンになっており、兄に対して恋愛感情を抱いてしまっていた。 更に転校先の聖リリアナ学園では、生徒会長の二階堂嵐、生徒会副会長の那須原アナスタシア、秋人の友人で京都から追っかけてきた猿渡銀兵衛春臣と、一癖も二癖もあるメンバーも集まり、気付いたらみんな一つ屋根の下で暮らすことに…。 秋人の望んでいた『平凡な日々』はあらぬ方向に進んで行ってしまうことになるのであった。,oniichandakedo.jpg,お
0,俺の妹がこんなに可愛いわけがない,AIC Build,2010,ごく普通な男子高校生・高坂京介は、数年前から妹・桐乃とはろくに挨拶もかわさないという冷え切った関係になっていた。ところがある日、京介が萌えアニメのDVDケースが玄関に落ちているのを発見したことから事態は急変する。興味に駆られた京介が持ち主を探すと、それは人生勝ち組でリア充な妹・桐乃のものだったのだ。意外な事態に驚く京介だが、それから数日後のある晩さらに驚く出来事が起こる。ほとんど無視に近い態度をとっていた桐乃が突如として京介の部屋に押しかけて来て｢人生相談がある｣と言うのだ。その内容とは…,orenoimoutoga.jpg,お
0,俺の彼女と幼なじみが修羅場すぎる,A-1 Pictures,2013,主人公・季堂鋭太は成績優秀で恋愛アンチな高校一年生。妹みたいな幼なじみ・春咲千和と普通の高校生活を過ごしていたが、ある日校内一の美人と評判の帰国子女・夏川真涼から告白されてしまう。しかしその真意は、周囲の目をごまかすための偽装カップルを演じることだった。真涼にある“秘密”を握られてしまった鋭太は無理矢理“彼氏”を演じることに……。さらに“元カノ”の秋篠姫香や、“婚約者”冬海愛衣も加わり、鋭太をめぐる壮絶な『修羅場』が幕を開ける!!,orenokanojoto.jpg,お
0,俺物語!!,マッドハウス,2015,剛田猛男(ごうだたけお)は高校1年生。身長2m・体重120kg(いずれも推定)。真っ直ぐで不器用で鈍感な猛男は、女子からはモテないけど、男子からは超モテモテ!今まで好きになった子は、いつも幼馴染みで超イケメンの親友・砂川誠(すなかわまこと)の方を好きになってしまう。ある朝、猛男と砂川は通学電車の中で、痴漢に遭っていた女子高生・大和凛子(やまとりんこ)を救う。大和に一目惚れした猛男だけど・・・。,oremonogatari.jpg,お
0,俺を好きなのはお前だけかよ,CONNECT,2019,ここで質問。もしも、気になる子からデートに誘われたらどうする？しかもお相手は一人じゃなく、クール系美人・コスモス先輩と可愛い系幼なじみ・ひまわりの二大美少女!!もちろん、意気揚々と待ち合わせに向かうよね。そしてそこで告げられた『想い』とは―――。……「俺じゃないヤツが好き」っていう『恋愛相談』だった。ハハハ。……やめだ！やめやめ！『鈍感系無害キャラ』から、つい本来の俺に戻ってしまった。でも、俺はここでへこたれない。恋愛相談に乗れば、俺を好きになってくれるかもしれないからな！そんな俺の悲しい孤軍奮闘っぷりを、傍で見つめる少女がいた。三つ編みメガネの陰気な少女・パンジーこと三色院董子。俺はコイツが嫌いです。なのに……俺を好きなのはお前だけかよ！！鈍感クール系巻き込まれ型主人公（？）と個性的な華々しいガールズの学園青春イチャラブ（？）コメディー、ここに始まる！？,orewosukinanoha.jpg,お
0,終わりのセラフ,WIT STUDIO,2015,ある日突然、未知のウイルスにより世界は滅びた。生き残ったのは子供だけ。そして、その子供たちは地の底より現れた、吸血鬼たちに支配された。百夜優一郎は、家族同然の絆を持つ百夜ミカエラら孤児たちと、吸血鬼に血を捧げることで生きていた。家畜同然の扱いに耐えかねた優一郎は、ミカエラや幼い孤児たちと共に、外の世界へと脱出を図るが……。時は４年後。百夜優一郎は日本帝鬼軍の吸血鬼殲滅部隊「月鬼ノ組」に入隊。恐るべき吸血鬼たちとの戦いに、その身を投じていく…！！,owarinoserahu.jpg,お
0,終物語,シャフト,2015,高校三年の十月、阿良々木暦は神原駿河から、転校してきた一年生の忍野扇を紹介される。暦に相談があるという扇。直江津高校の図面を作成したところ不思議なことがあると言い出した。それをきっかけに、暦の高校生活を決定付けた、このまま語られるはずのなかった物語が明らかになる……。これは、阿良々木暦が「何」でできているかを知る物語。これは、すべての「始まり」を知る物語。,owarimonogatari.jpg,お
0,オーバーロード,マッドハウス,2015,時は2138年。一大ブームを巻き起こした仮想現実体感型オンラインゲーム《ユグドラシル》はサービス終了を迎えようとしていた。プレイヤーであるモモンガも仲間と栄華を誇ったギルドで一人静かにその時を待っていた。しかし、終了時間を過ぎてもログアウトしないゲーム。突如として意思を持ち始めたNPCたち。ギルドの外には見たこともない異世界が広がっていた。現実世界ではゲーム好きの孤独で冴えない青年が、骸骨の姿をした最強の大魔法使いとなる！世界を掌中におさめる死の支配者、ここに光臨！！,overload.jpg,お
